--
-- PostgreSQL database dump
--

-- Dumped from database version 15.8 (Ubuntu 15.8-1.pgdg22.04+1)
-- Dumped by pg_dump version 15.3

-- Started on 2024-11-20 10:51:42

SET statement_timeout = 0;
SET lock_timeout = 0;
SET idle_in_transaction_session_timeout = 0;
SET client_encoding = 'UTF8';
SET standard_conforming_strings = on;
SELECT pg_catalog.set_config('search_path', '', false);
SET check_function_bodies = false;
SET xmloption = content;
SET client_min_messages = warning;
SET row_security = off;

--
-- TOC entry 4 (class 2615 OID 2200)
-- Name: public; Type: SCHEMA; Schema: -; Owner: pg_database_owner
--



ALTER SCHEMA public OWNER TO pg_database_owner;

--
-- TOC entry 3821 (class 0 OID 0)
-- Dependencies: 4
-- Name: SCHEMA public; Type: COMMENT; Schema: -; Owner: pg_database_owner
--

COMMENT ON SCHEMA public IS 'standard public schema';


SET default_tablespace = '';

SET default_table_access_method = heap;

--
-- TOC entry 221 (class 1259 OID 17257)
-- Name: auth_group; Type: TABLE; Schema: public; Owner: postgres
--

CREATE TABLE public.auth_group (
    id integer NOT NULL,
    name character varying(150) NOT NULL
);


ALTER TABLE public.auth_group OWNER TO postgres;

--
-- TOC entry 220 (class 1259 OID 17256)
-- Name: auth_group_id_seq; Type: SEQUENCE; Schema: public; Owner: postgres
--

ALTER TABLE public.auth_group ALTER COLUMN id ADD GENERATED BY DEFAULT AS IDENTITY (
    SEQUENCE NAME public.auth_group_id_seq
    START WITH 1
    INCREMENT BY 1
    NO MINVALUE
    NO MAXVALUE
    CACHE 1
);


--
-- TOC entry 223 (class 1259 OID 17265)
-- Name: auth_group_permissions; Type: TABLE; Schema: public; Owner: postgres
--

CREATE TABLE public.auth_group_permissions (
    id bigint NOT NULL,
    group_id integer NOT NULL,
    permission_id integer NOT NULL
);


ALTER TABLE public.auth_group_permissions OWNER TO postgres;

--
-- TOC entry 222 (class 1259 OID 17264)
-- Name: auth_group_permissions_id_seq; Type: SEQUENCE; Schema: public; Owner: postgres
--

ALTER TABLE public.auth_group_permissions ALTER COLUMN id ADD GENERATED BY DEFAULT AS IDENTITY (
    SEQUENCE NAME public.auth_group_permissions_id_seq
    START WITH 1
    INCREMENT BY 1
    NO MINVALUE
    NO MAXVALUE
    CACHE 1
);


--
-- TOC entry 219 (class 1259 OID 17251)
-- Name: auth_permission; Type: TABLE; Schema: public; Owner: postgres
--

CREATE TABLE public.auth_permission (
    id integer NOT NULL,
    name character varying(255) NOT NULL,
    content_type_id integer NOT NULL,
    codename character varying(100) NOT NULL
);


ALTER TABLE public.auth_permission OWNER TO postgres;

--
-- TOC entry 218 (class 1259 OID 17250)
-- Name: auth_permission_id_seq; Type: SEQUENCE; Schema: public; Owner: postgres
--

ALTER TABLE public.auth_permission ALTER COLUMN id ADD GENERATED BY DEFAULT AS IDENTITY (
    SEQUENCE NAME public.auth_permission_id_seq
    START WITH 1
    INCREMENT BY 1
    NO MINVALUE
    NO MAXVALUE
    CACHE 1
);


--
-- TOC entry 225 (class 1259 OID 17271)
-- Name: auth_user; Type: TABLE; Schema: public; Owner: postgres
--

CREATE TABLE public.auth_user (
    id integer NOT NULL,
    password character varying(128) NOT NULL,
    last_login timestamp with time zone,
    is_superuser boolean NOT NULL,
    username character varying(150) NOT NULL,
    first_name character varying(150) NOT NULL,
    last_name character varying(150) NOT NULL,
    email character varying(254) NOT NULL,
    is_staff boolean NOT NULL,
    is_active boolean NOT NULL,
    date_joined timestamp with time zone NOT NULL
);


ALTER TABLE public.auth_user OWNER TO postgres;

--
-- TOC entry 227 (class 1259 OID 17279)
-- Name: auth_user_groups; Type: TABLE; Schema: public; Owner: postgres
--

CREATE TABLE public.auth_user_groups (
    id bigint NOT NULL,
    user_id integer NOT NULL,
    group_id integer NOT NULL
);


ALTER TABLE public.auth_user_groups OWNER TO postgres;

--
-- TOC entry 226 (class 1259 OID 17278)
-- Name: auth_user_groups_id_seq; Type: SEQUENCE; Schema: public; Owner: postgres
--

ALTER TABLE public.auth_user_groups ALTER COLUMN id ADD GENERATED BY DEFAULT AS IDENTITY (
    SEQUENCE NAME public.auth_user_groups_id_seq
    START WITH 1
    INCREMENT BY 1
    NO MINVALUE
    NO MAXVALUE
    CACHE 1
);


--
-- TOC entry 224 (class 1259 OID 17270)
-- Name: auth_user_id_seq; Type: SEQUENCE; Schema: public; Owner: postgres
--

ALTER TABLE public.auth_user ALTER COLUMN id ADD GENERATED BY DEFAULT AS IDENTITY (
    SEQUENCE NAME public.auth_user_id_seq
    START WITH 1
    INCREMENT BY 1
    NO MINVALUE
    NO MAXVALUE
    CACHE 1
);


--
-- TOC entry 229 (class 1259 OID 17285)
-- Name: auth_user_user_permissions; Type: TABLE; Schema: public; Owner: postgres
--

CREATE TABLE public.auth_user_user_permissions (
    id bigint NOT NULL,
    user_id integer NOT NULL,
    permission_id integer NOT NULL
);


ALTER TABLE public.auth_user_user_permissions OWNER TO postgres;

--
-- TOC entry 228 (class 1259 OID 17284)
-- Name: auth_user_user_permissions_id_seq; Type: SEQUENCE; Schema: public; Owner: postgres
--

ALTER TABLE public.auth_user_user_permissions ALTER COLUMN id ADD GENERATED BY DEFAULT AS IDENTITY (
    SEQUENCE NAME public.auth_user_user_permissions_id_seq
    START WITH 1
    INCREMENT BY 1
    NO MINVALUE
    NO MAXVALUE
    CACHE 1
);


--
-- TOC entry 231 (class 1259 OID 17343)
-- Name: django_admin_log; Type: TABLE; Schema: public; Owner: postgres
--

CREATE TABLE public.django_admin_log (
    id integer NOT NULL,
    action_time timestamp with time zone NOT NULL,
    object_id text,
    object_repr character varying(200) NOT NULL,
    action_flag smallint NOT NULL,
    change_message text NOT NULL,
    content_type_id integer,
    user_id integer NOT NULL,
    CONSTRAINT django_admin_log_action_flag_check CHECK ((action_flag >= 0))
);


ALTER TABLE public.django_admin_log OWNER TO postgres;

--
-- TOC entry 230 (class 1259 OID 17342)
-- Name: django_admin_log_id_seq; Type: SEQUENCE; Schema: public; Owner: postgres
--

ALTER TABLE public.django_admin_log ALTER COLUMN id ADD GENERATED BY DEFAULT AS IDENTITY (
    SEQUENCE NAME public.django_admin_log_id_seq
    START WITH 1
    INCREMENT BY 1
    NO MINVALUE
    NO MAXVALUE
    CACHE 1
);


--
-- TOC entry 217 (class 1259 OID 17243)
-- Name: django_content_type; Type: TABLE; Schema: public; Owner: postgres
--

CREATE TABLE public.django_content_type (
    id integer NOT NULL,
    app_label character varying(100) NOT NULL,
    model character varying(100) NOT NULL
);


ALTER TABLE public.django_content_type OWNER TO postgres;

--
-- TOC entry 216 (class 1259 OID 17242)
-- Name: django_content_type_id_seq; Type: SEQUENCE; Schema: public; Owner: postgres
--

ALTER TABLE public.django_content_type ALTER COLUMN id ADD GENERATED BY DEFAULT AS IDENTITY (
    SEQUENCE NAME public.django_content_type_id_seq
    START WITH 1
    INCREMENT BY 1
    NO MINVALUE
    NO MAXVALUE
    CACHE 1
);


--
-- TOC entry 215 (class 1259 OID 17235)
-- Name: django_migrations; Type: TABLE; Schema: public; Owner: postgres
--

CREATE TABLE public.django_migrations (
    id bigint NOT NULL,
    app character varying(255) NOT NULL,
    name character varying(255) NOT NULL,
    applied timestamp with time zone NOT NULL
);


ALTER TABLE public.django_migrations OWNER TO postgres;

--
-- TOC entry 214 (class 1259 OID 17234)
-- Name: django_migrations_id_seq; Type: SEQUENCE; Schema: public; Owner: postgres
--

ALTER TABLE public.django_migrations ALTER COLUMN id ADD GENERATED BY DEFAULT AS IDENTITY (
    SEQUENCE NAME public.django_migrations_id_seq
    START WITH 1
    INCREMENT BY 1
    NO MINVALUE
    NO MAXVALUE
    CACHE 1
);


--
-- TOC entry 232 (class 1259 OID 17395)
-- Name: django_session; Type: TABLE; Schema: public; Owner: postgres
--

CREATE TABLE public.django_session (
    session_key character varying(40) NOT NULL,
    session_data text NOT NULL,
    expire_date timestamp with time zone NOT NULL
);


ALTER TABLE public.django_session OWNER TO postgres;

--
-- TOC entry 254 (class 1259 OID 18093)
-- Name: equipments_cnfequipment; Type: TABLE; Schema: public; Owner: postgres
--

CREATE TABLE public.equipments_cnfequipment (
    id bigint NOT NULL,
    created_at timestamp with time zone NOT NULL,
    d_last_edit timestamp with time zone NOT NULL,
    n_equipment_index integer NOT NULL,
    c_name_equipment character varying(64) NOT NULL,
    c_desc_equipment character varying(2000),
    c_name_section character varying(64),
    c_name_position character varying(64),
    c_num_position character varying(16),
    c_user_edit_id integer,
    n_controller_id bigint,
    n_type_id_id bigint,
    b_masked boolean NOT NULL
);


ALTER TABLE public.equipments_cnfequipment OWNER TO postgres;

--
-- TOC entry 253 (class 1259 OID 18092)
-- Name: equipments_cnfequipment_id_seq; Type: SEQUENCE; Schema: public; Owner: postgres
--

ALTER TABLE public.equipments_cnfequipment ALTER COLUMN id ADD GENERATED BY DEFAULT AS IDENTITY (
    SEQUENCE NAME public.equipments_cnfequipment_id_seq
    START WITH 1
    INCREMENT BY 1
    NO MINVALUE
    NO MAXVALUE
    CACHE 1
);


--
-- TOC entry 266 (class 1259 OID 18186)
-- Name: equipments_cnfequipmentlinkedequipment; Type: TABLE; Schema: public; Owner: postgres
--

CREATE TABLE public.equipments_cnfequipmentlinkedequipment (
    id bigint NOT NULL,
    n_timer double precision NOT NULL,
    n_equipment_id bigint NOT NULL,
    n_role_id bigint,
    n_equipment_link_id bigint,
    b_masked boolean NOT NULL
);


ALTER TABLE public.equipments_cnfequipmentlinkedequipment OWNER TO postgres;

--
-- TOC entry 265 (class 1259 OID 18185)
-- Name: equipments_cnfequipmentlinkedequipment_id_seq; Type: SEQUENCE; Schema: public; Owner: postgres
--

ALTER TABLE public.equipments_cnfequipmentlinkedequipment ALTER COLUMN id ADD GENERATED BY DEFAULT AS IDENTITY (
    SEQUENCE NAME public.equipments_cnfequipmentlinkedequipment_id_seq
    START WITH 1
    INCREMENT BY 1
    NO MINVALUE
    NO MAXVALUE
    CACHE 1
);


--
-- TOC entry 272 (class 1259 OID 26195)
-- Name: equipments_cnfequipmentlinkedpidvariable; Type: TABLE; Schema: public; Owner: postgres
--

CREATE TABLE public.equipments_cnfequipmentlinkedpidvariable (
    id bigint NOT NULL,
    n_timer double precision NOT NULL,
    n_equipment_id bigint NOT NULL,
    n_role_id bigint,
    n_variable_link_id bigint,
    b_masked boolean NOT NULL
);


ALTER TABLE public.equipments_cnfequipmentlinkedpidvariable OWNER TO postgres;

--
-- TOC entry 271 (class 1259 OID 26194)
-- Name: equipments_cnfequipmentlinkedpidvariable_id_seq; Type: SEQUENCE; Schema: public; Owner: postgres
--

ALTER TABLE public.equipments_cnfequipmentlinkedpidvariable ALTER COLUMN id ADD GENERATED BY DEFAULT AS IDENTITY (
    SEQUENCE NAME public.equipments_cnfequipmentlinkedpidvariable_id_seq
    START WITH 1
    INCREMENT BY 1
    NO MINVALUE
    NO MAXVALUE
    CACHE 1
);


--
-- TOC entry 264 (class 1259 OID 18162)
-- Name: equipments_cnfequipmentlinkedvariable; Type: TABLE; Schema: public; Owner: postgres
--

CREATE TABLE public.equipments_cnfequipmentlinkedvariable (
    id bigint NOT NULL,
    n_timer double precision NOT NULL,
    n_equipment_id bigint NOT NULL,
    n_role_id bigint,
    n_variable_id bigint,
    b_masked boolean NOT NULL
);


ALTER TABLE public.equipments_cnfequipmentlinkedvariable OWNER TO postgres;

--
-- TOC entry 263 (class 1259 OID 18161)
-- Name: equipments_cnfequipmentlinkedvariable_id_seq; Type: SEQUENCE; Schema: public; Owner: postgres
--

ALTER TABLE public.equipments_cnfequipmentlinkedvariable ALTER COLUMN id ADD GENERATED BY DEFAULT AS IDENTITY (
    SEQUENCE NAME public.equipments_cnfequipmentlinkedvariable_id_seq
    START WITH 1
    INCREMENT BY 1
    NO MINVALUE
    NO MAXVALUE
    CACHE 1
);


--
-- TOC entry 268 (class 1259 OID 18227)
-- Name: equipments_cnfequipmentlinkedword; Type: TABLE; Schema: public; Owner: postgres
--

CREATE TABLE public.equipments_cnfequipmentlinkedword (
    id bigint NOT NULL,
    n_bit smallint NOT NULL,
    n_word_type smallint NOT NULL,
    n_equipment_id bigint NOT NULL,
    n_role_id bigint,
    n_variable_id bigint
);


ALTER TABLE public.equipments_cnfequipmentlinkedword OWNER TO postgres;

--
-- TOC entry 267 (class 1259 OID 18226)
-- Name: equipments_cnfequipmentlinkedword_id_seq; Type: SEQUENCE; Schema: public; Owner: postgres
--

ALTER TABLE public.equipments_cnfequipmentlinkedword ALTER COLUMN id ADD GENERATED BY DEFAULT AS IDENTITY (
    SEQUENCE NAME public.equipments_cnfequipmentlinkedword_id_seq
    START WITH 1
    INCREMENT BY 1
    NO MINVALUE
    NO MAXVALUE
    CACHE 1
);


--
-- TOC entry 270 (class 1259 OID 26185)
-- Name: equipments_cnfequipmentpidvariablerole; Type: TABLE; Schema: public; Owner: postgres
--

CREATE TABLE public.equipments_cnfequipmentpidvariablerole (
    id bigint NOT NULL,
    n_role_index integer NOT NULL,
    c_role_name character varying(128),
    c_role_desc character varying(512) NOT NULL
);


ALTER TABLE public.equipments_cnfequipmentpidvariablerole OWNER TO postgres;

--
-- TOC entry 269 (class 1259 OID 26184)
-- Name: equipments_cnfequipmentpidvariablerole_id_seq; Type: SEQUENCE; Schema: public; Owner: postgres
--

ALTER TABLE public.equipments_cnfequipmentpidvariablerole ALTER COLUMN id ADD GENERATED BY DEFAULT AS IDENTITY (
    SEQUENCE NAME public.equipments_cnfequipmentpidvariablerole_id_seq
    START WITH 1
    INCREMENT BY 1
    NO MINVALUE
    NO MAXVALUE
    CACHE 1
);


--
-- TOC entry 260 (class 1259 OID 18146)
-- Name: equipments_cnfequipmentrole; Type: TABLE; Schema: public; Owner: postgres
--

CREATE TABLE public.equipments_cnfequipmentrole (
    id bigint NOT NULL,
    n_role_index integer NOT NULL,
    c_role_desc character varying(512) NOT NULL,
    c_role_name character varying(128)
);


ALTER TABLE public.equipments_cnfequipmentrole OWNER TO postgres;

--
-- TOC entry 259 (class 1259 OID 18145)
-- Name: equipments_cnfequipmentrole_id_seq; Type: SEQUENCE; Schema: public; Owner: postgres
--

ALTER TABLE public.equipments_cnfequipmentrole ALTER COLUMN id ADD GENERATED BY DEFAULT AS IDENTITY (
    SEQUENCE NAME public.equipments_cnfequipmentrole_id_seq
    START WITH 1
    INCREMENT BY 1
    NO MINVALUE
    NO MAXVALUE
    CACHE 1
);


--
-- TOC entry 256 (class 1259 OID 18101)
-- Name: equipments_cnfequipmenttype; Type: TABLE; Schema: public; Owner: postgres
--

CREATE TABLE public.equipments_cnfequipmenttype (
    id bigint NOT NULL,
    n_type_value integer NOT NULL,
    c_type_name character varying(32) NOT NULL,
    c_type_desc character varying(255) NOT NULL,
    n_global_object_type smallint NOT NULL,
    CONSTRAINT equipments_cnfequipmenttype_n_global_object_type_check CHECK ((n_global_object_type >= 0))
);


ALTER TABLE public.equipments_cnfequipmenttype OWNER TO postgres;

--
-- TOC entry 255 (class 1259 OID 18100)
-- Name: equipments_cnfequipmenttype_id_seq; Type: SEQUENCE; Schema: public; Owner: postgres
--

ALTER TABLE public.equipments_cnfequipmenttype ALTER COLUMN id ADD GENERATED BY DEFAULT AS IDENTITY (
    SEQUENCE NAME public.equipments_cnfequipmenttype_id_seq
    START WITH 1
    INCREMENT BY 1
    NO MINVALUE
    NO MAXVALUE
    CACHE 1
);


--
-- TOC entry 258 (class 1259 OID 18110)
-- Name: equipments_cnfequipmentvalue; Type: TABLE; Schema: public; Owner: postgres
--

CREATE TABLE public.equipments_cnfequipmentvalue (
    id bigint NOT NULL,
    f_value double precision NOT NULL,
    c_note character varying(255),
    n_attribute_id bigint,
    n_equipment_id bigint NOT NULL
);


ALTER TABLE public.equipments_cnfequipmentvalue OWNER TO postgres;

--
-- TOC entry 257 (class 1259 OID 18109)
-- Name: equipments_cnfequipmentvalue_id_seq; Type: SEQUENCE; Schema: public; Owner: postgres
--

ALTER TABLE public.equipments_cnfequipmentvalue ALTER COLUMN id ADD GENERATED BY DEFAULT AS IDENTITY (
    SEQUENCE NAME public.equipments_cnfequipmentvalue_id_seq
    START WITH 1
    INCREMENT BY 1
    NO MINVALUE
    NO MAXVALUE
    CACHE 1
);


--
-- TOC entry 262 (class 1259 OID 18154)
-- Name: equipments_cnfequipmentvariablerole; Type: TABLE; Schema: public; Owner: postgres
--

CREATE TABLE public.equipments_cnfequipmentvariablerole (
    id bigint NOT NULL,
    n_role_index integer NOT NULL,
    c_role_desc character varying(512) NOT NULL,
    c_role_name character varying(128)
);


ALTER TABLE public.equipments_cnfequipmentvariablerole OWNER TO postgres;

--
-- TOC entry 261 (class 1259 OID 18153)
-- Name: equipments_cnfequipmentvariablerole_id_seq; Type: SEQUENCE; Schema: public; Owner: postgres
--

ALTER TABLE public.equipments_cnfequipmentvariablerole ALTER COLUMN id ADD GENERATED BY DEFAULT AS IDENTITY (
    SEQUENCE NAME public.equipments_cnfequipmentvariablerole_id_seq
    START WITH 1
    INCREMENT BY 1
    NO MINVALUE
    NO MAXVALUE
    CACHE 1
);


--
-- TOC entry 278 (class 1259 OID 34393)
-- Name: equipments_cnfsequencelinkedequipment; Type: TABLE; Schema: public; Owner: postgres
--

CREATE TABLE public.equipments_cnfsequencelinkedequipment (
    id bigint NOT NULL,
    n_timer double precision,
    n_step integer NOT NULL,
    n_equipment_id bigint NOT NULL,
    n_equipment_link_id bigint,
    n_role_id bigint NOT NULL,
    n_seq_type smallint NOT NULL,
    b_masked boolean NOT NULL
);


ALTER TABLE public.equipments_cnfsequencelinkedequipment OWNER TO postgres;

--
-- TOC entry 277 (class 1259 OID 34392)
-- Name: equipments_cnfsequencelinkedequipment_id_seq; Type: SEQUENCE; Schema: public; Owner: postgres
--

ALTER TABLE public.equipments_cnfsequencelinkedequipment ALTER COLUMN id ADD GENERATED BY DEFAULT AS IDENTITY (
    SEQUENCE NAME public.equipments_cnfsequencelinkedequipment_id_seq
    START WITH 1
    INCREMENT BY 1
    NO MINVALUE
    NO MAXVALUE
    CACHE 1
);


--
-- TOC entry 276 (class 1259 OID 34387)
-- Name: equipments_cnfsequencelinkedvariable; Type: TABLE; Schema: public; Owner: postgres
--

CREATE TABLE public.equipments_cnfsequencelinkedvariable (
    id bigint NOT NULL,
    n_timer double precision,
    n_step integer NOT NULL,
    n_equipment_id bigint NOT NULL,
    n_role_id bigint NOT NULL,
    n_variable_link_id bigint,
    n_seq_type smallint NOT NULL,
    b_masked boolean NOT NULL
);


ALTER TABLE public.equipments_cnfsequencelinkedvariable OWNER TO postgres;

--
-- TOC entry 275 (class 1259 OID 34386)
-- Name: equipments_cnfsequencelinkedvariable_id_seq; Type: SEQUENCE; Schema: public; Owner: postgres
--

ALTER TABLE public.equipments_cnfsequencelinkedvariable ALTER COLUMN id ADD GENERATED BY DEFAULT AS IDENTITY (
    SEQUENCE NAME public.equipments_cnfsequencelinkedvariable_id_seq
    START WITH 1
    INCREMENT BY 1
    NO MINVALUE
    NO MAXVALUE
    CACHE 1
);


--
-- TOC entry 274 (class 1259 OID 34377)
-- Name: equipments_cnfsequencerole; Type: TABLE; Schema: public; Owner: postgres
--

CREATE TABLE public.equipments_cnfsequencerole (
    id bigint NOT NULL,
    n_role_index integer NOT NULL,
    b_role_equipment boolean,
    c_role_name character varying(128),
    c_role_desc character varying(512) NOT NULL
);


ALTER TABLE public.equipments_cnfsequencerole OWNER TO postgres;

--
-- TOC entry 273 (class 1259 OID 34376)
-- Name: equipments_cnfsequencerole_id_seq; Type: SEQUENCE; Schema: public; Owner: postgres
--

ALTER TABLE public.equipments_cnfsequencerole ALTER COLUMN id ADD GENERATED BY DEFAULT AS IDENTITY (
    SEQUENCE NAME public.equipments_cnfsequencerole_id_seq
    START WITH 1
    INCREMENT BY 1
    NO MINVALUE
    NO MAXVALUE
    CACHE 1
);


--
-- TOC entry 244 (class 1259 OID 17899)
-- Name: general_cnfattribute; Type: TABLE; Schema: public; Owner: postgres
--

CREATE TABLE public.general_cnfattribute (
    id bigint NOT NULL,
    n_attribute_type smallint NOT NULL,
    n_parameter_id integer NOT NULL,
    n_parameter_bit smallint NOT NULL,
    c_name_attribute character varying(255) NOT NULL,
    c_display_attribute character varying(255) NOT NULL,
    c_desc_attribute character varying(255),
    n_attr_min_id smallint,
    n_attr_max_id smallint,
    n_attr_min_value double precision,
    n_attr_max_value double precision,
    c_attr_display_group character varying(255),
    n_attr_display_order smallint,
    n_attribute_sub_type smallint,
    n_parent integer,
    n_global_object_type smallint NOT NULL,
    CONSTRAINT general_cnfattribute_n_attribute_sub_type_check CHECK ((n_attribute_sub_type >= 0)),
    CONSTRAINT general_cnfattribute_n_attribute_type_check CHECK ((n_attribute_type >= 0)),
    CONSTRAINT general_cnfattribute_n_global_object_type_check CHECK ((n_global_object_type >= 0)),
    CONSTRAINT general_cnfattribute_n_parameter_bit_check CHECK ((n_parameter_bit >= 0)),
    CONSTRAINT general_cnfattribute_n_parameter_id_check CHECK ((n_parameter_id >= 0))
);


ALTER TABLE public.general_cnfattribute OWNER TO postgres;

--
-- TOC entry 243 (class 1259 OID 17898)
-- Name: general_cnfattribute_id_seq; Type: SEQUENCE; Schema: public; Owner: postgres
--

ALTER TABLE public.general_cnfattribute ALTER COLUMN id ADD GENERATED BY DEFAULT AS IDENTITY (
    SEQUENCE NAME public.general_cnfattribute_id_seq
    START WITH 1
    INCREMENT BY 1
    NO MINVALUE
    NO MAXVALUE
    CACHE 1
);


--
-- TOC entry 282 (class 1259 OID 58964)
-- Name: general_cnfcommands; Type: TABLE; Schema: public; Owner: postgres
--

CREATE TABLE public.general_cnfcommands (
    id bigint NOT NULL,
    n_command_index smallint NOT NULL,
    c_name character varying(128) NOT NULL,
    c_desc character varying(512) NOT NULL,
    CONSTRAINT general_cnfcommands_n_command_index_check CHECK ((n_command_index >= 0))
);


ALTER TABLE public.general_cnfcommands OWNER TO postgres;

--
-- TOC entry 281 (class 1259 OID 58963)
-- Name: general_cnfcommands_id_seq; Type: SEQUENCE; Schema: public; Owner: postgres
--

ALTER TABLE public.general_cnfcommands ALTER COLUMN id ADD GENERATED BY DEFAULT AS IDENTITY (
    SEQUENCE NAME public.general_cnfcommands_id_seq
    START WITH 1
    INCREMENT BY 1
    NO MINVALUE
    NO MAXVALUE
    CACHE 1
);


--
-- TOC entry 234 (class 1259 OID 17835)
-- Name: general_cnfcontroller; Type: TABLE; Schema: public; Owner: postgres
--

CREATE TABLE public.general_cnfcontroller (
    id bigint NOT NULL,
    c_name_controller character varying(64) NOT NULL,
    c_ip_controller character varying(32) NOT NULL,
    c_desc_controller character varying(255)
);


ALTER TABLE public.general_cnfcontroller OWNER TO postgres;

--
-- TOC entry 233 (class 1259 OID 17834)
-- Name: general_cnfcontroller_id_seq; Type: SEQUENCE; Schema: public; Owner: postgres
--

ALTER TABLE public.general_cnfcontroller ALTER COLUMN id ADD GENERATED BY DEFAULT AS IDENTITY (
    SEQUENCE NAME public.general_cnfcontroller_id_seq
    START WITH 1
    INCREMENT BY 1
    NO MINVALUE
    NO MAXVALUE
    CACHE 1
);


--
-- TOC entry 286 (class 1259 OID 83797)
-- Name: general_cnfjournalmessages; Type: TABLE; Schema: public; Owner: postgres
--

CREATE TABLE public.general_cnfjournalmessages (
    id bigint NOT NULL,
    n_index smallint NOT NULL,
    c_obj_index_name character varying(128) NOT NULL,
    c_desc character varying(512) NOT NULL,
    c_mes_type character varying(128) NOT NULL,
    CONSTRAINT general_cnfjournalmessages_n_index_check CHECK ((n_index >= 0))
);


ALTER TABLE public.general_cnfjournalmessages OWNER TO postgres;

--
-- TOC entry 285 (class 1259 OID 83796)
-- Name: general_cnfjournalmessages_id_seq; Type: SEQUENCE; Schema: public; Owner: postgres
--

ALTER TABLE public.general_cnfjournalmessages ALTER COLUMN id ADD GENERATED BY DEFAULT AS IDENTITY (
    SEQUENCE NAME public.general_cnfjournalmessages_id_seq
    START WITH 1
    INCREMENT BY 1
    NO MINVALUE
    NO MAXVALUE
    CACHE 1
);


--
-- TOC entry 284 (class 1259 OID 83789)
-- Name: general_cnfvariablequalitycodes; Type: TABLE; Schema: public; Owner: postgres
--

CREATE TABLE public.general_cnfvariablequalitycodes (
    id bigint NOT NULL,
    n_code smallint NOT NULL,
    c_name character varying(64) NOT NULL,
    c_desc character varying(128) NOT NULL,
    CONSTRAINT general_cnfvariablequalitycodes_n_code_check CHECK ((n_code >= 0))
);


ALTER TABLE public.general_cnfvariablequalitycodes OWNER TO postgres;

--
-- TOC entry 283 (class 1259 OID 83788)
-- Name: general_cnfvariablequalitycodes_id_seq; Type: SEQUENCE; Schema: public; Owner: postgres
--

ALTER TABLE public.general_cnfvariablequalitycodes ALTER COLUMN id ADD GENERATED BY DEFAULT AS IDENTITY (
    SEQUENCE NAME public.general_cnfvariablequalitycodes_id_seq
    START WITH 1
    INCREMENT BY 1
    NO MINVALUE
    NO MAXVALUE
    CACHE 1
);


--
-- TOC entry 236 (class 1259 OID 17847)
-- Name: modules_cnfmodule; Type: TABLE; Schema: public; Owner: postgres
--

CREATE TABLE public.modules_cnfmodule (
    id bigint NOT NULL,
    created_at timestamp with time zone NOT NULL,
    n_module_index integer NOT NULL,
    c_name_module character varying(64) NOT NULL,
    c_desc_module character varying(255) NOT NULL,
    d_last_edit timestamp with time zone NOT NULL,
    c_user_edit_id integer,
    n_controller_id bigint
);


ALTER TABLE public.modules_cnfmodule OWNER TO postgres;

--
-- TOC entry 235 (class 1259 OID 17846)
-- Name: modules_cnfmodule_id_seq; Type: SEQUENCE; Schema: public; Owner: postgres
--

ALTER TABLE public.modules_cnfmodule ALTER COLUMN id ADD GENERATED BY DEFAULT AS IDENTITY (
    SEQUENCE NAME public.modules_cnfmodule_id_seq
    START WITH 1
    INCREMENT BY 1
    NO MINVALUE
    NO MAXVALUE
    CACHE 1
);


--
-- TOC entry 238 (class 1259 OID 17853)
-- Name: modules_cnfmoduledatatype; Type: TABLE; Schema: public; Owner: postgres
--

CREATE TABLE public.modules_cnfmoduledatatype (
    id bigint NOT NULL,
    n_type_value integer NOT NULL,
    c_type_name character varying(32) NOT NULL,
    c_type_desc character varying(255) NOT NULL
);


ALTER TABLE public.modules_cnfmoduledatatype OWNER TO postgres;

--
-- TOC entry 237 (class 1259 OID 17852)
-- Name: modules_cnfmoduledatatype_id_seq; Type: SEQUENCE; Schema: public; Owner: postgres
--

ALTER TABLE public.modules_cnfmoduledatatype ALTER COLUMN id ADD GENERATED BY DEFAULT AS IDENTITY (
    SEQUENCE NAME public.modules_cnfmoduledatatype_id_seq
    START WITH 1
    INCREMENT BY 1
    NO MINVALUE
    NO MAXVALUE
    CACHE 1
);


--
-- TOC entry 240 (class 1259 OID 17861)
-- Name: modules_cnfmoduletype; Type: TABLE; Schema: public; Owner: postgres
--

CREATE TABLE public.modules_cnfmoduletype (
    id bigint NOT NULL,
    n_type_value integer NOT NULL,
    c_type_name character varying(32) NOT NULL,
    c_type_desc character varying(255) NOT NULL
);


ALTER TABLE public.modules_cnfmoduletype OWNER TO postgres;

--
-- TOC entry 239 (class 1259 OID 17860)
-- Name: modules_cnfmoduletype_id_seq; Type: SEQUENCE; Schema: public; Owner: postgres
--

ALTER TABLE public.modules_cnfmoduletype ALTER COLUMN id ADD GENERATED BY DEFAULT AS IDENTITY (
    SEQUENCE NAME public.modules_cnfmoduletype_id_seq
    START WITH 1
    INCREMENT BY 1
    NO MINVALUE
    NO MAXVALUE
    CACHE 1
);


--
-- TOC entry 242 (class 1259 OID 17869)
-- Name: modules_cnfmodulevalue; Type: TABLE; Schema: public; Owner: postgres
--

CREATE TABLE public.modules_cnfmodulevalue (
    id bigint NOT NULL,
    f_value double precision NOT NULL,
    c_note character varying(255) NOT NULL,
    n_module_id bigint NOT NULL,
    n_attribute_id bigint
);


ALTER TABLE public.modules_cnfmodulevalue OWNER TO postgres;

--
-- TOC entry 241 (class 1259 OID 17868)
-- Name: modules_cnfmodulevalue_id_seq; Type: SEQUENCE; Schema: public; Owner: postgres
--

ALTER TABLE public.modules_cnfmodulevalue ALTER COLUMN id ADD GENERATED BY DEFAULT AS IDENTITY (
    SEQUENCE NAME public.modules_cnfmodulevalue_id_seq
    START WITH 1
    INCREMENT BY 1
    NO MINVALUE
    NO MAXVALUE
    CACHE 1
);


--
-- TOC entry 280 (class 1259 OID 58953)
-- Name: variables_cnfformulasymbol; Type: TABLE; Schema: public; Owner: postgres
--

CREATE TABLE public.variables_cnfformulasymbol (
    id bigint NOT NULL,
    n_type smallint NOT NULL,
    n_nn_char smallint NOT NULL,
    c_symbol character varying(2) NOT NULL,
    c_desc character varying(128),
    n_chr integer NOT NULL
);


ALTER TABLE public.variables_cnfformulasymbol OWNER TO postgres;

--
-- TOC entry 279 (class 1259 OID 58952)
-- Name: variables_cnfformulasymbol_id_seq; Type: SEQUENCE; Schema: public; Owner: postgres
--

ALTER TABLE public.variables_cnfformulasymbol ALTER COLUMN id ADD GENERATED BY DEFAULT AS IDENTITY (
    SEQUENCE NAME public.variables_cnfformulasymbol_id_seq
    START WITH 1
    INCREMENT BY 1
    NO MINVALUE
    NO MAXVALUE
    CACHE 1
);


--
-- TOC entry 246 (class 1259 OID 17918)
-- Name: variables_cnfvariable; Type: TABLE; Schema: public; Owner: postgres
--

CREATE TABLE public.variables_cnfvariable (
    id bigint NOT NULL,
    created_at timestamp with time zone NOT NULL,
    n_variable_index integer NOT NULL,
    c_name_variable character varying(64) NOT NULL,
    c_desc_variable character varying(2000),
    c_name_section character varying(64),
    c_name_position character varying(64),
    c_num_position character varying(16),
    d_last_edit timestamp with time zone NOT NULL,
    c_user_edit_id integer,
    n_controller_id bigint,
    n_variable_data_type_id bigint,
    n_variable_type_id bigint,
    n_module_channel integer,
    n_module_id_id bigint,
    b_masked boolean NOT NULL
);


ALTER TABLE public.variables_cnfvariable OWNER TO postgres;

--
-- TOC entry 245 (class 1259 OID 17917)
-- Name: variables_cnfvariable_id_seq; Type: SEQUENCE; Schema: public; Owner: postgres
--

ALTER TABLE public.variables_cnfvariable ALTER COLUMN id ADD GENERATED BY DEFAULT AS IDENTITY (
    SEQUENCE NAME public.variables_cnfvariable_id_seq
    START WITH 1
    INCREMENT BY 1
    NO MINVALUE
    NO MAXVALUE
    CACHE 1
);


--
-- TOC entry 248 (class 1259 OID 17926)
-- Name: variables_cnfvariabledatatype; Type: TABLE; Schema: public; Owner: postgres
--

CREATE TABLE public.variables_cnfvariabledatatype (
    id bigint NOT NULL,
    n_type_value integer NOT NULL,
    c_type_name character varying(32) NOT NULL,
    c_type_desc character varying(255) NOT NULL
);


ALTER TABLE public.variables_cnfvariabledatatype OWNER TO postgres;

--
-- TOC entry 247 (class 1259 OID 17925)
-- Name: variables_cnfvariabledatatype_id_seq; Type: SEQUENCE; Schema: public; Owner: postgres
--

ALTER TABLE public.variables_cnfvariabledatatype ALTER COLUMN id ADD GENERATED BY DEFAULT AS IDENTITY (
    SEQUENCE NAME public.variables_cnfvariabledatatype_id_seq
    START WITH 1
    INCREMENT BY 1
    NO MINVALUE
    NO MAXVALUE
    CACHE 1
);


--
-- TOC entry 250 (class 1259 OID 17934)
-- Name: variables_cnfvariabletype; Type: TABLE; Schema: public; Owner: postgres
--

CREATE TABLE public.variables_cnfvariabletype (
    id bigint NOT NULL,
    n_type_value integer NOT NULL,
    c_type_name character varying(32) NOT NULL,
    c_type_desc character varying(255) NOT NULL
);


ALTER TABLE public.variables_cnfvariabletype OWNER TO postgres;

--
-- TOC entry 249 (class 1259 OID 17933)
-- Name: variables_cnfvariabletype_id_seq; Type: SEQUENCE; Schema: public; Owner: postgres
--

ALTER TABLE public.variables_cnfvariabletype ALTER COLUMN id ADD GENERATED BY DEFAULT AS IDENTITY (
    SEQUENCE NAME public.variables_cnfvariabletype_id_seq
    START WITH 1
    INCREMENT BY 1
    NO MINVALUE
    NO MAXVALUE
    CACHE 1
);


--
-- TOC entry 252 (class 1259 OID 17942)
-- Name: variables_cnfvariablevalue; Type: TABLE; Schema: public; Owner: postgres
--

CREATE TABLE public.variables_cnfvariablevalue (
    id bigint NOT NULL,
    f_value double precision NOT NULL,
    c_note character varying(255),
    c_formula character varying,
    n_attribute_id bigint,
    n_variable_id bigint NOT NULL
);


ALTER TABLE public.variables_cnfvariablevalue OWNER TO postgres;

--
-- TOC entry 251 (class 1259 OID 17941)
-- Name: variables_cnfvariablevalue_id_seq; Type: SEQUENCE; Schema: public; Owner: postgres
--

ALTER TABLE public.variables_cnfvariablevalue ALTER COLUMN id ADD GENERATED BY DEFAULT AS IDENTITY (
    SEQUENCE NAME public.variables_cnfvariablevalue_id_seq
    START WITH 1
    INCREMENT BY 1
    NO MINVALUE
    NO MAXVALUE
    CACHE 1
);


--
-- TOC entry 3750 (class 0 OID 17257)
-- Dependencies: 221
-- Data for Name: auth_group; Type: TABLE DATA; Schema: public; Owner: postgres
--

COPY public.auth_group (id, name) FROM stdin;
\.


--
-- TOC entry 3752 (class 0 OID 17265)
-- Dependencies: 223
-- Data for Name: auth_group_permissions; Type: TABLE DATA; Schema: public; Owner: postgres
--

COPY public.auth_group_permissions (id, group_id, permission_id) FROM stdin;
\.


--
-- TOC entry 3748 (class 0 OID 17251)
-- Dependencies: 219
-- Data for Name: auth_permission; Type: TABLE DATA; Schema: public; Owner: postgres
--

COPY public.auth_permission (id, name, content_type_id, codename) FROM stdin;
1	Can add cnf controller	1	add_cnfcontroller
2	Can change cnf controller	1	change_cnfcontroller
3	Can delete cnf controller	1	delete_cnfcontroller
4	Can view cnf controller	1	view_cnfcontroller
5	Can add Module	2	add_cnfmodule
6	Can change Module	2	change_cnfmodule
7	Can delete Module	2	delete_cnfmodule
8	Can view Module	2	view_cnfmodule
9	Can add log entry	3	add_logentry
10	Can change log entry	3	change_logentry
11	Can delete log entry	3	delete_logentry
12	Can view log entry	3	view_logentry
13	Can add permission	4	add_permission
14	Can change permission	4	change_permission
15	Can delete permission	4	delete_permission
16	Can view permission	4	view_permission
17	Can add group	5	add_group
18	Can change group	5	change_group
19	Can delete group	5	delete_group
20	Can view group	5	view_group
21	Can add user	6	add_user
22	Can change user	6	change_user
23	Can delete user	6	delete_user
24	Can view user	6	view_user
25	Can add content type	7	add_contenttype
26	Can change content type	7	change_contenttype
27	Can delete content type	7	delete_contenttype
28	Can view content type	7	view_contenttype
29	Can add session	8	add_session
30	Can change session	8	change_session
31	Can delete session	8	delete_session
32	Can view session	8	view_session
33	Can add Module value	9	add_cnfmodulevalue
34	Can change Module value	9	change_cnfmodulevalue
35	Can delete Module value	9	delete_cnfmodulevalue
36	Can view Module value	9	view_cnfmodulevalue
37	Can add Значение атрибутов	10	add_cnfvaluelist
38	Can change Значение атрибутов	10	change_cnfvaluelist
39	Can delete Значение атрибутов	10	delete_cnfvaluelist
40	Can view Значение атрибутов	10	view_cnfvaluelist
41	Can add Атрибут	11	add_cnfattribute
42	Can change Атрибут	11	change_cnfattribute
43	Can delete Атрибут	11	delete_cnfattribute
44	Can view Атрибут	11	view_cnfattribute
45	Can add Переменная	12	add_cnfvariabletype
46	Can change Переменная	12	change_cnfvariabletype
47	Can delete Переменная	12	delete_cnfvariabletype
48	Can view Переменная	12	view_cnfvariabletype
49	Can add Значение переменной	13	add_cnfvariablevalue
50	Can change Значение переменной	13	change_cnfvariablevalue
51	Can delete Значение переменной	13	delete_cnfvariablevalue
52	Can view Значение переменной	13	view_cnfvariablevalue
53	Can add Связка переменной	14	add_cnfvariableattribute
54	Can change Связка переменной	14	change_cnfvariableattribute
55	Can delete Связка переменной	14	delete_cnfvariableattribute
56	Can view Связка переменной	14	view_cnfvariableattribute
57	Can add Переменная	15	add_cnfvariable
58	Can change Переменная	15	change_cnfvariable
59	Can delete Переменная	15	delete_cnfvariable
60	Can view Переменная	15	view_cnfvariable
61	Can add cnf module data type	16	add_cnfmoduledatatype
62	Can change cnf module data type	16	change_cnfmoduledatatype
63	Can delete cnf module data type	16	delete_cnfmoduledatatype
64	Can view cnf module data type	16	view_cnfmoduledatatype
65	Can add cnf module type	17	add_cnfmoduletype
66	Can change cnf module type	17	change_cnfmoduletype
67	Can delete cnf module type	17	delete_cnfmoduletype
68	Can view cnf module type	17	view_cnfmoduletype
69	Can add Атрибут модуля	18	add_cnfmoduleattribute
70	Can change Атрибут модуля	18	change_cnfmoduleattribute
71	Can delete Атрибут модуля	18	delete_cnfmoduleattribute
72	Can view Атрибут модуля	18	view_cnfmoduleattribute
73	Can add Атрибут модуля	19	add_cnfmoduleattribute1
74	Can change Атрибут модуля	19	change_cnfmoduleattribute1
75	Can delete Атрибут модуля	19	delete_cnfmoduleattribute1
76	Can view Атрибут модуля	19	view_cnfmoduleattribute1
77	Can add Тип данных переменной	20	add_cnfvariabledatatype
78	Can change Тип данных переменной	20	change_cnfvariabledatatype
79	Can delete Тип данных переменной	20	delete_cnfvariabledatatype
80	Can view Тип данных переменной	20	view_cnfvariabledatatype
81	Can add Переменная	21	add_cnfequipment
82	Can change Переменная	21	change_cnfequipment
83	Can delete Переменная	21	delete_cnfequipment
84	Can view Переменная	21	view_cnfequipment
85	Can add Тип оборудования	22	add_cnfequipmenttype
86	Can change Тип оборудования	22	change_cnfequipmenttype
87	Can delete Тип оборудования	22	delete_cnfequipmenttype
88	Can view Тип оборудования	22	view_cnfequipmenttype
89	Can add Значение переменной	23	add_cnfequipmentvalue
90	Can change Значение переменной	23	change_cnfequipmentvalue
91	Can delete Значение переменной	23	delete_cnfequipmentvalue
92	Can view Значение переменной	23	view_cnfequipmentvalue
93	Can add Роль оборудования	24	add_cnfequipmentrole
94	Can change Роль оборудования	24	change_cnfequipmentrole
95	Can delete Роль оборудования	24	delete_cnfequipmentrole
96	Can view Роль оборудования	24	view_cnfequipmentrole
97	Can add Роль переменной	25	add_cnfequipmentvariablerole
98	Can change Роль переменной	25	change_cnfequipmentvariablerole
99	Can delete Роль переменной	25	delete_cnfequipmentvariablerole
100	Can view Роль переменной	25	view_cnfequipmentvariablerole
101	Can add Ссылка на переменную	26	add_cnfequipmentlinkedvariable
102	Can change Ссылка на переменную	26	change_cnfequipmentlinkedvariable
103	Can delete Ссылка на переменную	26	delete_cnfequipmentlinkedvariable
104	Can view Ссылка на переменную	26	view_cnfequipmentlinkedvariable
105	Can add Ссылка на оборудование	27	add_cnfequipmentlinkedequipment
106	Can change Ссылка на оборудование	27	change_cnfequipmentlinkedequipment
107	Can delete Ссылка на оборудование	27	delete_cnfequipmentlinkedequipment
108	Can view Ссылка на оборудование	27	view_cnfequipmentlinkedequipment
109	Can add Ссылка на слово	28	add_cnfequipmentlinkedword
110	Can change Ссылка на слово	28	change_cnfequipmentlinkedword
111	Can delete Ссылка на слово	28	delete_cnfequipmentlinkedword
112	Can view Ссылка на слово	28	view_cnfequipmentlinkedword
113	Can add Роль ПИД	29	add_cnfequipmentpidvariablerole
114	Can change Роль ПИД	29	change_cnfequipmentpidvariablerole
115	Can delete Роль ПИД	29	delete_cnfequipmentpidvariablerole
116	Can view Роль ПИД	29	view_cnfequipmentpidvariablerole
117	Can add Ссылка на переменную ПИД	30	add_cnfequipmentlinkedpidvariable
118	Can change Ссылка на переменную ПИД	30	change_cnfequipmentlinkedpidvariable
119	Can delete Ссылка на переменную ПИД	30	delete_cnfequipmentlinkedpidvariable
120	Can view Ссылка на переменную ПИД	30	view_cnfequipmentlinkedpidvariable
121	Can add Роль переменной	31	add_cnfsequencerole
122	Can change Роль переменной	31	change_cnfsequencerole
123	Can delete Роль переменной	31	delete_cnfsequencerole
124	Can view Роль переменной	31	view_cnfsequencerole
125	Can add Ссылка на переменную (последовательности)	32	add_cnfsequencelinkedvariable
126	Can change Ссылка на переменную (последовательности)	32	change_cnfsequencelinkedvariable
127	Can delete Ссылка на переменную (последовательности)	32	delete_cnfsequencelinkedvariable
128	Can view Ссылка на переменную (последовательности)	32	view_cnfsequencelinkedvariable
129	Can add Ссылка на оборудование (последовательности)	33	add_cnfsequencelinkedequipment
130	Can change Ссылка на оборудование (последовательности)	33	change_cnfsequencelinkedequipment
131	Can delete Ссылка на оборудование (последовательности)	33	delete_cnfsequencelinkedequipment
132	Can view Ссылка на оборудование (последовательности)	33	view_cnfsequencelinkedequipment
133	Can add Описание символа для формулы переменной	34	add_cnfformulasymbol
134	Can change Описание символа для формулы переменной	34	change_cnfformulasymbol
135	Can delete Описание символа для формулы переменной	34	delete_cnfformulasymbol
136	Can view Описание символа для формулы переменной	34	view_cnfformulasymbol
137	Can add Команда	35	add_cnfcommands
138	Can change Команда	35	change_cnfcommands
139	Can delete Команда	35	delete_cnfcommands
140	Can view Команда	35	view_cnfcommands
141	Can add Код качества	36	add_cnfvariablequalitycodes
142	Can change Код качества	36	change_cnfvariablequalitycodes
143	Can delete Код качества	36	delete_cnfvariablequalitycodes
144	Can view Код качества	36	view_cnfvariablequalitycodes
145	Can add Сообщение	37	add_cnfjournalmessages
146	Can change Сообщение	37	change_cnfjournalmessages
147	Can delete Сообщение	37	delete_cnfjournalmessages
148	Can view Сообщение	37	view_cnfjournalmessages
\.


--
-- TOC entry 3754 (class 0 OID 17271)
-- Dependencies: 225
-- Data for Name: auth_user; Type: TABLE DATA; Schema: public; Owner: postgres
--

COPY public.auth_user (id, password, last_login, is_superuser, username, first_name, last_name, email, is_staff, is_active, date_joined) FROM stdin;
1	pbkdf2_sha256$600000$PT3AcjM54hTPG5gobLxl6A$QP1Pzj6NLwN88kIJRcUH1knN2BTVV+CSkKr/2QlQolg=	2024-06-10 15:58:22.853262+07	t	irius				t	t	2024-03-14 15:16:28.0557+07
\.


--
-- TOC entry 3756 (class 0 OID 17279)
-- Dependencies: 227
-- Data for Name: auth_user_groups; Type: TABLE DATA; Schema: public; Owner: postgres
--

COPY public.auth_user_groups (id, user_id, group_id) FROM stdin;
\.


--
-- TOC entry 3758 (class 0 OID 17285)
-- Dependencies: 229
-- Data for Name: auth_user_user_permissions; Type: TABLE DATA; Schema: public; Owner: postgres
--

COPY public.auth_user_user_permissions (id, user_id, permission_id) FROM stdin;
\.


--
-- TOC entry 3760 (class 0 OID 17343)
-- Dependencies: 231
-- Data for Name: django_admin_log; Type: TABLE DATA; Schema: public; Owner: postgres
--

COPY public.django_admin_log (id, action_time, object_id, object_repr, action_flag, change_message, content_type_id, user_id) FROM stdin;
1	2024-03-14 15:25:16.463695+07	1	cnfController object (1)	1	[{"added": {}}]	1	1
2	2024-03-14 23:22:12.9376+07	2	PLC2	1	[{"added": {}}]	1	1
3	2024-03-15 13:49:07.117835+07	1	StationID	1	[{"added": {}}]	11	1
4	2024-03-15 13:50:31.62455+07	2	SlotID	1	[{"added": {}}]	11	1
5	2024-03-15 14:06:46.972993+07	2	SlotID	2	[{"changed": {"fields": ["\\u0418\\u0434\\u0435\\u043d\\u0442\\u0438\\u0444\\u0438\\u043a\\u0430\\u0442\\u043e\\u0440 \\u043f\\u0430\\u0440\\u0430\\u043c\\u0435\\u0442\\u0440\\u0430"]}}]	11	1
6	2024-03-15 14:07:08.185708+07	2	SlotID	2	[{"changed": {"fields": ["\\u0418\\u0434\\u0435\\u043d\\u0442\\u0438\\u0444\\u0438\\u043a\\u0430\\u0442\\u043e\\u0440 \\u043f\\u0430\\u0440\\u0430\\u043c\\u0435\\u0442\\u0440\\u0430"]}}]	11	1
7	2024-03-15 14:08:15.812986+07	3	Station_DADDR	1	[{"added": {}}]	11	1
8	2024-03-15 14:09:16.071593+07	4	LADDR	1	[{"added": {}}]	11	1
9	2024-03-15 14:10:26.977867+07	5	TypeID	1	[{"added": {}}]	11	1
10	2024-03-15 14:11:35.817044+07	6	IOChannels	1	[{"added": {}}]	11	1
11	2024-03-15 14:12:21.20806+07	7	IOSystemID	1	[{"added": {}}]	11	1
12	2024-03-15 14:13:08.941987+07	8	ActiveState	1	[{"added": {}}]	11	1
13	2024-03-15 14:13:55.392516+07	9	StationDiagState	1	[{"added": {}}]	11	1
14	2024-03-15 14:14:33.038607+07	10	ChannelDiagState	1	[{"added": {}}]	11	1
15	2024-03-15 14:15:06.532416+07	11	LADDRBitOffset	1	[{"added": {}}]	11	1
16	2024-03-22 17:07:25.514697+07	1	cnfVariableType object (1)	1	[{"added": {}}]	12	1
17	2024-03-22 17:07:53.288985+07	2	cnfVariableType object (2)	1	[{"added": {}}]	12	1
18	2024-03-22 17:08:07.927104+07	3	cnfVariableType object (3)	1	[{"added": {}}]	12	1
19	2024-03-22 17:08:15.826963+07	4	cnfVariableType object (4)	1	[{"added": {}}]	12	1
20	2024-03-22 17:08:27.395863+07	5	cnfVariableType object (5)	1	[{"added": {}}]	12	1
21	2024-03-22 17:08:35.369616+07	6	cnfVariableType object (6)	1	[{"added": {}}]	12	1
22	2024-03-22 17:08:42.703941+07	7	cnfVariableType object (7)	1	[{"added": {}}]	12	1
23	2024-04-19 16:35:48.26993+07	1	cnfModuleType object (1)	1	[{"added": {}}]	17	1
24	2024-04-19 16:47:05.40672+07	1	cnfModuleDataType object (1)	1	[{"added": {}}]	16	1
25	2024-04-19 17:42:59.720607+07	1	StationID	1	[{"added": {}}]	18	1
26	2024-04-23 08:24:27.181127+07	1	StationID	1	[{"added": {}}]	18	1
27	2024-05-23 10:21:59.719354+07	1	Задвижка/Клапан	1	[{"added": {}}]	22	1
28	2024-05-23 10:22:38.261656+07	2	Электропривод	1	[{"added": {}}]	22	1
29	2024-05-23 10:23:54.121157+07	3	Аналоговый ПИД-регулятор	1	[{"added": {}}]	22	1
30	2024-05-23 10:24:39.364783+07	4	ПИД-регулятор - ШИМ	1	[{"added": {}}]	22	1
31	2024-05-23 10:25:15.803168+07	5	Пороговый регулятор	1	[{"added": {}}]	22	1
32	2024-05-23 10:25:51.849352+07	6	Последовательность	1	[{"added": {}}]	22	1
33	2024-05-23 10:26:28.371917+07	7	АВР	1	[{"added": {}}]	22	1
34	2024-05-23 17:42:19.757879+07	8	Задвижка/Клапан с ЧРП	1	[{"added": {}}]	22	1
35	2024-05-23 17:42:44.303952+07	9	Электропривод с ЧРП	1	[{"added": {}}]	22	1
36	2024-05-24 10:57:32.666571+07	1	Кнопка: Старт	1	[{"added": {}}]	25	1
37	2024-05-24 11:00:42.089018+07	1	Блок в Авто, на: запуск если смежный агрегат не запущен	1	[{"added": {}}]	24	1
38	2024-06-10 15:59:44.704707+07	1	PV : Управляемая величина (может быть назначено несколько переменных, будет использоваться первая переменная с хорошим качеством)	1	[{"added": {}}]	29	1
\.


--
-- TOC entry 3746 (class 0 OID 17243)
-- Dependencies: 217
-- Data for Name: django_content_type; Type: TABLE DATA; Schema: public; Owner: postgres
--

COPY public.django_content_type (id, app_label, model) FROM stdin;
1	general	cnfcontroller
2	modules	cnfmodule
3	admin	logentry
4	auth	permission
5	auth	group
6	auth	user
7	contenttypes	contenttype
8	sessions	session
9	modules	cnfmodulevalue
10	general	cnfvaluelist
11	general	cnfattribute
12	variables	cnfvariabletype
13	variables	cnfvariablevalue
14	variables	cnfvariableattribute
15	variables	cnfvariable
16	modules	cnfmoduledatatype
17	modules	cnfmoduletype
18	modules	cnfmoduleattribute
19	modules	cnfmoduleattribute1
20	variables	cnfvariabledatatype
21	equipments	cnfequipment
22	equipments	cnfequipmenttype
23	equipments	cnfequipmentvalue
24	equipments	cnfequipmentrole
25	equipments	cnfequipmentvariablerole
26	equipments	cnfequipmentlinkedvariable
27	equipments	cnfequipmentlinkedequipment
28	equipments	cnfequipmentlinkedword
29	equipments	cnfequipmentpidvariablerole
30	equipments	cnfequipmentlinkedpidvariable
31	equipments	cnfsequencerole
32	equipments	cnfsequencelinkedvariable
33	equipments	cnfsequencelinkedequipment
34	variables	cnfformulasymbol
35	general	cnfcommands
36	general	cnfvariablequalitycodes
37	general	cnfjournalmessages
\.


--
-- TOC entry 3744 (class 0 OID 17235)
-- Dependencies: 215
-- Data for Name: django_migrations; Type: TABLE DATA; Schema: public; Owner: postgres
--

COPY public.django_migrations (id, app, name, applied) FROM stdin;
1	contenttypes	0001_initial	2024-03-12 20:29:31.688904+07
2	auth	0001_initial	2024-03-12 20:29:31.809929+07
3	admin	0001_initial	2024-03-12 20:29:31.828626+07
4	admin	0002_logentry_remove_auto_add	2024-03-12 20:29:31.834686+07
5	admin	0003_logentry_add_action_flag_choices	2024-03-12 20:29:31.840481+07
6	contenttypes	0002_remove_content_type_name	2024-03-12 20:29:31.872958+07
7	auth	0002_alter_permission_name_max_length	2024-03-12 20:29:31.889103+07
8	auth	0003_alter_user_email_max_length	2024-03-12 20:29:31.897964+07
9	auth	0004_alter_user_username_opts	2024-03-12 20:29:31.912686+07
10	auth	0005_alter_user_last_login_null	2024-03-12 20:29:31.918905+07
11	auth	0006_require_contenttypes_0002	2024-03-12 20:29:31.933952+07
12	auth	0007_alter_validators_add_error_messages	2024-03-12 20:29:31.952872+07
13	auth	0008_alter_user_username_max_length	2024-03-12 20:29:31.970242+07
14	auth	0009_alter_user_last_name_max_length	2024-03-12 20:29:31.977742+07
15	auth	0010_alter_group_name_max_length	2024-03-12 20:29:31.992416+07
16	auth	0011_update_proxy_permissions	2024-03-12 20:29:31.998835+07
17	auth	0012_alter_user_first_name_max_length	2024-03-12 20:29:32.005023+07
20	sessions	0001_initial	2024-03-12 20:29:32.055617+07
49	general	0001_initial	2024-04-26 16:49:20.173213+07
50	modules	0001_initial	2024-04-26 16:50:07.867405+07
51	general	0002_delete_cnfvaluelist	2024-04-26 16:54:55.854063+07
52	modules	0002_remove_cnfmodulevalue_n_attribute	2024-04-26 17:00:17.911811+07
53	general	0003_delete_cnfattribute	2024-04-26 17:00:17.924864+07
54	general	0004_cnfattribute	2024-04-26 17:00:24.986318+07
55	modules	0003_cnfmodulevalue_n_attribute	2024-04-26 17:02:51.150598+07
56	variables	0001_initial	2024-04-30 14:55:58.236989+07
57	variables	0002_cnfvariable_n_module_channel_cnfvariable_n_module_id	2024-05-01 17:33:32.104797+07
58	modules	0004_alter_cnfmodule_c_user_edit_and_more	2024-05-22 12:55:53.881809+07
59	variables	0003_alter_cnfvariable_c_desc_variable_and_more	2024-05-22 12:55:53.929737+07
60	general	0005_valuemixin	2024-05-22 16:54:13.746589+07
64	general	0005_valuemodel	2024-05-22 17:24:00.766005+07
65	equipments	0001_initial	2024-05-23 09:57:27.225856+07
66	equipments	0002_cnfequipmentrole_cnfequipmentvariablerole	2024-05-23 10:30:35.68618+07
67	equipments	0003_cnfequipmentlinkedvariable	2024-05-23 10:34:50.57762+07
68	equipments	0004_cnfequipmentlinkedequipment	2024-05-23 10:35:26.882809+07
69	equipments	0005_cnfequipmentrole_c_role_name_and_more	2024-05-24 10:53:19.293237+07
70	equipments	0006_alter_cnfequipmentvariablerole_options_and_more	2024-05-24 11:00:11.993047+07
71	equipments	0007_alter_cnfequipmentrole_c_role_name_and_more	2024-05-24 11:12:51.39728+07
72	equipments	0008_cnfequipmentlinkedequipment_n_equipment_link_and_more	2024-05-29 10:16:34.636012+07
73	equipments	0009_cnfequipmentlinkedword	2024-05-29 11:22:24.198161+07
74	equipments	0010_cnfequipmentpidvariablerole_and_more	2024-06-10 15:55:32.081838+07
75	equipments	0011_cnfsequencerole_and_more	2024-08-06 15:27:45.849983+07
76	equipments	0012_cnfsequencelinkedequipment_n_seq_type	2024-08-13 16:23:39.688315+07
77	equipments	0013_alter_cnfsequencelinkedequipment_n_seq_type	2024-08-13 16:23:39.704734+07
78	equipments	0014_cnfsequencelinkedvariable_n_seq_type	2024-08-13 16:24:31.006659+07
79	equipments	0015_alter_cnfsequencelinkedequipment_n_step_and_more	2024-08-13 16:26:25.006139+07
80	equipments	0016_alter_cnfsequencelinkedequipment_n_seq_type_and_more	2024-08-13 17:09:22.918272+07
81	equipments	0017_alter_cnfequipment_d_last_edit	2024-09-05 11:20:30.429703+07
82	modules	0005_alter_cnfmodule_d_last_edit	2024-09-05 11:20:30.452099+07
83	variables	0004_alter_cnfvariable_d_last_edit	2024-09-05 11:20:30.468855+07
84	equipments	0018_alter_cnfequipment_d_last_edit	2024-09-05 11:28:33.697152+07
85	modules	0006_alter_cnfmodule_d_last_edit	2024-09-05 11:28:33.716771+07
86	variables	0005_alter_cnfvariable_d_last_edit	2024-09-05 11:28:33.72705+07
87	variables	0006_alter_cnfvariable_n_module_id	2024-09-05 15:02:17.092711+07
88	equipments	0019_alter_cnfequipment_n_controller	2024-09-10 16:32:32.441848+07
89	modules	0007_alter_cnfmodule_n_controller	2024-09-10 16:32:32.465701+07
90	variables	0007_alter_cnfvariable_n_controller	2024-09-10 16:32:32.479706+07
91	equipments	0020_alter_cnfequipmentlinkedvariable_n_timer	2024-09-16 10:27:36.677471+07
92	equipments	0021_alter_cnfequipmentlinkedequipment_n_timer_and_more	2024-09-16 10:28:27.372478+07
93	variables	0008_cnfformulasymbol	2024-09-23 09:05:25.421613+07
94	variables	0009_alter_cnfformulasymbol_c_desc_and_more	2024-09-23 09:16:45.913223+07
95	variables	0010_alter_cnfformulasymbol_n_nn_char	2024-09-23 09:17:40.39402+07
96	variables	0011_alter_cnfformulasymbol_n_type	2024-09-23 09:18:34.807335+07
97	variables	0012_cnfformulasymbol_n_chr_and_more	2024-09-23 13:39:00.530826+07
98	general	0005_cnfcommands	2024-09-25 16:13:25.579786+07
99	general	0006_rename_с_desc_cnfcommands_c_desc_and_more	2024-09-25 16:15:23.497394+07
100	variables	0013_cnfvariable_b_masked	2024-09-26 09:56:38.821316+07
101	equipments	0022_cnfequipment_b_masked	2024-09-26 11:57:04.837588+07
102	equipments	0023_cnfsequencelinkedequipment_b_masked_and_more	2024-09-26 12:37:09.908087+07
103	equipments	0024_cnfequipmentlinkedequipment_b_masked_and_more	2024-09-26 16:38:18.947835+07
104	equipments	0025_alter_cnfsequencelinkedvariable_n_timer	2024-09-30 11:36:52.69744+07
105	general	0007_cnfvariablequalitycodes	2024-10-25 12:43:44.909459+07
106	general	0008_cnfjournalmessages	2024-11-12 10:31:43.726292+07
\.


--
-- TOC entry 3761 (class 0 OID 17395)
-- Dependencies: 232
-- Data for Name: django_session; Type: TABLE DATA; Schema: public; Owner: postgres
--

COPY public.django_session (session_key, session_data, expire_date) FROM stdin;
fkjnq9usorh9q6okde29hdh08cm3j1td	.eJxVjMsOwiAQRf-FtSHDG1267zeQgQGpGkhKuzL-uzbpQrf3nHNfLOC21rCNvISZ2IUJdvrdIqZHbjugO7Zb56m3dZkj3xV-0MGnTvl5Pdy_g4qjfutokytJC-EUGJDWWYUZYixKJqmQDDm0Xp2tLeRdcdmQBA9SgtE6eWDvD9GONwg:1rkgHl:uOOHHc4vYh2nwvJ7pJKevSDo7sPeSSK92KDm2UOLEX8	2024-03-28 15:17:57.501097+07
7s7rmwjc2s5qmkyvca5lox36wj4jx51d	.eJxVjMsOwiAQRf-FtSHDG1267zeQgQGpGkhKuzL-uzbpQrf3nHNfLOC21rCNvISZ2IUJdvrdIqZHbjugO7Zb56m3dZkj3xV-0MGnTvl5Pdy_g4qjfutokytJC-EUGJDWWYUZYixKJqmQDDm0Xp2tLeRdcdmQBA9SgtE6eWDvD9GONwg:1rl17Q:JYy62UNPpoUToLkaTqR-CAIP0XQEAyjtGrEz4iYoi4c	2024-03-29 13:32:40.046258+07
76ug9ffvkmfm8hq2muwddfac2ntev6ch	.eJxVjMsOwiAQRf-FtSHDG1267zeQgQGpGkhKuzL-uzbpQrf3nHNfLOC21rCNvISZ2IUJdvrdIqZHbjugO7Zb56m3dZkj3xV-0MGnTvl5Pdy_g4qjfutokytJC-EUGJDWWYUZYixKJqmQDDm0Xp2tLeRdcdmQBA9SgtE6eWDvD9GONwg:1rnbfx:PERT67FDvxyDTZG3vUA_ecPSqEdLIe3VrrSrRFvtbDY	2024-04-05 16:59:01.389054+07
0o9aj3be89tx9ukknj751vrbqz1mxb2h	.eJxVjMsOwiAQRf-FtSHDG1267zeQgQGpGkhKuzL-uzbpQrf3nHNfLOC21rCNvISZ2IUJdvrdIqZHbjugO7Zb56m3dZkj3xV-0MGnTvl5Pdy_g4qjfutokytJC-EUGJDWWYUZYixKJqmQDDm0Xp2tLeRdcdmQBA9SgtE6eWDvD9GONwg:1rxkcV:5dV39uIpY106ks7BhMQudz5V-7FU5CkppOUH1TTRIyE	2024-05-03 16:33:23.709291+07
h2lz0d6av61ddl6ashfo0rmeemo6zvv1	.eJxVjMsOwiAQRf-FtSHDG1267zeQgQGpGkhKuzL-uzbpQrf3nHNfLOC21rCNvISZ2IUJdvrdIqZHbjugO7Zb56m3dZkj3xV-0MGnTvl5Pdy_g4qjfutokytJC-EUGJDWWYUZYixKJqmQDDm0Xp2tLeRdcdmQBA9SgtE6eWDvD9GONwg:1s4IHo:CvWFCd86svcFUZ8kHStLF1fCyKjoppMlEMMCjSi9kV8	2024-05-21 17:43:04.574028+07
l622a808urjc6hm2xpwlwbsxcpljtt0g	.eJxVjMsOwiAQRf-FtSHDG1267zeQgQGpGkhKuzL-uzbpQrf3nHNfLOC21rCNvISZ2IUJdvrdIqZHbjugO7Zb56m3dZkj3xV-0MGnTvl5Pdy_g4qjfutokytJC-EUGJDWWYUZYixKJqmQDDm0Xp2tLeRdcdmQBA9SgtE6eWDvD9GONwg:1s9yw0:jEGfufb4z2-uo1RemXLDJ8mjcxDYH6DfJWsTxDZtdjE	2024-06-06 10:16:04.778984+07
zaanocns1n2oo792wlslzl09yiz2budy	.eJxVjMsOwiAQRf-FtSHDG1267zeQgQGpGkhKuzL-uzbpQrf3nHNfLOC21rCNvISZ2IUJdvrdIqZHbjugO7Zb56m3dZkj3xV-0MGnTvl5Pdy_g4qjfutokytJC-EUGJDWWYUZYixKJqmQDDm0Xp2tLeRdcdmQBA9SgtE6eWDvD9GONwg:1sGar8:tAtAHCW-p-sensjgXqlRVDOwTU0MtrDLd6vKNgiPGEU	2024-06-24 15:58:22.921849+07
btcxedfd9dv22677oa10j37x97pptibz	eyJlcnJvcl9iYWNrIjpbNF19:1srYOR:pydCBmhSYqMQhHnKXLChfBZaG8MntYgGHoipaESNJ0w	2024-10-04 14:49:31.762873+07
5bbc497dr8badf44ndej18ezv8jiz3iu	eyJBQUFBIjo0LCJSRVRVUk5fQkxPQ0tfRlJPTV9QTEMiOltdfQ:1tDJWj:PG6yd3dgJtUssoeTURa8YhEh0NRmdeRh0TaCXdjW78E	2024-12-03 15:24:01.125596+07
\.


--
-- TOC entry 3783 (class 0 OID 18093)
-- Dependencies: 254
-- Data for Name: equipments_cnfequipment; Type: TABLE DATA; Schema: public; Owner: postgres
--

COPY public.equipments_cnfequipment (id, created_at, d_last_edit, n_equipment_index, c_name_equipment, c_desc_equipment, c_name_section, c_name_position, c_num_position, c_user_edit_id, n_controller_id, n_type_id_id, b_masked) FROM stdin;
64	2024-09-12 16:40:53.831837+07	2024-09-27 11:48:13.485122+07	23	DR.L1.MD1_OV2	КМД №1 (MP800). Охладитель вентилятора 2	Линия №1	КМД №1 (MP800)	2	1	1	2	f
65	2024-09-12 16:43:08.592543+07	2024-09-27 11:50:10.478895+07	24	DR.L1.MD1_VN	КМД №1 (MP800). Воздухонагнетатель	Линия №1	КМД №1 (MP800)	\N	1	1	2	f
55	2024-09-12 15:05:49.622329+07	2024-09-27 10:08:05.10489+07	14	DR.L1.GR2_CLN1	Грохот №2 (EF2461). Очистка 1	Линия №1	Грохот №2 (EF2461)	1	1	1	2	f
66	2024-09-12 16:48:23.121583+07	2024-09-27 11:52:32.073966+07	25	DR.L1.MD1_MSN	КМД №1 (MP800). Нагреватели масла	Линия №1	КМД №1 (MP800)	\N	1	1	2	f
56	2024-09-12 15:07:30.089053+07	2024-09-27 10:09:54.487664+07	15	DR.L1.GR2_CLN2	Грохот №2 (EF2461). Очистка 2	Линия №1	Грохот №2 (EF2461)	2	1	1	2	f
57	2024-09-12 15:09:20.098165+07	2024-09-13 17:31:30.729341+07	16	DR.L1.GR2_ENC	Грохот №2 (EF2461). Энкодер	Линия №1	Грохот №2 (EF2461)	\N	1	1	2	f
40	2024-09-12 10:11:05.095423+07	2024-11-19 15:23:53.332459+07	1	DR.L1.PIT3	Пластинчатый питатель № 3	Линия №1	Пластинчатый питатель	3	1	1	2	f
46	2024-09-12 12:01:36.889793+07	2024-10-25 10:23:10.118923+07	5	DR.L1.K3_VR	Конвейер №3. ПИД-регулятор	Линия №1	Конвейер №3	\N	1	1	3	f
58	2024-09-12 15:15:52.586891+07	2024-09-27 10:14:45.393992+07	17	DR.L1.K3A	Конвейер №3а (TEC1200)	Линия №1	Конвейер №3а (TEC1200)	\N	1	1	2	f
44	2024-09-12 11:27:19.480929+07	2024-10-22 11:58:36.267724+07	3	DR.L1.K3_MS	Конвейер №3. Магнитный сепаратор	Линия №1	Конвейер №3	\N	1	1	2	f
45	2024-09-12 11:52:52.756397+07	2024-09-13 16:27:03.684994+07	4	DR.L1.K3	Конвейер №3	Линия №1	Конвейер №3	\N	1	1	2	f
47	2024-09-12 12:08:44.729211+07	2024-09-26 12:49:10.031938+07	6	DR.L1.GR1	Грохот №1 (RF1836-1)	Линия №1	Грохот №1 (RF1836-1)	\N	1	1	2	f
48	2024-09-12 12:28:52.195158+07	2024-09-16 12:22:31.675774+07	7	DR.L1.SD1	КСД №1 (HP500). Дробилка средняя	Линия №1	КСД №1 (HP500)	\N	1	1	2	f
49	2024-09-12 12:33:39.581933+07	2024-09-27 09:24:08.244849+07	8	DR.L1.SD1_NG	КСД №1 (HP500). Гидравлический насос	Линия №1	КСД №1 (HP500)	\N	1	1	2	f
50	2024-09-12 12:37:42.555879+07	2024-09-27 09:25:45.792674+07	9	DR.L1.SD1_NS	КСД №1 (HP500). Смазочный насос	Линия №1	КСД №1 (HP500)	\N	1	1	2	f
51	2024-09-12 12:42:06.752816+07	2024-09-12 12:42:06.735993+07	10	DR.L1.SD1_OV	КСД №1 (HP500). Охладитель вентилятора	Линия №1	КСД №1 (HP500)	\N	1	1	2	f
52	2024-09-12 12:45:51.930656+07	2024-09-27 09:28:37.016024+07	11	DR.L1.SD1_VN	КСД №1 (HP500). Воздухонагнетатель	Линия №1	КСД №1 (HP500)	\N	1	1	2	f
53	2024-09-12 12:51:50.217935+07	2024-09-27 09:39:31.57442+07	12	DR.L1.SD1_MSN	КСД №1 (HP500). Нагреватели масла	Линия №1	КСД №1 (HP500)	\N	1	1	2	f
54	2024-09-12 14:58:42.112533+07	2024-09-27 09:40:47.220022+07	13	DR.L1.GR2	Грохот №2 (EF2461)	Линия №1	Грохот №2 (EF2461)	\N	1	1	2	f
59	2024-09-12 16:03:53.958095+07	2024-10-23 12:38:11.254594+07	18	DR.L1.K3A_VR	Конвейер №3а (TEC1200). ПИД-регулятор	Линия №1	Конвейер №3а (TEC1200)	\N	1	1	3	f
60	2024-09-12 16:06:44.184561+07	2024-09-27 10:24:16.04479+07	19	DR.L1.MD1_NG	КМД №1 (MP800). Гидравлический насос	Линия №1	КМД №1 (MP800)	\N	1	1	2	f
61	2024-09-12 16:10:09.268337+07	2024-09-27 10:28:01.884971+07	20	DR.L1.MD1_NS1	КМД №1 (MP800). Смазочный насос 1	Линия №1	КМД №1 (MP800)	\N	1	1	2	f
62	2024-09-12 16:22:03.435202+07	2024-09-27 11:38:03.091795+07	21	DR.L1.MD1_NS2	КМД №1 (MP800). Смазочный насос 2	Линия №1	КМД №1 (MP800)	\N	1	1	2	f
63	2024-09-12 16:38:18.923598+07	2024-09-27 11:46:21.448801+07	22	DR.L1.MD1_OV1	КМД №1 (MP800). Охладитель вентилятора 1	Линия №1	КМД №1 (MP800)	1	1	1	2	f
67	2024-09-12 16:57:14.338797+07	2024-09-27 12:02:12.82921+07	26	DR.L1.MD1	КМД №1 (MP800). Дробилка мелкая	Линия №1	КМД №1 (MP800)	\N	1	1	2	f
68	2024-09-13 09:46:04.396385+07	2024-09-27 12:20:20.976997+07	27	DR.L1.MD1_SOL1	КМД №1 (MP800). Соленоид №1. Байпас первого г/насоса	Линия №1	КМД №1 (MP800)	\N	1	1	1	f
70	2024-09-13 10:01:28.975935+07	2024-09-27 12:26:41.725305+07	29	DR.L1.MD1_SOL3	КМД №1 (MP800). Соленоид №3. Закрытие щели	Линия №1	КМД №1 (MP800)	\N	1	1	1	f
69	2024-09-13 09:49:18.863787+07	2024-09-27 12:23:48.384153+07	28	DR.L1.MD1_SOL2	КМД №1 (MP800). Соленоид №2. Открытие щели	Линия №1	КМД №1 (MP800)	\N	1	1	1	f
71	2024-09-13 10:04:01.507023+07	2024-09-27 12:30:56.291472+07	30	DR.L1.MD1_SOL4	КМД №1 (MP800). Соленоид №4. Контур разжимного цилиндра	Линия №1	КМД №1 (MP800)	\N	1	1	1	f
72	2024-09-13 10:07:46.742308+07	2024-09-27 12:32:16.786821+07	31	DR.L1.MD1_SOL5	КМД №1 (MP800). Соленоид №5. Очистка	Линия №1	КМД №1 (MP800)	\N	1	1	1	f
73	2024-09-13 10:17:03.546793+07	2024-09-27 12:37:54.443681+07	32	DR.L1.MD1_SOL6	КМД №1 (MP800). Соленоид №6. Контур зажимного цилиндра	Линия №1	КМД №1 (MP800)	\N	1	1	1	f
74	2024-09-13 10:33:32.271295+07	2024-09-30 09:39:00.800507+07	33	DR.L1.MD1_SOL7	КМД №1 (MP800). Соленоид №7. Изоляция г/акуум. зажимного цилиндра	Линия №1	КМД №1 (MP800)	\N	1	1	1	f
75	2024-09-13 10:40:08.462367+07	2024-09-30 09:42:25.24963+07	34	DR.L1.MD1_SOL8	КМД №1 (MP800). Соленоид №8. Сброс давления зажимного цилиндра	Линия №1	КМД №1 (MP800)	\N	1	1	1	f
76	2024-09-13 10:47:11.465931+07	2024-09-30 09:43:57.263719+07	35	DR.L1.MD1_SOL9	КМД №1 (MP800). Соленоид №9. Байпас второго г/насоса	Линия №1	КМД №1 (MP800)	\N	1	1	1	f
77	2024-09-13 10:50:07.151538+07	2024-09-30 09:47:47.959085+07	36	DR.L1.SD1_SOL1	КСД №1 (HP500). Соленоид №1. Контур зажимного цилиндра	Линия №1	КСД №1 (HP500)	\N	1	1	1	f
79	2024-09-13 10:53:01.657144+07	2024-09-30 09:54:32.073302+07	38	DR.L1.SD1_SOL3	КСД №1 (HP500). Соленоид №3. Сброс давления зажимного цилиндра	Линия №1	КСД №1 (HP500)	\N	1	1	1	f
89	2024-09-13 12:43:54.110244+07	2024-09-30 14:43:20.063476+07	48	DR.L1.Alarm	Звуковая сигнализация	Линия №1	Звуковая сигнализация	\N	1	1	2	f
84	2024-09-13 10:59:45.767143+07	2024-09-30 10:03:05.771997+07	43	DR.L1.SD1_SOL8	КСД №1 (HP500). Соленоид №8. Очистка	Линия №1	КСД №1 (HP500)	\N	1	1	1	f
85	2024-09-13 11:04:04.236724+07	2024-09-13 11:04:04.219469+07	44	DR.L1.K6	Конвейер №6	Линия №1	Конвейер	\N	1	1	2	f
87	2024-09-13 12:04:21.692795+07	2024-09-30 17:45:46.435599+07	46	DR.L1.MD1_SEQ	КМД №1 (MP800). Последовательность	Линия №1	КМД №1 (MP800)	\N	1	1	6	f
88	2024-09-13 12:07:14.889131+07	2024-09-30 17:47:57.855543+07	47	DR.L1.SD1_SEQ	КСД №1 (HP500). Последовательность	Линия №1	КСД №1 (HP500)	\N	1	1	6	f
86	2024-09-13 11:13:28.598217+07	2024-11-12 12:36:22.698059+07	45	DR.L1.SEQ	Последовательность	Линия №1	Последовательность	\N	1	1	6	f
78	2024-09-13 10:51:14.011132+07	2024-09-30 09:52:36.837506+07	37	DR.L1.SD1_SOL2	КСД №1 (HP500). Соленоид №2. Изоляция г/акуум. зажимного цилиндра	Линия №1	КСД №1 (HP500)	\N	1	1	1	f
90	2024-09-23 17:31:08.337672+07	2024-10-23 12:03:20.618268+07	51	test	tere	Секция	Позиция	1	1	1	6	f
80	2024-09-13 10:54:11.52237+07	2024-09-30 09:57:52.683096+07	39	DR.L1.SD1_SOL4	КСД №1 (HP500). Соленоид №4. Байпас первого г/насоса	Линия №1	КСД №1 (HP500)	\N	1	1	1	f
81	2024-09-13 10:56:01.309107+07	2024-09-30 09:58:31.545566+07	40	DR.L1.SD1_SOL5	КСД №1 (HP500). Соленоид №5. Открытие щели	Линия №1	КСД №1 (HP500)	\N	1	1	1	f
82	2024-09-13 10:56:45.514242+07	2024-09-30 09:59:02.229509+07	41	DR.L1.SD1_SOL6	КСД №1 (HP500). Соленоид №6. Закрытие щели	Линия №1	КСД №1 (HP500)	\N	1	1	1	f
83	2024-09-13 10:58:00.659913+07	2024-09-30 10:02:24.650891+07	42	DR.L1.SD1_SOL7	КСД №1 (HP500). Соленоид №7. Контур разжимного цилиндра	Линия №1	КСД №1 (HP500)	\N	1	1	1	f
92	2024-10-23 12:04:35.533241+07	2024-10-29 13:45:11.553215+07	49	TestEQ	desc TestEQ	Секция	Позиция	1	1	1	4	f
43	2024-09-12 11:16:50.899035+07	2024-11-12 11:42:57.500181+07	2	DR.L1.PIT3_VR	Пластинчатый питатель № 3. ПИД-регулятор	Линия №1	Пластинчатый питатель	\N	1	1	3	f
91	2024-09-25 10:39:34.160347+07	2024-09-30 17:26:36.987757+07	50	seq_test	sdf	Секция	Позиция	1	1	1	6	f
\.


--
-- TOC entry 3795 (class 0 OID 18186)
-- Dependencies: 266
-- Data for Name: equipments_cnfequipmentlinkedequipment; Type: TABLE DATA; Schema: public; Owner: postgres
--

COPY public.equipments_cnfequipmentlinkedequipment (id, n_timer, n_equipment_id, n_role_id, n_equipment_link_id, b_masked) FROM stdin;
125	0	57	107	54	f
126	0	57	109	54	f
102	0	45	49	47	f
103	0	45	49	86	f
104	0	45	53	55	f
105	0	45	236	89	f
189	0	68	97	69	f
190	0	68	97	70	f
191	0	68	97	71	f
192	0	68	97	72	f
193	0	68	97	73	f
194	120	68	112	68	f
195	120	68	108	69	f
127	0	58	49	85	f
128	0	58	49	67	f
142	0	43	53	55	f
143	0	43	107	40	f
132	0	59	109	58	f
129	0	58	50	61	f
130	0	58	50	62	f
131	0	58	179	89	f
196	120	68	108	70	f
197	120	68	108	71	f
108	0	46	109	45	f
109	0	46	107	45	f
174	180	60	112	60	f
116	0	48	49	50	f
117	0	48	179	89	f
118	0	48	1	54	f
198	120	68	108	72	f
199	120	68	108	73	f
200	0	71	108	61	f
175	0	60	108	68	f
176	0	60	109	68	f
138	0	67	50	61	f
177	300	61	108	67	f
100	0	40	49	45	f
101	0	40	236	89	f
158	180	49	108	77	f
159	180	49	108	80	f
133	0	59	107	58	f
144	0	43	109	40	f
160	180	49	112	49	f
161	0	49	109	77	f
162	0	49	109	80	f
163	300	50	108	48	f
164	300	50	112	50	f
121	0	52	109	48	f
110	0	47	49	48	f
111	0	47	49	54	f
112	0	47	53	55	f
113	0	47	81	51	f
114	0	47	81	52	f
115	0	47	179	89	f
145	0	47	99	86	f
146	0	47	110	86	f
147	0	47	110	48	f
148	0	47	106	90	f
165	30	52	108	50	f
166	0	52	108	48	f
167	0	53	111	51	f
123	0	54	49	85	f
124	0	54	179	89	f
168	0	55	49	54	f
169	0	55	53	47	f
170	1	55	111	55	f
171	0	56	49	54	f
172	0	56	53	45	f
173	1	56	111	56	f
178	300	61	112	61	f
139	0	67	50	62	f
179	300	62	108	67	f
180	300	62	112	62	f
181	5	65	111	65	f
182	240	65	110	67	f
183	240	65	106	65	f
184	0	66	111	63	f
185	0	66	111	64	f
186	0	66	108	61	f
187	0	66	108	62	f
140	0	67	179	89	f
188	0	67	53	75	f
201	0	71	108	62	f
202	0	73	53	69	f
203	0	73	53	70	f
204	0	73	53	71	f
205	0	73	53	72	f
206	0	73	111	69	f
207	0	73	111	70	f
208	0	73	111	71	f
209	0	73	111	72	f
210	0	74	97	69	f
211	0	74	97	70	f
212	5	74	108	69	f
213	5	74	108	70	f
214	0	75	97	69	f
215	0	75	97	70	f
216	5	75	108	69	f
217	5	75	108	70	f
218	0	77	111	81	f
219	0	77	111	82	f
220	0	77	111	83	f
221	0	77	111	84	f
222	0	78	97	81	f
223	0	78	97	82	f
224	5	78	108	81	f
225	5	78	108	82	f
226	0	79	97	81	f
227	0	79	97	82	f
228	5	79	108	81	f
229	5	79	108	82	f
230	0	80	97	81	f
231	0	80	97	82	f
232	0	80	97	83	f
233	0	80	97	84	f
234	120	80	108	81	f
235	120	80	108	82	f
236	120	80	108	83	f
237	120	80	108	84	f
238	120	80	112	80	f
239	0	83	111	81	f
240	0	83	111	82	f
241	0	83	111	84	f
242	0	83	107	50	f
93	0	89	97	40	f
94	0	89	97	45	f
95	0	89	97	47	f
96	0	89	97	48	f
97	0	89	97	54	f
98	0	89	97	58	f
99	0	89	97	67	f
243	60	89	111	89	f
246	8	92	2	59	f
\.


--
-- TOC entry 3801 (class 0 OID 26195)
-- Dependencies: 272
-- Data for Name: equipments_cnfequipmentlinkedpidvariable; Type: TABLE DATA; Schema: public; Owner: postgres
--

COPY public.equipments_cnfequipmentlinkedpidvariable (id, n_timer, n_equipment_id, n_role_id, n_variable_link_id, b_masked) FROM stdin;
31	0	59	1	396	f
32	0	59	10	392	f
33	0	59	10	397	f
34	0	59	14	640	f
35	0	59	27	641	f
36	0	59	32	433	f
26	0	46	1	421	f
27	0	46	10	414	f
28	0	46	14	638	f
29	0	46	27	439	f
30	0	46	32	432	f
38	7	92	1	406	f
39	0	92	32	392	f
15	0	43	1	430	f
16	0	43	10	390	f
17	0	43	10	398	f
18	0	43	10	420	f
19	0	43	10	422	f
20	0	43	32	431	f
21	0	43	27	637	f
22	0	43	14	636	f
\.


--
-- TOC entry 3793 (class 0 OID 18162)
-- Dependencies: 264
-- Data for Name: equipments_cnfequipmentlinkedvariable; Type: TABLE DATA; Schema: public; Owner: postgres
--

COPY public.equipments_cnfequipmentlinkedvariable (id, n_timer, n_equipment_id, n_role_id, n_variable_id, b_masked) FROM stdin;
84	0	45	12	450	f
85	0	45	15	451	f
86	0	45	29	449	f
87	0	45	34	642	f
88	0	45	38	452	f
89	0	45	38	471	f
90	0	45	38	448	f
132	0	51	1	528	f
133	0	51	15	483	f
134	0	51	29	482	f
135	0	51	84	557	f
136	0	51	181	575	f
137	0	51	144	394	f
138	0	51	147	394	f
166	0	57	15	463	f
167	0	57	84	600	f
104	0	48	1	526	f
105	0	48	15	475	f
106	0	48	29	474	f
107	0	48	34	642	f
108	0	48	38	506	f
109	2	48	38	470	f
110	0	48	46	466	f
111	0	48	48	415	f
178	0	60	15	522	f
179	0	60	84	569	f
124	0	50	1	527	f
125	0	50	15	479	f
126	0	50	29	478	f
127	0	50	38	471	f
128	0	50	46	466	f
129	5	50	58	391	f
130	0	50	84	555	f
131	0	50	181	574	f
94	0	47	1	525	f
95	0	47	15	456	f
96	0	47	29	455	f
97	0	47	29	457	f
98	0	47	34	642	f
99	0	47	38	506	f
100	0	47	53	427	f
101	0	47	57	390	f
114	0	49	1	477	f
115	0	49	11	476	f
116	0	49	15	481	f
117	0	49	29	480	f
118	0	49	34	642	f
119	2	49	38	470	f
120	0	49	38	471	f
121	0	49	69	468	f
139	0	52	1	529	f
140	0	52	15	485	f
141	0	52	29	484	f
142	0	52	34	642	f
143	0	52	84	558	f
144	0	52	181	576	f
153	0	54	1	532	f
154	0	54	15	458	f
155	0	54	29	459	f
156	0	54	34	642	f
157	0	54	38	460	f
158	0	54	84	596	f
145	0	53	15	487	f
146	0	53	29	486	f
147	0	53	34	642	f
148	0	53	38	471	f
149	0	53	57	394	f
150	0	53	84	559	f
159	0	54	111	597	f
162	0	55	15	461	f
163	0	55	84	598	f
164	0	56	15	462	f
165	0	56	84	599	f
180	0	60	29	521	f
181	0	60	38	610	f
182	0	60	57	635	f
79	0	44	15	441	f
80	0	44	34	642	f
168	0	58	1	541	f
169	0	58	15	495	f
170	0	58	29	493	f
171	0	58	29	614	f
172	0	58	34	642	f
173	0	58	38	496	f
174	180	58	38	610	f
81	0	44	69	440	f
82	0	44	179	438	f
83	0	44	113	546	f
201	0	63	1	538	f
183	0	61	1	536	f
184	0	61	15	514	f
185	0	61	29	513	f
187	0	61	58	405	f
188	5	61	64	406	f
189	0	61	153	499	f
202	0	63	15	510	f
203	0	63	29	509	f
204	0	63	38	501	f
205	0	63	38	502	f
206	0	63	84	563	f
307	0	85	15	545	f
220	0	66	15	520	f
221	0	66	29	519	f
222	3	66	38	501	f
223	3	66	38	502	f
224	0	66	84	568	f
227	0	67	1	535	f
228	0	67	15	508	f
229	0	67	29	507	f
230	0	67	34	642	f
231	0	67	38	502	f
232	0	67	38	610	f
243	0	69	11	612	f
245	0	69	34	601	f
208	0	64	1	539	f
207	0	63	181	583	f
209	0	64	15	512	f
210	0	64	29	511	f
211	0	64	38	501	f
212	0	64	38	502	f
213	0	64	84	564	f
66	0	40	15	443	f
73	0	40	29	442	f
214	0	64	181	584	f
215	0	65	1	540	f
216	0	65	15	518	f
217	0	65	29	517	f
218	0	65	84	567	f
219	0	65	181	585	f
225	0	66	146	423	f
246	0	69	38	610	f
247	0	69	38	611	f
248	0	69	84	619	f
237	0	68	11	612	f
239	0	68	34	601	f
240	0	68	38	610	f
241	0	68	38	611	f
242	0	68	84	618	f
249	0	69	1	603	f
250	0	70	1	604	f
251	0	70	11	612	f
252	0	70	13	602	f
253	0	70	34	601	f
254	0	70	38	610	f
255	0	70	38	611	f
256	0	70	84	620	f
264	0	72	1	606	f
265	0	72	11	612	f
266	0	72	13	602	f
267	0	72	34	601	f
268	0	72	38	610	f
269	0	72	38	611	f
257	0	71	1	608	f
258	0	71	11	612	f
259	0	71	13	602	f
260	0	71	34	601	f
261	0	71	38	610	f
262	0	71	37	611	f
278	0	74	11	612	f
279	0	74	13	602	f
280	0	74	34	601	f
281	0	74	38	610	f
282	0	74	38	611	f
283	0	74	84	624	f
271	0	73	1	605	f
272	0	73	11	612	f
274	0	73	34	601	f
275	0	73	38	610	f
276	0	73	38	611	f
277	0	73	84	623	f
290	0	76	11	612	f
292	0	76	34	601	f
293	0	76	38	610	f
294	0	76	38	611	f
295	0	76	84	626	f
284	0	75	11	612	f
285	0	75	13	602	f
286	0	75	34	601	f
287	0	75	38	610	f
288	0	75	38	611	f
298	0	78	84	588	f
296	0	77	84	587	f
297	0	77	127	466	f
302	0	81	84	591	f
299	0	79	84	589	f
300	0	80	84	590	f
303	0	82	84	592	f
306	0	84	84	594	f
304	0	83	84	593	f
308	0	89	114	573	f
309	0	89	114	577	f
310	0	89	114	569	f
74	0	40	34	642	f
75	0	40	38	444	f
76	0	40	84	548	f
91	0	45	39	453	f
92	0	45	46	472	f
93	0	45	46	473	f
323	0	45	53	414	f
324	0	45	57	437	f
325	0	45	62	446	f
326	0	45	81	447	f
327	0	45	84	549	f
328	0	45	101	570	f
329	0	45	144	648	f
330	10	45	141	648	f
176	0	58	39	644	f
177	0	58	48	643	f
235	0	67	48	407	f
236	0	67	48	410	f
370	0	67	48	411	f
371	0	67	48	412	f
372	0	67	48	423	f
373	0	67	48	424	f
374	0	67	48	425	f
375	0	67	57	400	f
376	0	67	57	401	f
347	0	58	53	392	f
348	0	58	57	400	f
349	0	58	57	401	f
350	0	58	57	402	f
103	0	47	57	414	f
331	10	47	57	434	f
332	10	47	57	435	f
333	10	47	57	436	f
334	0	47	84	551	f
335	0	47	181	571	f
112	0	48	48	416	f
113	0	48	48	417	f
377	0	67	57	402	f
191	0	61	181	581	f
378	0	67	57	404	f
379	0	67	57	413	f
336	0	48	48	418	f
337	0	48	48	419	f
338	0	48	57	394	f
339	0	48	57	398	f
340	0	48	57	414	f
341	10	48	57	434	f
342	10	48	57	435	f
343	10	48	57	436	f
344	0	48	58	391	f
345	0	48	58	395	f
192	0	62	1	537	f
193	0	62	15	516	f
194	0	62	29	515	f
196	0	62	58	405	f
197	0	62	64	406	f
198	0	62	153	500	f
199	0	62	84	566	f
200	0	62	181	582	f
351	0	58	57	403	f
352	0	58	57	404	f
353	0	58	57	428	f
354	0	58	57	424	f
355	0	58	57	396	f
356	0	58	57	635	f
357	0	58	58	406	f
358	0	58	58	408	f
359	5	58	62	497	f
360	5	58	64	409	f
361	5	58	64	632	f
362	5	58	64	633	f
363	5	58	179	492	f
364	5	58	179	491	f
365	0	58	84	560	f
366	0	58	181	586	f
367	0	58	144	646	f
368	0	58	147	646	f
429	0	71	2	608	f
430	0	71	2	606	f
431	0	71	145	633	f
432	0	71	146	633	f
263	0	71	84	621	f
409	0	60	1	603	f
410	0	60	1	604	f
411	0	60	1	605	f
412	0	60	1	606	f
413	0	60	1	608	f
414	0	60	1	609	f
415	0	60	14	602	f
416	0	60	46	614	f
391	0.1	48	81	468	f
392	0	48	84	553	f
393	0	48	104	554	f
394	0	48	181	572	f
270	0	72	84	622	f
433	0	72	2	606	f
434	0	73	14	602	f
435	0	73	2	605	f
233	0	67	48	399	f
234	0	67	48	403	f
380	0	67	58	423	f
102	0	47	57	394	f
401	40	47	63	473	f
402	40	47	63	472	f
417	0	60	11	612	f
190	0	61	84	565	f
418	0	63	141	424	f
419	0	63	144	424	f
420	0	64	138	424	f
421	0	64	147	424	f
226	0	66	145	423	f
381	0	67	58	424	f
382	0	67	38	644	f
383	0	67	64	409	f
384	0	67	64	406	f
385	13	67	64	408	f
395	0	86	11	647	f
386	0	67	64	392	f
387	0	67	153	489	f
122	0	49	69	469	f
123	0	49	84	556	f
151	0	53	146	395	f
152	0	53	145	395	f
160	0	54	181	578	f
161	0	54	57	398	f
175	0	58	38	471	f
405	0	58	38	670	f
406	300	58	38	611	f
407	0	58	38	668	f
408	0	58	38	669	f
388	0	67	84	561	f
389	0	67	104	562	f
390	0	67	181	580	f
422	10	67	38	670	f
436	0	73	145	632	f
437	0	73	126	673	f
289	0	75	84	625	f
438	0	76	14	602	f
439	0	76	1	663	f
440	0	76	2	663	f
441	0	77	128	472	f
442	0	77	11	476	f
445	0	80	11	476	f
423	300	67	38	611	f
424	10	67	38	668	f
425	10	67	38	669	f
426	0	69	2	603	f
427	0	69	14	602	f
428	0	70	2	604	f
443	0	78	11	476	f
444	0	79	11	476	f
446	0	81	11	476	f
447	0	82	11	476	f
448	0	83	128	473	f
449	0	83	11	476	f
450	0	83	146	391	f
451	0	84	11	476	f
396	0	86	34	642	f
397	0	86	111	595	f
398	0	86	185	547	f
399	0	86	185	550	f
400	0	86	185	552	f
77	0	40	138	648	f
78	0	40	147	648	f
456	7	92	21	410	f
\.


--
-- TOC entry 3797 (class 0 OID 18227)
-- Dependencies: 268
-- Data for Name: equipments_cnfequipmentlinkedword; Type: TABLE DATA; Schema: public; Owner: postgres
--

COPY public.equipments_cnfequipmentlinkedword (id, n_bit, n_word_type, n_equipment_id, n_role_id, n_variable_id) FROM stdin;
\.


--
-- TOC entry 3799 (class 0 OID 26185)
-- Dependencies: 270
-- Data for Name: equipments_cnfequipmentpidvariablerole; Type: TABLE DATA; Schema: public; Owner: postgres
--

COPY public.equipments_cnfequipmentpidvariablerole (id, n_role_index, c_role_name, c_role_desc) FROM stdin;
1	1	PV, SetValue, AveragingTime	PV : Управляемая величина (может быть назначено несколько переменных, будет использоваться первая переменная с хорошим качеством)
4	4	PV, ValueUP, AveragingTime	PV_Up : Достигнуто 100% шкалы Управляемой величины ("бак полный")
2	2	PV, AddValue, AveragingTime	PV+ : Значение переменной добавить к прошлому значению Управляемой величины
3	3	PV, SubValue, AveragingTime	PV- : Значение переменной вычесть из прошлого значения Управляемой величины
5	5	PV, ValueDW, AveragingTime	PV_Dw : Достигнуто 0% шкалы Управляемой величины ("бак пустой")
6	6	PV, ValueUP, ImpulsTime	PV_MoveUp : Происходит увеличение Управляемой величины (если переменная >= 0.5, то за период заданный в TEq_Linked.Delay, произойдёт изменение на 1% от шкалы)
7	7	PV, ValueDW, ImpulsTime	PV_MoveDw : Происходит уменьшение Управляемой величины (если переменная >= 0.5, то за период заданный в TEq_Linked.Delay, произойдёт изменение на 1% от шкалы)
8	8	PV2, ValueUP	PV2_Max_notUP : Признак: Достигнут максимум второй управляемой величины. Будет блокировано увеличение выхода регулятора
9	9	PV2, ValueDW	PV2_Min_notDW : Признак: Достигнут минимум второй управляемой величины. Будет блокировано уменьшение выхода регулятора
10	10	PV2, AddValue	PV2_HI_notUP : Вторая управляемая величина, выше верхнего предупредительного предела. Будет блокировано увеличение выхода регулятора и скорректировано вниз, при значении выше предупредительной границы
22	22	MV_FB, SetValue, AveragingTime	MV_FB : Текущее положение исполнительного механизма (обратная связь)
23	23	MV_FB, ValueUP, AveragingTime	MV_FB_Up : Текущее положение исполнительного механизма 100%
11	11	PV2, SubValue	PV2_Lo_notDW : Вторая управляемая величина, ниже нижнего предупредительного предела. Будет блокировано уменьшение выхода регулятора и скорректировано вверх, при значении ниже предупредительной границы
14	14	SP, SetValue, AveragingTime	SP : Задание ПИД-регулятора (может быть назначено несколько заданий, будет принято то, которое изменилось)
12	12	PV2, AddValue, Inversion	PV2_HI_notDW : Вторая управляемая величина, выше верхнего предупредительного предела. Будет блокировано уменьшение выхода регулятора и скорректировано вверх, при значении ниже предупредительной границы
13	13	PV2, SubValue, Inversion	PV2_Lo_notUP : Вторая управляемая величина, ниже нижнего предупредительного предела. Будет блокировано увеличение выхода регулятора и скорректировано вниз, при значении выше предупредительной границы
15	15	SP, AddValue, AveragingTime	SP+ : Значение переменной добавить к прошлому значению Задания ПИД-регулятора
16	16	SP, SubValue, AveragingTime	SP- : Значение переменной вычесть из прошлого значения Задания ПИД-регулятора
17	17	SP, ValueUP, ImpulsTime	SP impuls + : Нажата кнопка: Увеличить задание ПИД-регулятора (если переменная >= 0.5, то за период заданный в TEq_Linked.Delay, произойдёт изменение на 1% от шкалы)
18	18	SP, ValueDW, ImpulsTime	SP impuls - : Нажата кнопка: Уменьшить задание ПИД-регулятора (если переменная >= 0.5, то за период заданный в TEq_Linked.Delay, произойдёт изменение на 1% от шкалы)
19	19	SPin, SetValue, AveragingTime	SP_in : Внешнее задание ПИД-регулятора. При опции: TPIDC_Config.CW.SP_in_State (подчиненный) внешнее задание заменяет текущее.
20	20	SPin, AddValue, AveragingTime	SP_in + : При опции: TPIDC_Config.CW.SP_in_State (подчиненный) внешнее задание добавляется к текущему.
21	21	SPin, SubValue, AveragingTime	SP_in - : При опции: TPIDC_Config.CW.SP_in_State (подчиненный) внешнее задание вычитается из текущего.
24	24	MV_FB, ValueDW, AveragingTime	MV_FB_Dw : Текущее положение исполнительного механизма 0%
25	25	MV_FB, ValueUP, ImpulsTime	MV_FB_MoveUp : Происходит увеличение положения исполнительного механизма (если переменная >= 0.5, то за период заданный в TEq_Linked.Delay, произойдёт изменение на 1% от шкалы)
26	26	MV_FB, ValueDW, ImpulsTime	MV_FB_MoveDw : Происходит уменьшение положения исполнительного механизма (если переменная >= 0.5, то за период заданный в TEq_Linked.Delay, произойдёт изменение на 1% от шкалы)
27	27	MV_SP, SetValue, AveragingTime	MV_SP : Ручное задание выхода ПИД-регулятора (может быть назначено несколько заданий, будет принято то, которое изменилось)
28	28	MV_SP, AddValue, AveragingTime	MV_SP+ : Значение переменной добавить к прошлому значению ручного задания выхода ПИД-регулятора
29	29	MV_SP, SubValue, AveragingTime	MV_SP- : Значение переменной вычесть из прошлого значения ручного задания выхода ПИД-регулятора
30	30	MV_SP, ValueUP, ImpulsTime	MV_SP impuls + : Нажата кнопка: Увеличить ручное задание выхода ПИД-регулятора (если переменная >= 0.5, то за период заданный в TEq_Linked.Delay, произойдёт изменение на 1% от шкалы)
31	31	MV_SP, ValueDW, ImpulsTime	MV_SP impuls - : Нажата кнопка: Уменьшить ручное задание выхода ПИД-регулятора (если переменная >= 0.5, то за период заданный в TEq_Linked.Delay, произойдёт изменение на 1% от шкалы)
32	32	MV, SetValue, AveragingTime	MV : Выход ПИД-регулятора (прямое значение)
33	33	MV, SetValue, AveragingTime, Inversion	MV inv : Инверсный выход ПИД-регулятора
34	34	MV, DeltaValue, AveragingTime	MV delta : Выход ПИД-регулятора в виде приращения
35	35	MV, ValueUP, AveragingTime	MV UP : Выставить значение переменной = 1, если выход ПИД-регулятора больше 50%
36	36	MV, ValueDW, AveragingTime	MV DW : Выставить значение переменной = 1, если выход ПИД-регулятора меньше 50%
37	37	MV, ValueUP, ImpulsTime	MV impuls + : Выход ШИМ "больше" (Таймер: TEq_Linked.Delay, должен соответствовать перемещению 1% от шкалы положения исполнительного механизма)
38	38	MV, ValueDW, ImpulsTime	MV impuls - : Выход ШИМ "меньше" (Таймер: TEq_Linked.Delay, должен соответствовать перемещению 1% от шкалы положения исполнительного механизма)
\.


--
-- TOC entry 3789 (class 0 OID 18146)
-- Dependencies: 260
-- Data for Name: equipments_cnfequipmentrole; Type: TABLE DATA; Schema: public; Owner: postgres
--

COPY public.equipments_cnfequipmentrole (id, n_role_index, c_role_desc, c_role_name) FROM stdin;
1	1	Блок в Авто, на: запуск если смежный агрегат не запущен	Interlock
17	17	Блок в Авто, на: Вперед если смежный агрегат не запущен	Interlock
18	18	Блок в Авто, на: Вперед если ни один из смежных агрегатов не запущен (AND)	Interlock, bAND
19	19	Блок в Авто, на: Назад если смежный агрегат не запущен	Interlock
20	20	Блок в Авто, на: Назад если ни один из смежных агрегатов не запущен (AND)	Interlock, bAND
21	21	Блок в Авто, на: Вперед если смежный агрегат не остановлен	Interlock
22	22	Блок в Авто, на: Вперед если ни один из смежных агрегатов не остановлен (AND)	Interlock, bAND
23	23	Блок в Авто, на: Назад если смежный агрегат не остановлен	Interlock
24	24	Блок в Авто, на: Назад если ни один из смежных агрегатов не остановлен (AND)	Interlock, bAND
25	25	Блок в Авто, на: Вперед если смежный агрегат остановлен	Interlock
26	26	Блок в Авто, на: Вперед если все смежные агрегаты остановлены (AND)	Interlock, bAND
27	27	Блок в Авто, на: Назад если смежный агрегат остановлен	Interlock
28	28	Блок в Авто, на: Назад если все смежные агрегаты остановлены (AND)	Interlock, bAND
29	29	Блок в Авто, на: Вперед если смежный агрегат запущен	Interlock
30	30	Блок в Авто, на: Вперед если ни все смежные агрегаты запущены (AND)	Interlock, bAND
31	31	Блок в Авто, на: Назад если смежный агрегат запущен	Interlock
32	32	Блок в Авто, на: Назад если все смежные агрегаты запущены (AND)	Interlock, bAND
33	33	Блок в Авто, на: запуск если смежный агрегат был неисправен	Interlock
34	34	Блок в Авто, на: запуск если все смежные агрегаты были неисправны (AND)	Interlock, bAND
35	35	Блок в Авто, на: останов если смежный агрегат был неисправен	Interlock
36	36	Блок в Авто, на: останов если все смежные агрегаты были неисправны (AND)	Interlock, bAND
37	37	Блок в Авто, на: запуск если смежный агрегат с текущей неисправностью	Interlock
38	38	Блок в Авто, на: запуск если ни все смежные агрегаты с текущей неисправностью (AND)	Interlock, bAND
39	39	Блок в Авто, на: останов если смежный агрегат с текущей неисправностью	Interlock
40	40	Блок в Авто, на: останов если все смежные агрегаты с текущей неисправностью (AND)	Interlock, bAND
41	41	Блок в Авто, на: запуск если смежный агрегат В работе	Interlock
42	42	Блок в Авто, на: запуск если все смежные агрегаты В работе (AND)	Interlock, bAND
43	43	Блок в Авто, на: останов если смежный агрегат В работе	Interlock
44	44	Блок в Авто, на: останов если все смежные агрегаты В работе (AND)	Interlock, bAND
45	45	Блок в Авто, на: запуск если смежный агрегат НЕ в работе	Interlock, Inversion
46	46	Блок в Авто, на: запуск если ни все смежные агрегаты НЕ в работе (AND)	Interlock, Inversion, bAND
47	47	Блок в Авто, на: останов если смежный агрегат НЕ в работе	Interlock, Inversion
48	48	Блок в Авто, на: останов если все смежные агрегаты НЕ в работе (AND)	Interlock, Inversion, bAND
49	49	Блокировка на: запуск если смежный агрегат не запущен	Interlock, Manual
50	50	Блокировка на: запуск если ни один из смежных агрегатов не запущен (AND)	Interlock, bAND, Manual
51	51	Блокировка на: останов если смежный агрегат не запущен	Interlock, Manual
52	52	Блокировка на: останов если ни один из смежных агрегатов не запущен (AND)	Interlock, bAND, Manual
53	53	Блокировка на: запуск если смежный агрегат не остановлен	Interlock, Manual
54	54	Блокировка на: запуск если ни один из смежных агрегатов не остановлен (AND)	Interlock, bAND, Manual
55	55	Блокировка на: останов если смежный агрегат не остановлен	Interlock, Manual
56	56	Блокировка на: останов если ни один из смежных агрегатов не остановлен (AND)	Interlock, bAND, Manual
57	57	Блокировка на: запуск если смежный агрегат остановлен	Interlock, Manual
58	58	Блокировка на: запуск если все смежные агрегаты остановлены (AND)	Interlock, bAND, Manual
59	59	Блокировка на: останов если смежный агрегат остановлен	Interlock, Manual
60	60	Блокировка на: останов если все смежные агрегаты остановлены (AND)	Interlock, bAND, Manual
61	61	Блокировка на: запуск если смежный агрегат запущен	Interlock, Manual
62	62	Блокировка на: запуск если ни все смежные агрегаты запущены (AND)	Interlock, bAND, Manual
63	63	Блокировка на: останов если смежный агрегат запущен	Interlock, Manual
64	64	Блокировка на: останов если все смежные агрегаты запущены (AND)	Interlock, bAND, Manual
65	65	Блокировка на: Вперед если смежный агрегат не запущен	Interlock, Manual
66	66	Блокировка на: Вперед если ни один из смежных агрегатов не запущен (AND)	Interlock, bAND, Manual
67	67	Блокировка на: Назад если смежный агрегат не запущен	Interlock, Manual
68	68	Блокировка на: Назад если ни один из смежных агрегатов не запущен (AND)	Interlock, bAND, Manual
69	69	Блокировка на: Вперед если смежный агрегат не остановлен	Interlock, Manual
70	70	Блокировка на: Вперед если ни один из смежных агрегатов не остановлен (AND)	Interlock, bAND, Manual
71	71	Блокировка на: Назад если смежный агрегат не остановлен	Interlock, Manual
72	72	Блокировка на: Назад если ни один из смежных агрегатов не остановлен (AND)	Interlock, bAND, Manual
73	73	Блокировка на: Вперед если смежный агрегат остановлен	Interlock, Manual
74	74	Блокировка на: Вперед если все смежные агрегаты остановлены (AND)	Interlock, bAND, Manual
75	75	Блокировка на: Назад если смежный агрегат остановлен	Interlock, Manual
76	76	Блокировка на: Назад если все смежные агрегаты остановлены (AND)	Interlock, bAND, Manual
77	77	Блокировка на: Вперед если смежный агрегат запущен	Interlock, Manual
78	78	Блокировка на: Вперед если ни все смежные агрегаты запущены (AND)	Interlock, bAND, Manual
79	79	Блокировка на: Назад если смежный агрегат запущен	Interlock, Manual
80	80	Блокировка на: Назад если все смежные агрегаты запущены (AND)	Interlock, bAND, Manual
81	81	Блокировка на: запуск если смежный агрегат был неисправен	Interlock, Manual
82	82	Блокировка на: запуск если все смежные агрегаты были неисправны (AND)	Interlock, bAND, Manual
83	83	Блокировка на: останов если смежный агрегат был неисправен	Interlock, Manual
84	84	Блокировка на: останов если все смежные агрегаты были неисправны (AND)	Interlock, bAND, Manual
85	85	Блокировка на: запуск если смежный агрегат с текущей неисправностью	Interlock, Manual
86	86	Блокировка на: запуск если ни все смежные агрегаты с текущей неисправностью (AND)	Interlock, bAND, Manual
87	87	Блокировка на: останов если смежный агрегат с текущей неисправностью	Interlock, Manual
88	88	Блокировка на: останов если все смежные агрегаты с текущей неисправностью (AND)	Interlock, bAND, Manual
89	89	Блокировка на: запуск если смежный агрегат В работе	Interlock, Manual
90	90	Блокировка на: запуск если все смежные агрегаты В работе (AND)	Interlock, bAND, Manual
91	91	Блокировка на: останов если смежный агрегат В работе	Interlock, Manual
92	92	Блокировка на: останов если все смежные агрегаты В работе (AND)	Interlock, bAND, Manual
93	93	Блокировка на: запуск если смежный агрегат НЕ в работе	Interlock, Manual, Inversion
94	94	Блокировка на: запуск если ни все смежные агрегаты НЕ в работе (AND)	Interlock, bAND, Manual, Inversion
95	95	Блокировка на: останов если смежный агрегат НЕ в работе	Interlock, Manual, Inversion
96	96	Блокировка на: останов если все смежные агрегаты НЕ в работе (AND)	Interlock, bAND, Manual, Inversion
97	97	Команда на: запуск если смежный агрегат Запускается	Linked
98	98	Команда на: запуск если ни один из смежных агрегатов не запущен (AND)	Linked, bAND
99	99	Команда на: останов если смежный агрегат не запущен	Linked
100	100	Команда на: останов если ни один из смежных агрегатов не запущен (AND)	Linked, bAND
101	101	Команда на: запуск если смежный агрегат не остановлен	Linked
102	102	Команда на: запуск если ни один из смежных агрегатов не остановлен (AND)	Linked, bAND
103	103	Команда на: останов если смежный агрегат не остановлен	Linked
104	104	Команда на: останов если ни один из смежных агрегатов не остановлен (AND)	Linked, bAND
105	105	Команда на: запуск если смежный агрегат остановлен	Linked
106	106	Команда на: запуск если все смежные агрегаты остановлены (AND)	Linked, bAND
107	107	Команда на: останов если смежный агрегат остановлен	Linked
108	108	Команда на: останов если все смежные агрегаты остановлены (AND)	Linked, bAND
109	109	Команда на: запуск если смежный агрегат запущен	Linked
110	110	Команда на: запуск если ни все смежные агрегаты запущены (AND)	Linked, bAND
111	111	Команда на: останов если смежный агрегат запущен	Linked
112	112	Команда на: останов если все смежные агрегаты запущены (AND)	Linked, bAND
113	113	Команда на: Вперед если смежный агрегат не запущен	Linked
114	114	Команда на: Вперед если ни один из смежных агрегатов не запущен (AND)	Linked, bAND
115	115	Команда на: Назад если смежный агрегат не запущен	Linked
116	116	Команда на: Назад если ни один из смежных агрегатов не запущен (AND)	Linked, bAND
117	117	Команда на: Вперед если смежный агрегат не остановлен	Linked
118	118	Команда на: Вперед если ни один из смежных агрегатов не остановлен (AND)	Linked, bAND
119	119	Команда на: Назад если смежный агрегат не остановлен	Linked
120	120	Команда на: Назад если ни один из смежных агрегатов не остановлен (AND)	Linked, bAND
121	121	Команда на: Вперед если смежный агрегат остановлен	Linked
122	122	Команда на: Вперед если все смежные агрегаты остановлены (AND)	Linked, bAND
123	123	Команда на: Назад если смежный агрегат остановлен	Linked
124	124	Команда на: Назад если все смежные агрегаты остановлены (AND)	Linked, bAND
125	125	Команда на: Вперед если смежный агрегат запущен	Linked
126	126	Команда на: Вперед если ни все смежные агрегаты запущены (AND)	Linked, bAND
127	127	Команда на: Назад если смежный агрегат запущен	Linked
128	128	Команда на: Назад если все смежные агрегаты запущены (AND)	Linked, bAND
129	129	Команда на: запуск если смежный агрегат был неисправен	Linked
130	130	Команда на: запуск если все смежные агрегаты были неисправны (AND)	Linked, bAND
131	131	Команда на: останов если смежный агрегат был неисправен	Linked
132	132	Команда на: останов если все смежные агрегаты были неисправны (AND)	Linked, bAND
133	133	Команда на: запуск если смежный агрегат с текущей неисправностью	Linked
134	134	Команда на: запуск если ни все смежные агрегаты с текущей неисправностью (AND)	Linked, bAND
135	135	Команда на: останов если смежный агрегат с текущей неисправностью	Linked
136	136	Команда на: останов если все смежные агрегаты с текущей неисправностью (AND)	Linked, bAND
137	137	Команда на: запуск если смежный агрегат В работе	Linked
138	138	Команда на: запуск если все смежные агрегаты В работе (AND)	Linked, bAND
139	139	Команда на: останов если смежный агрегат В работе	Linked
140	140	Команда на: останов если все смежные агрегаты В работе (AND)	Linked, bAND
141	141	Команда на: запуск если смежный агрегат НЕ в работе	Linked, Inversion
142	142	Команда на: запуск если ни все смежные агрегаты НЕ в работе (AND)	Linked, Inversion, bAND
143	143	Команда на: останов если смежный агрегат НЕ в работе	Linked, Inversion
144	144	Команда на: останов если все смежные агрегаты НЕ в работе (AND)	Linked, Inversion, bAND
145	145	Команда на: Остановить движение, если смежный агрегат в промежуточном положении	Linked
146	146	Команда на: Остановить движение, если смежный агрегат запускается, запущен	Linked
147	147	Команда на: Остановить движение, если смежный агрегат останавливается, остановлен	Linked
148	148	Команда на: Остановить движение, если смежный агрегат в движении	Linked
149	149	Команда на: Остановить движение, если смежный агрегат не в промежуточном положении	Linked, Inversion
150	150	Команда на: Сброс, если на смежном агрегате Сброс	Linked
151	151	Команда на: Сброс, если смежный агрегат неисправен	Linked
152	152	Команда на: Сброс, если смежный агрегат запускается, запущен	Linked
153	153	Команда на: Сброс, если смежный  агрегат останавливается, остановлен	Linked
154	154	Команда на: В Локальный, если смежный агрегат в Локальном	Linked
155	155	Команда на: В Дистанционный, если смежный агрегат в Дистанционном	Linked
156	156	Команда на: В Ручной, если смежный агрегат в Ручном	Linked
157	157	Команда на: В Авто, если смежный агрегат в Автоматическом	Linked
158	158	Команда на: В Локальный, если смежный агрегат в Дистанционном	Linked
159	159	Команда на: В Дистанционный, если смежный агрегат в Локальном	Linked
160	160	Команда на: В Ручной, если смежный агрегат в Автоматическом	Linked
161	161	Команда на: В Авто, если смежный агрегат в Ручном	Linked
162	162	Команда на: На Паузу, если смежный агрегат на паузе	Linked
163	163	Команда на: На Паузу, если смежный агрегат запускается, запущен	Linked
164	164	Команда на: На Паузу, если смежный агрегат останавливается, остановлен	Linked
165	165	Команда на: На Паузу, если смежный агрегат не на паузе	Linked, Inversion
166	166	Команда на: Снять с Паузы, если смежный агрегат на паузе	Linked
167	167	Команда на: Снять с Паузы, если смежный агрегат запускается, запущен	Linked
168	168	Команда на: Снять с Паузы, если смежный агрегат останавливается, остановлен	Linked
169	169	Команда на: Снять с Паузы, если смежный агрегат не на паузе	Linked, Inversion
170	170	Принять состояние: Запущен если смежный запущен	StateTransfer
171	171	Принять состояние: Запущен если смежный остановлен	StateTransfer
172	172	Принять состояние: Запущен если смежный в готовности	StateTransfer
173	173	Принять состояние: Запущен если смежный В движении	StateTransfer
174	174	Принять состояние: Запущен если смежный В работе	StateTransfer
175	175	Принять состояние: Запущен если смежный Вперед	StateTransfer
176	176	Принять состояние: Запущен если смежный Назад	StateTransfer
177	177	Принять состояние: Запущен если у смежного включен контактор	StateTransfer
178	178	Принять состояние: Запущен если у смежного выключен контактор	StateTransfer
179	179	Принять состояние: Запущен если у смежного отзвенела предпусковая сигнализация	StateTransfer
180	180	Принять состояние: Остановлен если смежный остановлен	StateTransfer
181	181	Принять состояние: Остановлен если смежный запущен	StateTransfer
182	182	Принять состояние: Остановлен если у смежного неисправность	StateTransfer
183	183	Принять состояние: Остановлен если у смежного были неисправности	StateTransfer
184	184	Принять состояние: Остановлен если смежный НЕ в движении	StateTransfer, Inversion
185	185	Принять состояние: Остановлен если смежный НЕ в работе	StateTransfer, Inversion
186	186	Принять состояние: Остановлен если смежный Вперед	StateTransfer
187	187	Принять состояние: Остановлен если смежный Назад	StateTransfer
188	188	Принять состояние: Остановлен если у смежного включен контактор	StateTransfer
189	189	Принять состояние: Остановлен если у смежного выключен контактор	StateTransfer
190	190	Принять состояние: Остановлен если у смежного НЕ отзвенела предпусковая сигнализация	StateTransfer, Inversion
191	191	Принять состояние: Готовность если смежный запущен	StateTransfer
192	192	Принять состояние: Готовность если смежный остановлен	StateTransfer
193	193	Принять состояние: Готовность если смежный в Локальном	StateTransfer
194	194	Принять состояние: Готовность если смежный в Дистанционном	StateTransfer
195	195	Принять состояние: Готовность если смежный в Ручном	StateTransfer, Inversion
196	196	Принять состояние: Готовность если смежный в Авто	StateTransfer, Inversion
197	197	Принять состояние: Готовность если смежный в готовности	StateTransfer
198	198	Принять состояние: Готовность если смежный В движении	StateTransfer
199	199	Принять состояние: Готовность если смежный В работе	StateTransfer
200	200	Принять состояние: Готовность если смежный Вперед	StateTransfer
201	201	Принять состояние: Готовность если смежный Назад	StateTransfer
202	202	Принять состояние: Готовность если у смежного отзвенела предпусковая сигнализация	StateTransfer
203	203	Принять состояние: Неисправность если смежный запущен	StateTransfer
204	204	Принять состояние: Неисправность если смежный остановлен	StateTransfer
205	205	Принять состояние: Неисправность если смежный в Локальном	StateTransfer
206	206	Принять состояние: Неисправность если смежный в Ручном	StateTransfer, Inversion
215	215	Принять состояние: Прошлая неисправность если у смежного неисправность	StateTransfer
216	216	Принять состояние: Прошлая неисправность если у смежного были неисправности	StateTransfer
217	217	Принять состояние: В движении если смежный запущен	StateTransfer
218	218	Принять состояние: В движении если смежный остановлен	StateTransfer
219	219	Принять состояние: В движении если смежный В движении	StateTransfer
220	220	Принять состояние: В движении если смежный В работе	StateTransfer
221	221	Принять состояние: В работе если смежный запущен	StateTransfer
222	222	Принять состояние: В работе если смежный остановлен	StateTransfer
223	223	Принять состояние: В работе если смежный В работе	StateTransfer
224	224	Принять состояние: В работе если смежный Вперед	StateTransfer
225	225	Принять состояние: В работе если смежный Назад	StateTransfer
226	226	Принять состояние: Вперед если смежный запущен	StateTransfer
227	227	Принять состояние: Вперед если смежный остановлен	StateTransfer
228	228	Принять состояние: Вперед если смежный Вперед	StateTransfer
229	229	Принять состояние: Вперед если смежный Назад	StateTransfer
230	230	Принять состояние: Назад если смежный запущен	StateTransfer
231	231	Принять состояние: Назад если смежный остановлен	StateTransfer
232	232	Принять состояние: Назад если смежный Назад	StateTransfer
233	233	Принять состояние: Назад если смежный Вперед	StateTransfer
234	234	Принять состояние: Предпусковая сигнализация если смежный запущен	StateTransfer
235	235	Принять состояние: Предпусковая сигнализация если смежный остановлен	StateTransfer
236	236	Принять состояние: Предпусковая сигнализация если у смежного отзвенела предпусковая сигнализация	StateTransfer
237	237	Управление агрегатом от ПИД Управляемый агрегат	CMD, PID_out
238	238	Управление агрегатом от ПИД Управление с инверсией	CMD, PID_out, Inversion
239	239	Управление агрегатом от ПИД Управление реверсом	CMD, PID_out, ForwardBack
240	240	АВР агрегат 	ATS_slave
241	241	Признак В работе: если запущен и смежный запущен	StateTransfer, inWork
242	242	Признак В работе: если запущен, а смежный остановлен	StateTransfer, inWork
243	243	Признак В работе: если остановлен и смежный остановлен	StateTransfer, inWork
244	244	Признак В работе: если остановлен, а смежный запущен	StateTransfer, inWork
245	245	Признак В работе: если Вперед, а смежный запущен	StateTransfer, inWork
246	246	Признак В работе: если Вперед, а смежный остановлен	StateTransfer, inWork
247	247	Признак В работе: если Назад, а смежный запущен	StateTransfer, inWork
248	248	Признак В работе: если Назад, а смежный остановлен	StateTransfer, inWork
2	2	Блок в Авто, на: запуск если ни один из смежных агрегатов не запущен (AND)	Interlock, bAND
3	3	Блок в Авто, на: останов если смежный агрегат не запущен	Interlock
4	4	Блок в Авто, на: останов если ни один из смежных агрегатов не запущен (AND)	Interlock, bAND
5	5	Блок в Авто, на: запуск если смежный агрегат не остановлен	Interlock
6	6	Блок в Авто, на: запуск если ни один из смежных агрегатов не остановлен (AND)	Interlock, bAND
7	7	Блок в Авто, на: останов если смежный агрегат не остановлен	Interlock
8	8	Блок в Авто, на: останов если ни один из смежных агрегатов не остановлен (AND)	Interlock, bAND
9	9	Блок в Авто, на: запуск если смежный агрегат остановлен	Interlock
10	10	Блок в Авто, на: запуск если все смежные агрегаты остановлены (AND)	Interlock, bAND
11	11	Блок в Авто, на: останов если смежный агрегат остановлен	Interlock
12	12	Блок в Авто, на: останов если все смежные агрегаты остановлены (AND)	Interlock, bAND
13	13	Блок в Авто, на: запуск если смежный агрегат запущен	Interlock
14	14	Блок в Авто, на: запуск если ни все смежные агрегаты запущены (AND)	Interlock, bAND
15	15	Блок в Авто, на: останов если смежный агрегат запущен	Interlock
16	16	Блок в Авто, на: останов если все смежные агрегаты запущены (AND)	Interlock, bAND
207	207	Принять состояние: Неисправность если смежный в готовности	StateTransfer
208	208	Принять состояние: Неисправность если у смежного неисправность	StateTransfer
209	209	Принять состояние: Неисправность если у смежного были неисправности	StateTransfer
210	210	Принять состояние: Прошлая неисправность если смежный запущен	StateTransfer
211	211	Принять состояние: Прошлая неисправность если смежный остановлен	StateTransfer
212	212	Принять состояние: Прошлая неисправность если смежный в Локальном	StateTransfer
213	213	Принять состояние: Прошлая неисправность если смежный в Ручном	StateTransfer, Inversion
214	214	Принять состояние: Прошлая неисправность если смежный в готовности	StateTransfer
\.


--
-- TOC entry 3785 (class 0 OID 18101)
-- Dependencies: 256
-- Data for Name: equipments_cnfequipmenttype; Type: TABLE DATA; Schema: public; Owner: postgres
--

COPY public.equipments_cnfequipmenttype (id, n_type_value, c_type_name, c_type_desc, n_global_object_type) FROM stdin;
1	1	TYPE_EQ01	Задвижка/Клапан	11
2	2	TYPE_EQ02	Электропривод	13
3	10	TYPE_PID_AI	Аналоговый ПИД-регулятор	15
4	11	TYPE_PID_DC	ПИД-регулятор - ШИМ	16
5	12	TYPE_P_DC	Пороговый регулятор	17
6	14	TYPE_EQ14	Последовательность	18
7	15	TYPE_ATS	АВР	19
8	3	TYPE_EQ03	Задвижка/Клапан с ЧРП	12
9	4	TYPE_EQ04	Электропривод с ЧРП	14
\.


--
-- TOC entry 3787 (class 0 OID 18110)
-- Dependencies: 258
-- Data for Name: equipments_cnfequipmentvalue; Type: TABLE DATA; Schema: public; Owner: postgres
--

COPY public.equipments_cnfequipmentvalue (id, f_value, c_note, n_attribute_id, n_equipment_id) FROM stdin;
1375	1	---	107	90
1376	1	---	115	90
1377	1	---	116	90
1378	1	---	117	90
1379	1	---	118	90
675	1	---	68	40
753	1	---	68	45
754	1	---	69	45
755	0	---	70	45
756	1	---	71	45
757	0	---	72	45
758	0	---	73	45
759	0	---	74	45
760	4	---	75	45
761	4	---	76	45
762	0	---	77	45
763	0	---	78	45
711	1	---	68	43
741	1	---	68	44
742	1	---	69	44
743	0	---	70	44
744	1	---	71	44
745	0	---	72	44
746	0	---	73	44
747	0	---	74	44
748	4	---	75	44
749	4	---	76	44
1380	0	---	68	92
766	1	---	69	46
767	1	---	70	46
768	1	---	71	46
769	0	---	72	46
750	0	---	77	44
794	2315	---	79	46
765	1	---	68	46
1381	1	---	69	92
1382	1	---	70	92
1383	0	---	71	92
1384	0	---	72	92
1385	0	---	73	92
1386	0	---	74	92
1387	0	---	75	92
1388	0	---	76	92
1389	0	---	77	92
1390	0	---	78	92
676	1	---	69	40
677	1	---	70	40
678	1	---	71	40
679	0	---	72	40
680	0	---	73	40
681	0	---	74	40
682	25	---	75	40
683	25	---	76	40
684	0	---	77	40
1286	0	---	73	86
1287	0	---	74	86
1288	0	---	75	86
740	2315	---	79	43
712	1	---	69	43
713	1	---	70	43
714	1	---	71	43
715	0	---	72	43
716	0	---	73	43
717	0	---	74	43
718	0	---	75	43
719	0	---	76	43
720	0	---	77	43
1289	0	---	76	86
1290	0	---	77	86
1291	0	---	78	86
751	0	---	78	44
752	11	---	67	44
770	0	---	73	46
1391	6	---	67	92
771	0	---	74	46
772	0	---	75	46
773	0	---	76	46
774	0	---	77	46
775	0	---	78	46
776	1	---	83	46
777	1	---	91	46
795	1	---	68	47
796	1	---	69	47
1293	1	---	109	86
1294	1	---	113	86
1295	1	---	115	86
685	0	---	78	40
797	1	---	70	47
798	1	---	71	47
799	0	---	72	47
800	0	---	73	47
801	0	---	74	47
802	14	---	75	47
803	4	---	76	47
804	0	---	77	47
805	0	---	78	47
721	0	---	78	43
722	1	---	83	43
965	100	---	101	59
966	0	---	102	59
843	1	---	68	51
844	1	---	69	51
845	1	---	70	51
846	1	---	71	51
847	0	---	72	51
848	0	---	73	51
849	0	---	74	51
850	4	---	75	51
851	4	---	76	51
852	0	---	77	51
853	0	---	78	51
854	15	---	67	51
967	15	---	67	59
1405	1	---	80	92
1406	1	---	88	92
831	1	---	68	50
806	15	---	67	47
832	1	---	69	50
833	1	---	70	50
834	1	---	71	50
835	0	---	72	50
836	0	---	73	50
837	0	---	74	50
838	4	---	75	50
839	4	---	76	50
840	0	---	77	50
807	1	---	68	48
808	1	---	69	48
809	0	---	70	48
810	1	---	71	48
811	0	---	72	48
812	0	---	73	48
813	0	---	74	48
814	14	---	75	48
815	4	---	76	48
816	180	---	77	48
817	0	---	78	48
841	0	---	78	50
879	1	---	68	54
880	1	---	69	54
881	1	---	70	54
882	1	---	71	54
883	0	---	72	54
884	0	---	73	54
885	0	---	74	54
886	30	---	75	54
887	4	---	76	54
888	0	---	77	54
889	0	---	78	54
867	1	---	68	53
868	1	---	69	53
869	1	---	70	53
870	1	---	71	53
871	0	---	72	53
872	0	---	73	53
873	0	---	74	53
874	4	---	75	53
875	4	---	76	53
876	0	---	77	53
877	0	---	78	53
903	1	---	68	56
904	1	---	69	56
905	1	---	70	56
906	1	---	71	56
907	0	---	72	56
908	0	---	73	56
909	0	---	74	56
910	4	---	75	56
911	4	---	76	56
912	0	---	77	56
913	0	---	78	56
915	1	---	68	57
916	1	---	69	57
917	1	---	70	57
918	1	---	71	57
919	0	---	72	57
920	0	---	73	57
921	0	---	74	57
922	4	---	75	57
923	4	---	76	57
924	0	---	77	57
925	0	---	78	57
819	1	---	68	49
820	1	---	69	49
821	0	---	70	49
822	1	---	71	49
823	0	---	72	49
824	0	---	73	49
825	0	---	74	49
826	4	---	75	49
827	0	---	76	49
828	0	---	77	49
829	0	---	78	49
842	15	---	67	50
855	1	---	68	52
856	1	---	69	52
857	1	---	70	52
858	1	---	71	52
859	0	---	72	52
860	0	---	73	52
861	0	---	74	52
862	4	---	75	52
863	4	---	76	52
864	0	---	77	52
865	0	---	78	52
1392	1	---	83	92
939	1	---	68	59
940	1	---	69	59
941	1	---	70	59
942	1	---	71	59
943	0	---	72	59
944	0	---	73	59
945	0	---	74	59
946	0	---	75	59
947	0	---	76	59
948	0	---	77	59
949	0	---	78	59
1393	0.2	---	94	92
1394	0	---	95	92
1395	0	---	96	92
1396	0	---	97	92
1397	0	---	98	92
968	2315	---	79	59
926	15	---	67	57
1398	1	---	99	92
1399	1	---	100	92
1400	0	---	103	92
1401	100	---	104	92
1402	0.2	---	105	92
723	1	---	91	43
724	1	---	80	43
725	0.5	---	94	43
726	1	---	81	43
1017	1	---	68	64
981	1	---	68	61
982	1	---	69	61
983	1	---	70	61
984	1	---	71	61
985	0	---	72	61
986	0	---	73	61
987	0	---	74	61
988	4	---	75	61
989	4	---	76	61
990	0	---	77	61
991	0	---	78	61
992	15	---	67	61
914	15	---	67	56
1018	1	---	69	64
927	1	---	68	58
1019	1	---	70	64
891	1	---	68	55
892	1	---	69	55
893	1	---	70	55
894	1	---	71	55
895	0	---	72	55
993	1	---	68	62
994	1	---	69	62
995	1	---	70	62
996	1	---	71	62
997	0	---	72	62
998	0	---	73	62
999	0	---	74	62
1000	4	---	75	62
1001	4	---	76	62
1002	0	---	77	62
1003	0	---	78	62
1004	15	---	67	62
1020	1	---	71	64
1021	0	---	72	64
1022	0	---	73	64
896	0	---	73	55
897	0	---	74	55
898	4	---	75	55
899	4	---	76	55
900	0	---	77	55
901	0	---	78	55
902	15	---	67	55
1023	0	---	74	64
1024	4	---	75	64
1025	4	---	76	64
1026	0	---	77	64
1027	0	---	78	64
1028	15	---	67	64
1005	1	---	68	63
1006	1	---	69	63
1007	1	---	70	63
1008	1	---	71	63
1009	0	---	72	63
1010	0	---	73	63
1011	0	---	74	63
1012	4	---	75	63
1013	4	---	76	63
1014	0	---	77	63
1015	0	---	78	63
1016	15	---	67	63
969	1	---	68	60
970	1	---	69	60
971	1	---	70	60
972	1	---	71	60
973	0	---	72	60
974	0	---	73	60
975	0	---	74	60
976	4	---	75	60
977	4	---	76	60
978	0	---	77	60
979	0	---	78	60
980	15	---	67	60
1029	1	---	68	65
1030	1	---	69	65
1031	1	---	70	65
1407	265	---	79	92
1089	1	---	68	70
1090	1	---	69	70
1091	0	---	70	70
1092	0	---	71	70
1093	0	---	72	70
1094	0	---	73	70
1095	0	---	74	70
1096	4	---	75	70
1097	4	---	76	70
1098	0	---	77	70
1099	0	---	78	70
1100	3	---	67	70
1403	100	---	101	92
1404	0	---	102	92
1041	1	---	68	66
1042	1	---	69	66
1043	1	---	70	66
1044	1	---	71	66
1045	0	---	72	66
1046	0	---	73	66
1047	0	---	74	66
1048	4	---	75	66
1049	4	---	76	66
1053	1	---	68	67
1054	1	---	69	67
1055	1	---	70	67
1056	1	---	71	67
1057	0	---	72	67
1058	0	---	73	67
1059	0	---	74	67
1060	14	---	75	67
1061	4	---	76	67
1062	60	---	77	67
1032	1	---	71	65
1033	0	---	72	65
1034	0	---	73	65
1035	0	---	74	65
1036	4	---	75	65
1037	4	---	76	65
1038	0	---	77	65
1039	0	---	78	65
1040	15	---	67	65
1050	0	---	77	66
1051	0	---	78	66
1052	15	---	67	66
1077	1	---	68	69
1078	1	---	69	69
1079	0	---	70	69
1080	0	---	71	69
1081	0	---	72	69
1082	0	---	73	69
1083	0	---	74	69
1084	4	---	75	69
1085	4	---	76	69
1086	0	---	77	69
1087	0	---	78	69
1065	1	---	68	68
1066	1	---	69	68
1067	0	---	70	68
1068	1	---	71	68
1069	0	---	72	68
1070	0	---	73	68
1071	0	---	74	68
1072	4	---	75	68
1073	4	---	76	68
1074	0	---	77	68
1075	0	---	78	68
1113	1	---	68	72
1114	1	---	69	72
1115	0	---	70	72
1116	0	---	71	72
1117	0	---	72	72
1118	0	---	73	72
1119	0	---	74	72
1120	4	---	75	72
1121	4	---	76	72
1122	0	---	77	72
1123	0	---	78	72
1124	3	---	67	72
1101	1	---	68	71
1102	1	---	69	71
1103	0	---	70	71
1104	0	---	71	71
1105	0	---	72	71
1106	0	---	73	71
1107	0	---	74	71
1108	4	---	75	71
1109	4	---	76	71
1110	0	---	77	71
1111	0	---	78	71
1137	1	---	68	74
1138	1	---	69	74
1139	0	---	70	74
1125	1	---	68	73
1126	1	---	69	73
1127	0	---	70	73
1128	0	---	71	73
1129	0	---	72	73
1130	0	---	73	73
1131	0	---	74	73
1132	4	---	75	73
1133	4	---	76	73
1134	0	---	77	73
1135	0	---	78	73
1161	1	---	68	76
1162	1	---	69	76
1163	0	---	70	76
1164	0	---	71	76
1165	0	---	72	76
1166	0	---	73	76
1167	0	---	74	76
1168	4	---	75	76
1149	1	---	68	75
1150	1	---	69	75
1151	0	---	70	75
1152	1	---	71	75
1153	0	---	72	75
1154	0	---	73	75
1155	0	---	74	75
1156	4	---	75	75
1169	4	---	76	76
1170	0	---	77	76
1171	0	---	78	76
1185	1	---	68	78
1186	1	---	69	78
1187	1	---	70	78
1188	1	---	71	78
1189	0	---	72	78
1190	0	---	73	78
1191	0	---	74	78
1192	15	---	75	78
1193	15	---	76	78
1194	0	---	77	78
1195	0	---	78	78
1221	1	---	68	81
1173	1	---	68	77
1174	1	---	69	77
1175	1	---	70	77
1176	1	---	71	77
1177	0	---	72	77
1178	0	---	73	77
1179	0	---	74	77
1180	15	---	75	77
1181	15	---	76	77
1182	0	---	77	77
1183	0	---	78	77
1222	1	---	69	81
1223	1	---	70	81
1224	1	---	71	81
1225	0	---	72	81
1226	0	---	73	81
1227	0	---	74	81
1228	15	---	75	81
1229	15	---	76	81
1230	0	---	77	81
1231	0	---	78	81
1232	15	---	67	81
1197	1	---	68	79
1198	1	---	69	79
1199	1	---	70	79
1200	1	---	71	79
1201	0	---	72	79
1202	0	---	73	79
1203	0	---	74	79
1204	15	---	75	79
1205	15	---	76	79
1206	0	---	77	79
1207	0	---	78	79
1208	15	---	67	79
1209	1	---	68	80
1210	1	---	69	80
1211	1	---	70	80
1212	1	---	71	80
1213	0	---	72	80
1214	0	---	73	80
1215	0	---	74	80
1216	15	---	75	80
1217	15	---	76	80
1218	0	---	77	80
1219	0	---	78	80
1233	1	---	68	82
1234	1	---	69	82
1235	1	---	70	82
1236	1	---	71	82
1237	0	---	72	82
1238	0	---	73	82
1239	0	---	74	82
1240	15	---	75	82
1241	15	---	76	82
1242	0	---	77	82
1243	0	---	78	82
1257	1	---	68	84
1258	1	---	69	84
1259	1	---	70	84
1245	1	---	68	83
1246	1	---	69	83
1247	1	---	70	83
1248	1	---	71	83
1249	0	---	72	83
1250	0	---	73	83
1251	0	---	74	83
1252	15	---	75	83
1253	15	---	76	83
1254	0	---	77	83
1255	0	---	78	83
1269	1	---	68	85
1270	1	---	69	85
1271	0	---	70	85
1272	0	---	71	85
1273	0	---	72	85
1274	0	---	73	85
1275	0	---	74	85
1276	4	---	75	85
1277	4	---	76	85
1278	0	---	77	85
1279	0	---	78	85
1280	3	---	67	85
1301	1	---	68	87
1302	1	---	69	87
1303	1	---	70	87
1304	1	---	71	87
1305	0	---	72	87
1306	0	---	73	87
1307	0	---	74	87
1260	1	---	71	84
1261	0	---	72	84
1262	0	---	73	84
1263	0	---	74	84
1264	15	---	75	84
1265	15	---	76	84
1266	0	---	77	84
1267	0	---	78	84
1268	15	---	67	84
1308	0	---	75	87
1309	0	---	76	87
764	11	---	67	45
1310	0	---	77	87
1311	0	---	78	87
1312	1	---	115	87
1313	1	---	116	87
1315	1	---	118	87
1335	1	---	68	89
1336	1	---	69	89
1337	1	---	70	89
1338	1	---	71	89
1339	0	---	72	89
1340	0	---	73	89
1341	0	---	74	89
1342	0	---	75	89
1343	0	---	76	89
1344	0	---	77	89
1345	0	---	78	89
1346	15	---	67	89
1318	1	---	68	88
1319	1	---	69	88
1320	1	---	70	88
1281	1	---	68	86
1282	1	---	69	86
1283	0	---	70	86
1284	1	---	71	86
1285	0	---	72	86
1300	3908	---	106	86
1317	3840	---	106	87
1334	3840	---	106	88
686	14	---	67	40
778	1	---	80	46
779	0.5	---	94	46
780	1	---	81	46
781	30	---	95	46
782	0	---	96	46
783	0	---	97	46
784	0	---	98	46
785	1	---	99	46
786	0	---	100	46
787	0	---	103	46
788	100	---	104	46
789	1	---	105	46
1321	1	---	71	88
1322	1	---	72	88
1323	0	---	73	88
1324	0	---	74	88
1325	0	---	75	88
1326	0	---	76	88
1327	0	---	77	88
1328	0	---	78	88
1329	1	---	115	88
1330	1	---	116	88
1332	1	---	118	88
1333	31	---	67	88
790	1	---	88	46
791	100	---	101	46
792	0	---	102	46
950	1	---	83	59
1359	0	---	68	91
1316	15	---	67	87
1347	1	---	68	90
727	30	---	95	43
728	0	---	96	43
951	1	---	91	59
729	0	---	97	43
730	0	---	98	43
1348	1	---	69	90
1349	1	---	70	90
1350	1	---	71	90
1351	1	---	72	90
1352	0	---	73	90
1373	34	---	106	91
952	1	---	80	59
818	11	---	67	48
1157	4	---	76	75
1158	0	---	77	75
953	0.5	---	94	59
954	1	---	81	59
955	10	---	95	59
956	0	---	96	59
957	0	---	97	59
958	0	---	98	59
1353	0	---	74	90
959	1	---	99	59
960	0	---	100	59
928	1	---	69	58
929	1	---	70	58
930	1	---	71	58
931	0	---	72	58
932	0	---	73	58
933	0	---	74	58
934	20	---	75	58
935	4	---	76	58
936	0	---	77	58
937	0	---	78	58
938	15	---	67	58
1296	1	---	116	86
1297	1	---	117	86
1298	1	---	118	86
1299	10	---	67	86
1063	0	---	78	67
731	1	---	99	43
1064	15	---	67	67
1159	0	---	78	75
830	11	---	67	49
866	15	---	67	52
1160	11	---	67	75
1076	11	---	67	68
1360	1	---	69	91
1361	0	---	70	91
1362	0	---	71	91
1363	0	---	72	91
1364	0	---	73	91
1365	0	---	74	91
1366	1	---	75	91
1367	2	---	76	91
1354	0	---	75	90
1355	0	---	76	90
1356	0	---	77	90
961	0	---	103	59
878	15	---	67	53
890	15	---	67	54
793	14	---	67	46
732	0	---	100	43
733	0	---	103	43
734	100	---	104	43
1088	3	---	67	69
1112	3	---	67	71
1136	3	---	67	73
1140	1	---	71	74
1141	0	---	72	74
1142	0	---	73	74
1143	0	---	74	74
1144	4	---	75	74
1145	4	---	76	74
735	0.1	---	105	43
736	1	---	88	43
737	900	---	101	43
1146	0	---	77	74
1147	0	---	78	74
738	0	---	102	43
739	14	---	67	43
1148	11	---	67	74
1172	3	---	67	76
1184	15	---	67	77
1196	15	---	67	78
1220	15	---	67	80
1244	15	---	67	82
1256	15	---	67	83
1357	0	---	78	90
1358	31	---	67	90
962	100	---	104	59
963	1	---	105	59
964	1	---	88	59
1368	3	---	77	91
1369	4	---	78	91
1370	1	---	108	91
1371	1	---	112	91
1372	2	---	67	91
1374	1	---	109	87
\.


--
-- TOC entry 3791 (class 0 OID 18154)
-- Dependencies: 262
-- Data for Name: equipments_cnfequipmentvariablerole; Type: TABLE DATA; Schema: public; Owner: postgres
--

COPY public.equipments_cnfequipmentvariablerole (id, n_role_index, c_role_desc, c_role_name) FROM stdin;
1	1	Кнопка: Старт	MCC, Val
2	2	Кнопка: Стоп (с инверсией)	MCC, Val, Inversion
3	3	Кнопка: Стоп (без инверсии)	MCC, Val
4	4	Кнопка: Открыть	MCC, Val
5	5	Кнопка: Закрыть	MCC, Val
6	6	Кнопка: Остановить движение	MCC, Val
7	7	Кнопка: Вперед	MCC, Val
8	8	Кнопка: Назад	MCC, Val
9	9	Переключатель: Задать направление: Вперед	MCC, Val
10	10	Переключатель: Задать направление: Назад	MCC, Val
11	11	Переключатель: Местный	MCC, Val
12	12	Переключатель: Дистанционный	MCC, Val
13	13	Переключатель: Ручной	MCC, Val
14	14	Переключатель: Автоматический	MCC, Val
15	15	Обратная связь: Запущено	FB, Val
16	16	Обратная связь: Остановлено	FB, Val
17	17	Обратная связь: Открыто	FB, Val
18	18	Обратная связь: Закрыто	FB, Val
19	19	Обратная связь: В движение	FB, Val
20	20	Обратная связь: В работе	FB, Val
21	21	Обратная связь: Вперед	FB, Val
22	22	Обратная связь: Назад	FB, Val
23	23	Обратная связь: Работа от Сети	FB, Val
24	24	Обратная связь: Работа от ЧРП	FB, Val
25	25	Обратная связь: Контактор включен	FB, Val
26	26	Обратная связь: Контактор выключен	FB, Val
27	27	Обратная связь: OFF2 Блокировка 2 (1-ок)	FB, Val
28	28	Обратная связь: OFF3 Блокировка 3 (1-ок)	FB, Val
29	29	Сигнал готовности: Электрическая цепь собрана	Tripped, Val, Inversion
30	30	Сигнал готовности: Готовность от сети	Tripped, Val, Inversion
31	31	Сигнал готовности: Готовность от ЧРП	Tripped, Val, Inversion
32	32	Сигнал готовности: ЧРП - готов к запуску	Tripped, Val, Inversion
33	33	Сигнал готовности: Готовность	Tripped, Val, Inversion
34	34	Сигнал готовности: Аварийная кнопка СТОП (инверсия)	Tripped, Val, Inversion
35	35	Сигнал готовности: Аналоговый сигнал: Параметр в норме	Tripped, Norm, Inversion
36	36	Сигнал готовности: Аварийная кнопка СТОП (без инверсии)	Tripped, Val
37	37	Авария от реле: Включение запрещено	Tripped, Val
38	38	Авария от реле: Ошибка	Tripped, Val
39	39	Авария от реле: Перегрузка	Tripped, Val
40	40	Авария от реле: Небаланс	Tripped, Val
41	41	Авария от реле: Заклинивание ротора	Tripped, Val
42	42	Авария от реле: Перегрев	Tripped, Val
43	43	Авария от реле: Превышение момента	Tripped, Val
44	44	Авария от реле: Принимающий зумпф переполнен	Tripped, Val
45	45	Авария от реле: Пустой зумпф	Tripped, Val
46	46	Авария от реле: Нет уплотняющей воды	Tripped, Val
47	47	Авария от реле: Аварийный сигнал	Tripped, Val
48	48	Авария по пределу: Превышение температуры 1	Tripped, HiHi
49	49	Авария по пределу: Превышение температуры 2	Tripped, HiHi
50	50	Авария по пределу: Превышение температуры 3	Tripped, HiHi
51	51	Авария по пределу: Превышение температуры 4	Tripped, HiHi
52	52	Авария по пределу: Превышение температуры 5	Tripped, HiHi
53	53	Авария по пределу: Превышение момента двигателя	Tripped, HiHi
54	54	Авария по пределу: Уровень: емкость переполнена	Tripped, HiHi
55	55	Авария по пределу: Уровень: емкость пустая	Tripped, LoLo
56	56	Авария по пределу: Высокое давление	Tripped, HiHi
57	57	Авария по пределу: Выход за верхний предел (HiHi)	Tripped, HiHi
58	58	Авария по пределу: Выход за нижний предел (LoLo)	Tripped, LoLo
59	59	Авария по пределу: Выход за авариные пределы (HiHi or LoLo)	Tripped, HiHi, LoLo
60	60	Авария после старта (по реле): Нет протока в линии нагнетания	Tripped, Val, AfterLaunch
61	61	Авария после старта (по реле): Низкое давление в линии нагнетания	Tripped, Val, AfterLaunch
62	62	Авария после старта (по реле): Неисправность после старта	Tripped, Val, AfterLaunch
63	63	Авария после старта (по реле): Неисправность после старта (инверсия)	Tripped, Val, AfterLaunch, Inversion
64	64	Авария после старта (по пределу): Нет расхода	Tripped, LoLo, AfterLaunch
65	65	Авария после старта (по пределу): Низкое давление	Tripped, LoLo, AfterLaunch
66	66	Авария после старта (по пределу): верхний предел (HiHi)	Tripped, HiHi, AfterLaunch
129	129	внешняя команда: Стоп (с инверсией)	LinkCMD, Val, Inversion
67	67	Авария после старта (по пределу): нижний предел (LoLo)	Tripped, LoLo, AfterLaunch
68	68	Авария после старта (по пределу): вне технологической зоны (HiHi or LoLo)	Tripped, HiHi, LoLo, AfterLaunch
69	69	Предупреждение по реле: Предупреждение	Warning, Val
70	70	Предупреждение по реле: Предупреждение (инверсия)	Warning, Val, Inversion
71	71	Предупреждение по реле: Ошибка термистора	Warning, Val
72	72	Предупреждение по пределу: Выход за верхний предел (Hi)	Warning, HiHI, Hi
73	73	Предупреждение по пределу: Выход за нижний предел (Lo)	Warning, Lo, LoLo
74	74	Предупреждение по пределу: Выход за предупредительные пределы (Hi or  Lo)	Warning, HiHI, Hi, Lo, LoLo
75	75	Предупреждение после старта (по пределу): верхний предел (Hi)	Warning, HiHI, Hi, AfterLaunch
76	76	Предупреждение после старта (по пределу): нижний предел (Lo)	Warning, Lo, LoLo, AfterLaunch
77	77	Предупреждение после старта (по пределу): вне технологической зоны (Hi or Lo)	Warning, HiHI, Hi, Lo, LoLo, AfterLaunch
78	78	Информационный сигнал: Ошибка интерфейсного модуля	Val
79	79	Информационный сигнал: Внешнее управление	Val
80	80	Информационный сигнал: Скорость равна заданной	Val
81	81	Информационный сигнал: Безопасное отключение крутящего момента	Val
82	82	Команда: Включить контактор	CMD, Val
83	83	Команда: Отключить контактор	CMD, Val
84	84	Команда Старт	CMD, Val
85	85	Команда Старт с само подхватом	CMD, Val
86	86	Команда Стоп	CMD, Val
87	87	Команда Стоп с само подхватом	CMD, Val
88	88	Команда Стоп (инверсия)	CMD, Val, Inversion
89	89	Команда Открыть	CMD, Val
90	90	Команда Открыть с само подхватом	CMD, Val
91	91	Команда Закрыть	CMD, Val
92	92	Команда Закрыть с само подхватом	CMD, Val
93	93	Команда Остановить движение	CMD, Val
94	94	Команда Вперед	CMD, Val
95	95	Команда Вперед с само подхватом	CMD, Val
96	96	Команда Назад	CMD, Val
97	97	Команда Назад с само подхватом	CMD, Val
98	98	Команда: Сменить направление на Вперед	CMD, Val
99	99	Команда: Сменить направление на Назад	CMD, Val
100	100	Назначить Режим управления - Местный	CMD, Val
101	101	Назначить Режим управления - Дистанционный	CMD, Val
102	102	Назначить Режим управления - Ручной	CMD, Val
103	103	Назначить Режим управления - Автоматический	CMD, Val
104	104	Выходной сигнал: Готовность от контроллера	CMD, Val
105	105	Выходной сигнал: OFF1: Блокировка 1 (1-ок)	CMD, Val
106	106	Выходной сигнал: OFF2: Блокировка 2 (1-ок)	CMD, Val
107	107	Выходной сигнал: OFF3: Блокировка 3 (1-ок)	CMD, Val
108	108	Выходной сигнал: RAMP1 : Нормальная работа для генерирования	CMD, Val
109	109	Выходной сигнал: RAMP2: Нормальная работа для ускорения	CMD, Val
110	110	Выходной сигнал: RAMP3: Нормальная работа без принудительного сигнала	CMD, Val
111	111	Команда: Сброс сигнала неисправности ЧРП	CMD, Val, Impuls
112	112	Команда: Включение световая аварийная сигнализации (горит при неисправности)	CMD, Val
113	113	Команда: Включение звуковая аварийная сигнализация (квитируется)	CMD, Val
114	114	Команда: Включение Предпусковой сигнализации	CMD, Val
115	115	Импульсная команда: Включить контактор	CMD, Val, Impuls
116	116	Импульсная команда: Отключить контактор	CMD, Val, Impuls
117	117	Импульсная команда: Старт	CMD, Val, Impuls
118	118	Импульсная команда: Стоп	CMD, Val, Impuls
119	119	Импульсная команда: Открыть	CMD, Val, Impuls
120	120	Импульсная команда: Закрыть	CMD, Val, Impuls
121	121	Импульсная команда: Остановить движение	CMD, Val, Impuls
122	122	Импульсная команда: Вперед	CMD, Val, Impuls
123	123	Импульсная команда: Назад	CMD, Val, Impuls
124	124	Импульсная команда: Сменить направление на Вперед	CMD, Val, Impuls
125	125	Импульсная команда: Сменить направление на Назад	CMD, Val, Impuls
126	126	внешняя команда: Старт	LinkCMD, Val
127	127	внешняя команда: Старт (с инверсией)	LinkCMD, Val, Inversion
128	128	внешняя команда: Стоп	LinkCMD, Val
130	130	внешняя команда: Открыть	LinkCMD, Val
131	131	внешняя команда: Открыть (с инверсией)	LinkCMD, Val, Inversion
132	132	внешняя команда: Закрыть	LinkCMD, Val
133	133	внешняя команда: Закрыть (с инверсией)	LinkCMD, Val, Inversion
134	134	внешняя команда: Остановить движение	LinkCMD, Val
135	135	внешняя команда: Остановить движение (с инверсией)	LinkCMD, Val, Inversion
136	136	внешняя команда: Вперед	LinkCMD, Val
137	137	внешняя команда: Назад	LinkCMD, Val
138	138	внешняя команда Старт по верхнему пределу (HiHi)	LinkCMD, HiHi
139	139	внешняя команда Стоп по верхнему пределу (HiHi)	LinkCMD, HiHi
140	140	внешняя команда Старт по нижнему пределу (LoLo)	LinkCMD, LoLo
141	141	внешняя команда Стоп по нижнему пределу (LoLo)	LinkCMD, LoLo
142	142	внешняя команда Старт при нахождении в аварийной зоне (HiHi or LoLo)	LinkCMD, HiHi, LoLo
143	143	внешняя команда Стоп при нахождении в аварийной зоне (HiHi or LoLo)	LinkCMD, HiHi, LoLo
144	144	внешняя команда Старт по верхнему предел (Hi)	LinkCMD, HiHi, Hi
145	145	внешняя команда Стоп по верхнему предел (Hi)	LinkCMD, HiHi, Hi
146	146	внешняя команда Старт по нижнему пределу (Lo)	LinkCMD, Lo, LoLo
147	147	внешняя команда Стоп по нижнему пределу (Lo)	LinkCMD, Lo, LoLo
148	148	внешняя команда Старт при нахождении в предупредительной зоне (Hi or Lo)	LinkCMD, Norm, Inversion
149	149	внешняя команда Стоп при нахождении в предупредительной зоне (Hi or Lo)	LinkCMD, Norm, Inversion
150	150	внешняя команда Старт при нахождении в технологическом пределе (Norm)	LinkCMD, Norm
151	151	внешняя команда Стоп при нахождении в технологическом пределе (Norm)	LinkCMD, Norm
152	152	внешняя команда Остановить движение при нахождении в технологическом пределе (Norm)	LinkCMD, Norm
153	153	Блокировка Запуска	Tripped, Warning, Val
154	154	Блокировка Останова	Tripped, Warning, Val
155	155	Блокировка Запуска и Останова	Tripped, Warning, Val
156	156	Блокировка Запуска Если 0	Tripped, Warning, Val, Inversion
157	157	Блокировка Останова Если 0	Tripped, Warning, Val, Inversion
158	158	Блокировка Запуска и Останова если 0	Tripped, Warning, Val, Inversion
159	159	Блокировка Запуска если HiHi	Tripped, Warning, HiHi
160	160	Блокировка Запуска если Hi	Tripped, Warning, Hi
161	161	Блокировка Запуска если Norm	Tripped, Warning, Norm
162	162	Блокировка запуска если Lo	Tripped, Warning, Lo
163	163	Блокировка Запуска если LoLo	Tripped, Warning, LoLo
164	164	Блокировка Запуска если Не Norm	Tripped, Warning, Norm, Inversion
165	165	Блокировка Останова если HiHi	Tripped, Warning, HiHi
166	166	Блокировка Останова если Hi	Tripped, Warning, Hi
167	167	Блокировка Останова если Norm	Tripped, Warning, Norm
168	168	Блокировка Останова если Lo	Tripped, Warning, Lo
169	169	Блокировка Останова если LoLo	Tripped, Warning, LoLo
170	170	Блокировка Останова если Не Norm	Tripped, Warning, Norm, Inversion
171	171	Блокировка Запуска и Останова если HiHi	Tripped, Warning, HiHi
172	172	Блокировка Запуска и Останова если Hi	Tripped, Warning, Hi
173	173	Блокировка Запуска и Останова если Norm	Tripped, Warning, Norm
174	174	Блокировка Запуска и Останова если Lo	Tripped, Warning, Lo
175	175	Блокировка Запуска и Останова если LoLo	Tripped, Warning, LoLo
176	176	Блокировка Запуска и Останова если Не Norm	Tripped, Warning, Norm, Inversion
177	177	Предупреждение после старта (по реле)	Warning, Val, AfterLaunch
178	178	Предупреждение после старта (по реле) - Инверсия	Warning, Val, AfterLaunch, Inversion
179	179	Информационный сигнал после старта (по реле)	Val, AfterLaunch
180	180	Информационный сигнал после старта (по реле) Инверсия	Val, AfterLaunch, Inversion
181	181	Команда: Лампа Включено	CMD, Val
182	182	Команда: Лампа Выключено	CMD, Val
183	183	Команда: Лампа Запускается	CMD, Val
184	184	Команда: Лампа Останавливается	CMD, Val
185	185	Команда: Лампа Запускается/Останавливается	CMD, Val
186	186	Задание для АВР	(Исключение, роль по индексу)
187	187	Задание для АВР - добавить изменение	(Исключение, роль по индексу)
\.


--
-- TOC entry 3807 (class 0 OID 34393)
-- Dependencies: 278
-- Data for Name: equipments_cnfsequencelinkedequipment; Type: TABLE DATA; Schema: public; Owner: postgres
--

COPY public.equipments_cnfsequencelinkedequipment (id, n_timer, n_step, n_equipment_id, n_equipment_link_id, n_role_id, n_seq_type, b_masked) FROM stdin;
32	0	1	88	49	1	2	f
33	0	1	88	49	2	3	f
34	0	1	88	49	2	4	f
117	12	5	88	48	22	1	t
72	0	2	86	45	2	4	t
118	10	7	88	40	2	1	t
119	10	8	88	45	2	1	t
120	10	9	88	47	2	1	t
73	0	3	86	47	2	4	t
74	0	4	86	48	2	4	t
75	0	5	86	54	2	4	f
76	0	6	86	58	2	4	t
77	0	7	86	48	2	4	f
68	0	6	86	54	2	3	f
69	10	7	86	58	22	3	t
52	0	14	86	88	5	1	f
53	0	15	86	88	8	1	f
54	0	16	86	48	1	1	f
110	240	28	87	61	1	1	t
111	32	29	87	61	21	1	t
112	32	30	87	62	21	1	t
113	240	31	87	62	1	1	t
114	0	32	87	67	1	1	t
115	0	34	87	87	6	1	f
108	0	22	87	70	2	1	f
109	0	23	87	68	2	1	f
107	0	20	87	70	1	1	f
35	11	1	91	54	21	1	t
41	5	1	91	46	5	4	f
39	5	1	91	50	7	3	f
37	5	1	91	44	2	2	f
28	0	1	87	60	1	2	f
87	0	2	87	69	2	3	f
88	0	3	87	70	2	3	f
89	0	4	87	71	2	3	f
90	0	5	87	73	2	3	f
91	0	6	87	74	2	3	f
92	0	7	87	75	2	3	f
93	0	8	87	76	2	3	f
94	0	9	87	68	2	3	f
80	10	7	87	58	2	1	t
81	0	9	87	67	2	1	t
82	10	10	87	68	1	1	f
140	0	2	88	77	2	4	f
141	0	3	88	78	2	4	f
142	0	4	88	79	2	4	f
143	0	5	88	80	2	4	f
144	0	6	88	81	2	4	f
83	0	12	87	70	1	1	f
145	0	7	88	82	2	4	f
29	0	1	87	72	2	3	f
30	0	1	87	60	2	4	f
95	0	2	87	68	2	4	f
96	0	3	87	69	2	4	f
97	0	4	87	70	2	4	f
98	0	5	87	71	2	4	f
99	0	6	87	72	2	4	f
100	0	7	87	73	2	4	f
101	0	8	87	74	2	4	f
102	0	9	87	75	2	4	f
103	0	10	87	76	2	4	f
84	0	14	87	70	2	1	f
85	0	16	87	69	1	1	f
146	0	8	88	83	2	4	f
47	0	8	86	87	8	1	f
48	0	9	86	67	1	1	f
44	6	4	86	61	21	1	t
43	240	3	86	61	1	1	t
23	0	1	86	85	7	1	f
24	0	1	86	85	7	2	f
147	0	9	88	84	2	4	f
133	0	2	88	81	2	3	f
134	0	3	88	82	2	3	f
135	0	4	88	83	2	3	f
136	0	5	88	77	2	3	f
137	0	6	88	78	2	3	f
138	0	7	88	79	2	3	f
139	0	8	88	80	2	3	f
126	0	20	88	81	2	1	f
127	0	22	88	82	1	1	f
128	0	24	88	82	2	1	f
129	0	25	88	80	2	1	f
130	240	28	88	50	1	1	t
25	0	1	86	47	8	3	t
131	0	29	88	48	1	1	t
132	0	31	88	88	6	1	f
122	10	12	88	80	1	1	f
86	0	18	87	69	2	1	f
70	0	8	86	58	8	3	t
71	0	10	86	67	2	3	f
64	0	4	86	55	5	3	f
45	240	5	86	62	1	1	t
46	0	7	86	87	5	1	f
78	0	3	87	60	1	1	f
79	10	5	87	67	22	1	t
123	0	14	88	82	1	1	f
124	0	16	88	82	2	1	f
125	0	18	88	81	1	1	f
116	0	3	88	49	1	1	f
121	0	11	88	48	2	1	t
65	5	5	86	55	8	3	f
63	5	3	86	48	2	3	f
58	0	6	86	67	1	2	f
166	0	1	90	55	2	4	f
167	0	2	90	56	2	4	f
164	1	1	90	55	2	3	f
165	0	2	90	56	2	3	f
157	7	1	90	54	22	2	f
158	4	2	90	40	22	2	f
159	30	3	90	40	2	2	f
160	6	4	90	45	22	2	f
161	30	5	90	45	2	2	f
162	0	6	90	56	1	2	f
163	0	7	90	90	2	2	f
148	9	1	90	54	22	1	f
149	4	2	90	40	22	1	f
150	30	3	90	40	2	1	f
151	6	4	90	45	22	1	f
152	30	5	90	45	2	1	f
153	8	6	90	47	22	1	f
154	30	7	90	47	22	1	f
155	0	8	90	55	1	1	f
156	0	9	90	90	6	1	f
59	0	7	86	54	1	2	f
60	0	8	86	55	1	2	f
61	0	9	86	50	1	2	f
62	0	10	86	48	1	2	f
57	0	5	86	62	1	2	t
55	0	3	86	61	1	2	t
56	6	4	86	61	21	2	t
26	0	1	86	40	2	4	t
49	0	10	86	54	1	1	f
50	0	11	86	55	1	1	f
51	240	12	86	50	1	1	f
\.


--
-- TOC entry 3805 (class 0 OID 34387)
-- Dependencies: 276
-- Data for Name: equipments_cnfsequencelinkedvariable; Type: TABLE DATA; Schema: public; Owner: postgres
--

COPY public.equipments_cnfsequencelinkedvariable (id, n_timer, n_step, n_equipment_id, n_role_id, n_variable_link_id, n_seq_type, b_masked) FROM stdin;
50	3	1	87	36	650	1	f
51	0	33	87	28	650	1	f
30	32	27	87	37	408	1	t
26	0	21	87	33	662	1	f
27	33	24	87	37	672	1	f
28	0	25	87	28	672	1	f
29	30	26	87	37	499	1	f
22	0	13	87	29	665	1	f
23	20	15	87	41	662	1	f
24	0	17	87	33	662	1	f
25	23	19	87	40	662	1	f
19	0	6	87	27	672	1	f
20	60	8	87	34	400	1	f
21	15	11	87	37	650	1	f
17	33	2	87	40	662	1	f
18	0	4	87	28	672	1	f
52	3	1	88	36	649	1	f
40	25	21	88	40	661	1	f
41	0	23	88	33	661	1	f
42	30	26	88	37	671	1	f
43	0	27	88	28	671	1	f
44	0	30	88	28	649	1	f
31	3	1	88	36	649	1	f
36	17	13	88	37	649	1	f
47	22	2	91	43	395	2	f
48	23	2	91	31	406	3	f
49	24	2	91	30	405	4	f
45	12	2	91	32	391	1	t
37	0	15	88	29	467	1	f
38	22	17	88	41	662	1	f
39	0	19	88	33	661	1	f
32	30	2	88	40	661	1	f
33	0	4	88	28	671	1	f
34	0	6	88	27	671	1	f
16	60	9	86	34	400	3	f
35	60	10	88	34	414	1	f
15	60	2	86	34	414	3	f
14	5	2	86	37	499	2	f
13	16	13	86	37	655	1	f
12	9	6	86	37	656	1	f
11	5	2	86	37	499	1	f
\.


--
-- TOC entry 3803 (class 0 OID 34377)
-- Dependencies: 274
-- Data for Name: equipments_cnfsequencerole; Type: TABLE DATA; Schema: public; Owner: postgres
--

COPY public.equipments_cnfsequencerole (id, n_role_index, b_role_equipment, c_role_name, c_role_desc) FROM stdin;
1	1	t	IndexEq, DelayTime, CMD_EQ	Запустить агрегат (Открыть задвижку) после запуска пауза и переход на следующий шаг
25	25	t	IndexEq, DelayStep, toJMP	Если Неисправность то прыжок на Шаг №: TEq_Linked.Delay.
2	2	t	IndexEq, DelayTime, CMD_EQ	Остановить агрегат (Закрыть задвижку) после останова пауза и переход на следующий шаг
3	3	t	IndexEq, DelayTime, CMD_EQ	Запустить агрегат (Открыть задвижку) сразу по состоянию: Запускается, отсчет таймера и переход на следующий шаг
4	4	t	IndexEq, DelayTime, CMD_EQ	Остановить агрегат (Закрыть задвижку) сразу по состоянию: Останавливается, отсчет таймера и переход на следующий шаг
5	5	t	IndexEq, DelayTime, CMD_EQ, CMD_Only	Запустить агрегат (Открыть задвижку) пауза и переход на следующий шаг без ожидания выполнения операции
6	6	t	IndexEq, DelayTime, CMD_EQ, CMD_Only	Остановить агрегат (Закрыть задвижку) пауза и переход на следующий шаг без ожидания выполнения операции
7	7	t	IndexEq, DelayTime	Ждать Запуска агрегата (Открытия задвижки) после запуска пауза и переход на следующий шаг
8	8	t	IndexEq, DelayTime	Ждать Останова агрегата (Закрытия задвижки) после останова пауза и переход на следующий шаг
9	9	t	IndexEq, DelayTime	Ждать состояния: Запускается (Открывается) сразу по состоянию: Запускается, отсчет таймера и переход на следующий шаг
10	10	t	IndexEq, DelayTime	Ждать состояния: Останавливается (Закрывается) сразу по состоянию: Останавливается, отсчет таймера и переход на следующий шаг
11	11	t	IndexEq, DelayTime	Ждем состояние: Авто. При получении нужного состояния, пауза и переход на следующий шаг
12	12	t	IndexEq, DelayTime	Ждем состояние: Готов к запуску. При получении нужного состояния, пауза и переход на следующий шаг
13	13	t	IndexEq, DelayStep, CMD_EQ	Запуск последовательности. Переход на следующий шаг если подчиненная последовательность дошла до Шага №: TEq_Linked.Delay
14	14	t	IndexEq, DelayStep, CMD_EQ	Остановка последовательности. Переход на следующий шаг если подчиненная последовательность дошла до Шага №: TEq_Linked.Delay
15	15	t	IndexEq, DelayTime, CMD_EQ, CMD_Only	Поставить последовательность на Паузу. Пауза после выполнения операции и переход на следующий шаг.
16	16	t	IndexEq, DelayTime, CMD_EQ, CMD_Only, Inversion	Снять последовательность с Паузы. Пауза после выполнения операции и переход на следующий шаг.
17	17	t	IndexEq, DelayTime, CMD_EQ, HiHi	Запуск последовательности быстрого запуска. Пауза после выполнения операции и переход на следующий шаг.
18	18	t	IndexEq, DelayTime, CMD_EQ, LoLo	Запуск последовательности аварийной остановки. Пауза после выполнения операции и переход на следующий шаг.
19	19	t	IndexEq, DelayStep	Ждать выполнение последовательностью Запуска Шага №: TEq_Linked.Delay. После чего переход на следующий шаг.
20	20	t	IndexEq, DelayStep	Ждать выполнение последовательностью Останова Шага №: TEq_Linked.Delay. После чего переход на следующий шаг.
21	21	t	IndexEq, DelayStep, toJMP	Ждать Запуска агрегата (Открытия задвижки) после запуска прыжок на Шаг №: TEq_Linked.Delay.
22	22	t	IndexEq, DelayStep, toJMP	Ждать Останова агрегата (Закрытия задвижки) после останова прыжок на Шаг №: TEq_Linked.Delay.
23	23	t	IndexEq, DelayStep, toJMP	Ждать состояния: Запускается (Открывается) сразу по состоянию: Запускается, прыжок на Шаг №: TEq_Linked.Delay.
24	24	t	IndexEq, DelayStep, toJMP	Ждать состояния: Останавливается (Закрывается) сразу по состоянию: Останавливается, прыжок на Шаг №: TEq_Linked.Delay.
26	26	t	IndexEq, DelayStep, toJMP, Inversion	Если не в Авто то прыжок на Шаг №: TEq_Linked.Delay.
27	27	f	IndexVDB, DelayTime, VDB_SetVal, Val	Выставить переменную в 1. Пауза после выполнения операции и переход на следующий шаг.
28	28	f	IndexVDB, DelayTime, VDB_SetVal, Val, Inversion	Выставить переменную в 0. Пауза после выполнения операции и переход на следующий шаг.
29	29	f	IndexVDB, DelayTime, Val	Ждать состояние переменной 1. При получении нужного значения, пауза и переход на следующий шаг
30	30	f	IndexVDB, DelayTime, Val, Inversion	Ждать состояние переменной 0. При получении нужного значения, пауза и переход на следующий шаг
31	31	f	IndexVDB, DelayTime, HiHi	Ждать состояние HiHi. При получении нужного флага, пауза и переход на следующий шаг
32	32	f	IndexVDB, DelayTime, HiHi, Hi	Ждать состояние Hi. При получении нужного флага, пауза и переход на следующий шаг
33	33	f	IndexVDB, DelayTime, Norm	Ждать состояние Norm. При получении нужного флага, пауза и переход на следующий шаг
34	34	f	IndexVDB, DelayTime, LoLo, Lo	Ждать состояние Lo. При получении нужного флага, пауза и переход на следующий шаг
35	35	f	IndexVDB, DelayTime, LoLo	Ждать состояние LoLo. При получении нужного флага, пауза и переход на следующий шаг
36	36	f	IndexVDB, DelayStep, toJMP, Val	Если состояние переменной 1 то прыжок на Шаг №: TEq_Linked.Delay.
37	37	f	IndexVDB, DelayStep, toJMP, Val, Inversion	Если состояние переменной 0 то прыжок на Шаг №: TEq_Linked.Delay.
38	38	f	IndexVDB, DelayStep, toJMP, HiHi	Если состояние HiHi то прыжок на Шаг №: TEq_Linked.Delay.
39	39	f	IndexVDB, DelayStep, toJMP, HiHi, Hi	Если состояние Hi то прыжок на Шаг №: TEq_Linked.Delay.
40	40	f	IndexVDB, DelayStep, toJMP, Norm	Если состояние Norm то прыжок на Шаг №: TEq_Linked.Delay.
41	41	f	IndexVDB, DelayStep, toJMP, LoLo, Lo	Если состояние Lo то прыжок на Шаг №: TEq_Linked.Delay.
42	42	f	IndexVDB, DelayStep, toJMP, LoLo	Если состояние LoLo то прыжок на Шаг №: TEq_Linked.Delay.
43	43	f	IndexVDB, DelayStep, toJMP, Val, CMD_EQ 	Значение переменной используется как таймер пауза шага (сек.). После отсчета паузы, переход на следующий шаг.
44	44	t	IndexEq, DelayTime, CMD_EQ, Lo	Выставить принудительное значение выходу ПИД-регулятора = 0%. Пауза после выполнения операции и переход на следующий шаг.
45	45	t	IndexEq, DelayTime, CMD_EQ, Norm	Выставить принудительное значение выходу ПИД-регулятора = 50%. Пауза после выполнения операции и переход на следующий шаг.
46	46	t	IndexEq, DelayTime, CMD_EQ, Hi	Выставить принудительное значение выходу ПИД-регулятора = 100%. Пауза после выполнения операции и переход на следующий шаг.
47	47	t	IndexEq, DelayTime, CMD_EQ, Norm, Inversion	Сбросить режим принудительного выхода ПИД-регулятора. Пауза после выполнения операции и переход на следующий шаг.
48	48	t	IndexEq, DelayTime, CMD_EQ, HiHi	Быстрый запуск последовательности. Переход на следующий шаг если подчиненная последовательность дошла до Шага №: TEq_Linked.Delay
49	49	t	IndexEq, DelayTime, CMD_EQ, LoLo	Аварийный остановка последовательности. Переход на следующий шаг если подчиненная последовательность дошла до Шага №: TEq_Linked.Delay
50	50	t	IndexEq, DelayTime	Ждать состояние в Работе. При получении нужного состояния, пауза и переход на следующий шаг
\.


--
-- TOC entry 3773 (class 0 OID 17899)
-- Dependencies: 244
-- Data for Name: general_cnfattribute; Type: TABLE DATA; Schema: public; Owner: postgres
--

COPY public.general_cnfattribute (id, n_attribute_type, n_parameter_id, n_parameter_bit, c_name_attribute, c_display_attribute, c_desc_attribute, n_attr_min_id, n_attr_max_id, n_attr_min_value, n_attr_max_value, c_attr_display_group, n_attr_display_order, n_attribute_sub_type, n_parent, n_global_object_type) FROM stdin;
2	128	9	0	SlotID	Номер слота модуля	Номер слота модуля	\N	\N	0	32767		15	\N	\N	1
5	128	11	0	TypeID	Тип модуля	Тип модуля	\N	\N	1	15		16	\N	\N	1
22	129	0	11	CW.Changed	Значения изменены	Флаг: данные изменились	\N	\N	\N	\N		0	\N	\N	1
7	128	14	0	DataTypeID	Тип данных в источнике	Тип данных в источнике	\N	\N	1	14		17	\N	\N	1
3	128	8	0	Station_DADDR	Диагностический адрес контроллера в/в, номер байта	Диагностический адрес контроллера в/в, номер байта	\N	\N	0	32767		18	\N	\N	1
26	128	15	0	PPI.mCodeScaleMin	Минимальное значение в кодах	Значение в кодах соответствующее минимальному значению шкалы в единицах измерения	\N	\N	-32768	32767	ППИ	6	\N	\N	2
27	128	14	0	PPI.mCodeScaleMax	Максимальное значение в кодах	Значение в кодах соответствующее максимальному значению шкалы в единицах измерения	\N	\N	-32768	32767	ППИ	7	\N	\N	2
4	128	10	0	LADDR	Логический базовый адрес модуля	Логический базовый адрес модуля	\N	\N	0	32767		22	\N	\N	1
28	128	17	0	PPI.mCodeLowThreshold	Минимально допустимое значение в кодах	Нижняя граница значения в кодах, превышение границы свидетельствует о технической неисправности	\N	\N	-32768	65535	ППИ	8	\N	\N	2
29	128	16	0	PPI.mCodeHighThreshold	Максимально допустимое значение в кодах	Верхняя граница значения в кодах, превышение границы свидетельствует о технической неисправности	\N	\N	-32768	65535	ППИ	9	\N	\N	2
25	130	9	0	PPI.FilterTime	Время фильтрации, мс	Время фильтрации сигнала (формат TimeByte)	\N	\N	0	60000	ППИ	5	\N	\N	2
30	130	29	0	PPI.Hysteresis	Гистерезис	Гистерезис в процентах от шкалы (формат TimeByte)	\N	\N	0	100	ППИ	13	\N	\N	2
13	129	0	2	CW.Read	Чтение	Флаг: Чтение данных	\N	\N	\N	\N		0	\N	\N	1
32	128	28	0	PPI.MediaLen	Длина данных для медианного фильтра	Длина данных для медианного фильтра	\N	\N	-32768	65535	ППИ	14	\N	\N	2
18	129	0	7	CW.ModuleFault	Модуль с ошибкой	Флаг: наличия ошибки на модуле	\N	\N	\N	\N		0	\N	\N	1
6	128	12	0	IOChannels	Количество каналов в модуле	Количество каналов в модуле	\N	\N	0	32767		14	\N	\N	1
34	130	11	0	PPI.LocalOverrideValue	Ручное значение	Ручное значение	17	18	\N	\N	ППИ	12	\N	\N	2
35	130	12	0	PPI.MinEU	Минимальная граница шкалы	Минимальная граница шкалы в единицах измерения	\N	\N	\N	\N	ППИ	10	\N	\N	2
36	130	13	0	PPI.MaxEU	Максимальная граница шкалы	Максимальная граница шкалы в единицах измерения	\N	\N	\N	\N	ППИ	11	\N	\N	2
33	128	30	0	PPI.ModuleID	Индекс модуля	Индекс конфигурационной записи модуля модуля ввода-вывода	\N	\N	0	65535	Адрес	0	\N	\N	2
31	128	8	0	PPI.Channel	Номер канала	Номер канала модуля ввода-вывода	\N	\N	0	\N	Адрес	0	\N	\N	2
23	128	23	0	TypeID	Тип	Тип переменной	\N	\N	0	11	ППИ	0	\N	\N	2
12	129	0	1	CW.ActiveState	Активен	Флаг: активности конфигурации модуля	\N	\N	\N	\N		2	\N	\N	1
16	129	0	5	CW.ShiftByte	Перевернуть байты	Флаг: При преобразовании поменять байты местами	\N	\N	\N	\N		6	\N	\N	1
17	129	0	6	CW.ShiftWord	Перевернуть слова	Флаг: При преобразовании поменять Слова местами	\N	\N	\N	\N		7	\N	\N	1
19	129	0	8	CW.ModuleAvailable	Модуль доступен	Флаг: доступности модуля	\N	\N	\N	\N		0	\N	\N	1
11	129	0	0	CW.ConfigState	Сконфигурирован	Флаг: наличия конфигурации модуля в конфигурационной записи	\N	\N	\N	\N		0	\N	\N	1
20	129	0	9	CW.StationConnected	Станция доступна	Флаг: наличия связи со станцией вводавывода модуля	\N	\N	\N	\N		0	\N	\N	1
21	129	0	10	CW.StationFault	Станция неисправна	Флаг: наличия сбоя на станции ввода вывода	\N	\N	\N	\N		0	\N	\N	1
14	129	0	3	CW.Write	Запись	Флаг: Запись данных	\N	\N	\N	\N		0	\N	\N	1
15	129	0	4	CW.Diagnostics	Диагностика	Флаг: Наличие диагностики модуля	\N	\N	\N	\N		0	\N	\N	1
41	130	0	0	SP.SP	Задание (ручной режим)	Задание (ручной режим)	20	21	\N	\N	Задание	15	\N	\N	2
42	130	0	0	SP.TechHi	Верхняя технологическая граница	Верхняя технологическая граница в единицах измерения	\N	\N	\N	\N	Задание	16	\N	\N	2
45	129	0	1	CW.ActiveState	Активна	Флаг: Активности переменной	\N	\N	\N	\N	Слово конфигурации	6	\N	\N	2
44	129	0	0	CW.ConfigState	Сконфигурирована	Флаг: Наличие конфигурационной записи переменной	\N	\N	\N	\N	Слово конфигурации	0	\N	\N	2
66	128	5	0	CW	Слово конфигурации	Слово конфигурации	\N	\N	-32768	32767	Слово конфигурации	0	\N	\N	1
1	128	7	0	StationID	Идентификатор контроллера в/в	Идентификатор контроллера в/в	\N	\N	0	32767		13	\N	\N	1
9	128	15	0	Station_DADDR_b	Диагностический адрес контроллера в/в, номер бита	Диагностический адрес контроллера в/в, номер бита	\N	\N	0	255		19	\N	\N	1
8	128	13	0	Module_DADDR	Диагностический адрес модуля в/в, номер байта	Диагностический адрес модуля в/в, номер байта	\N	\N	0	32767		20	\N	\N	1
10	128	16	0	Module_DADDR_b	Диагностический адрес модуля в/в, номер бита	Диагностический адрес модуля в/в, номер бита	\N	\N	0	255		21	\N	\N	1
48	129	0	4	CW.LocalOverrideState	Ручной режим	Флаг: Принудительное ручное значение	\N	\N	\N	\N	Слово конфигурации	9	\N	\N	2
49	129	0	5	CW.FilterState	Фильтрация	Флаг: Фильтрация значения переменной	\N	\N	\N	\N	Слово конфигурации	10	\N	\N	2
50	129	0	6	CW.InversionState	Инверсия	Флаг: Инверсия	\N	\N	\N	\N	Слово конфигурации	11	\N	\N	2
52	129	0	8	CW.SqrtLinearization	Квадратич.линеаризация	Флаг: Квадратичное преобразование значения	\N	\N	\N	\N	Слово конфигурации	13	\N	\N	2
53	129	0	9	CW.NotQuality	Без качества	Флаг: Без проверки на достоверность	\N	\N	\N	\N	Слово конфигурации	14	\N	\N	2
54	129	0	10	CW.UpdateState	Обсчет по  периоду	Флаг: Обсчет по периоду обновления (таймер периода: FilterTime)	\N	\N	\N	\N	Слово конфигурации	15	\N	\N	2
64	128	5	0	CW	Слово конфигурации	Слово конфигурации	\N	\N	-32768	32767	Слово конфигурации	0	\N	\N	2
65	128	0	0	CW.Limits	Признаки использования пределов	Признаки использования пределов (Lo, LoLo, Hi, HiHi)	\N	\N	-32768	32767	Предупреждения	0	\N	\N	2
39	130	21	0	Alarms.LoThreshold	Нижняя предупредительная граница	Нижняя предупредительная граница	17	18	\N	\N	Предупреждения	24	\N	\N	2
40	130	22	0	Alarms.LoLoThreshold	Нижняя аварийная граница	Нижняя аварийная граница	17	18	\N	\N	Предупреждения	26	\N	\N	2
24	128	24	0	DataTypeID	Тип данных в источнике	Тип данных в источнике	\N	\N	1	14	ППИ	0	\N	\N	2
46	129	0	2	CW.Read	Чтение	Флаг: Чтение	\N	\N	\N	\N	Слово конфигурации	0	\N	\N	2
47	129	0	3	CW.Write	Запись	Флаг: Запись	\N	\N	\N	\N	Слово конфигурации	0	\N	\N	2
51	129	0	7	CW.Linearization	Не используется	Флаг не используется	\N	\N	\N	\N	Слово конфигурации	0	\N	\N	2
55	129	0	11	CW.Used_IOAddress	Физический	Флаг: Физический сигнал (есть привязка к модулю ввода-вывода)	\N	\N	\N	\N	Слово конфигурации	0	\N	\N	2
37	130	19	0	Alarms.HiThreshold	Верхняя предупредительная граница	Верхняя предупредительная граница	17	18	\N	\N	Предупреждения	22	\N	\N	2
38	130	20	0	Alarms.HiHiThreshold	Верхняя аварийная граница	Верхняя аварийная граница	17	18	\N	\N	Предупреждения	20	\N	\N	2
72	129	0	4	CW.defStart	По умолчанию: Запуск	По умолчанию: Запуск после старта контроллера	\N	\N	\N	\N	Слово конфигурации	5	\N	\N	3
73	129	0	5	CW.AutoAsk	Автоквитирование	Автоквитирование	\N	\N	\N	\N	Слово конфигурации	6	\N	\N	3
74	129	0	6	CW.MessOfChange	Сообщения при изм. состояния	Выдавать сообщения при изменении состояния	\N	\N	\N	\N	Слово конфигурации	7	\N	\N	3
71	129	0	3	CW.defAuto	По умолчанию: в Авто	По умолчанию: в Авто	\N	\N	\N	\N	Слово конфигурации	4	\N	\N	3
80	129	0	0	CW.PPartState	Использовать Кп	Флаг использования П-составляющей регулятора	\N	\N	\N	\N	Коэффициенты, обновление	5	\N	\N	31
79	128	45	0	CW	Слово конфигурации	Слово конфигурации	\N	\N	-32768	32767	Слово конфигурации	0	\N	\N	31
82	129	0	2	CW.DPartState	Использовать Тд,с	Флаг использования Д-составляющей регулятора	\N	\N	\N	\N	Коэффициенты, обновление	9	\N	\N	31
76	128	7	0	StoppingTime	Таймер останова, с	Время останова (формат TimeByte)	\N	\N	\N	\N	Таймеры	9	\N	\N	3
77	128	8	0	StartDelay	Задержка повторного пуска, с	Время задержки перед повторным пуском (формат TimeByte)	\N	\N	\N	\N	Таймеры	10	\N	\N	3
78	128	9	0	PulseWidth	Импульс, с	Длительность управляющего импульса (формат TimeByte)	\N	\N	\N	\N	Таймеры	11	\N	\N	3
81	129	0	1	CW.IPartState	Использовать Ти,с	Флаг использования И-составляющей регулятора	\N	\N	\N	\N	Коэффициенты, обновление	7	\N	\N	31
83	129	0	3	CW.SoftStart	Мягкий старт	Флаг Мягкого старта (безударный переход при смене режима)	\N	\N	\N	\N	Дополнительная конфигурация	1	\N	\N	31
69	129	0	1	CW.ActiveState	Активен	Активность агрегата	\N	\N	\N	\N	Слово конфигурации	2	\N	\N	3
70	129	0	2	CW.defDist	По умолчанию: в Дистанции	По умолчанию: в Дистанции	\N	\N	\N	\N	Слово конфигурации	3	\N	\N	3
56	129	0	12	CW.Used_EURange	Масштабирование	Флаг: Масштабирование значения (есть привязка к шкале преобразования)	\N	\N	\N	\N	Слово конфигурации	0	\N	\N	2
84	129	0	4	CW.pMVLowLimit	ИМ минимум	флаг Нижнее ограничение по величине управления	\N	\N	\N	\N	ИМ	18	\N	\N	31
90	129	0	10	CW.SP_in_State	Подчиненный	флаг Использовать внешнее задание (Подчиненный регулятор)	\N	\N	\N	\N	Дополнительная конфигурация	2	\N	\N	31
88	129	0	8	CW.DB_TYPE_STEP	Ступенчатая	флаг Тип зоны нечувствительности - ступенчатая	\N	\N	\N	\N	Зона нечувствительности	23	\N	\N	31
85	129	0	5	CW.pMVHighLimit	ИМ максимум	флаг Верхнее ограничение по величине управления	\N	\N	\N	\N	ИМ	20	\N	\N	31
89	129	0	9	CW.DB_TYPE_SHIFT	Со сдвигом	флаг Тип зоны нечувствительности - со сдвигом	\N	\N	\N	\N	Зона нечувствительности	24	\N	\N	31
86	129	0	6	CW.MVRateLimit_UP	Блок по скорости, вверх	флаг Тип ограничения скорости изменения величины управления, "вверх"	\N	\N	\N	\N	ИМ	15	\N	\N	31
87	129	0	7	CW.MVRateLimit_DW	Блок по скорости, вниз	флаг Тип ограничения скорости изменения величины управления, "вниз"	\N	\N	\N	\N	ИМ	16	\N	\N	31
60	129	0	0	HILO_CW.Alarms.HiActiveState	Верхняя предупредительная граница	Верхняя предупредительная граница	\N	\N	\N	\N	Предупреждения	21	\N	\N	2
62	129	0	2	HILO_CW.Alarms.LoActiveState	Нижняя предупредительная граница	Нижняя предупредительная граница	\N	\N	\N	\N	Предупреждения	23	\N	\N	2
63	129	0	3	HILO_CW.Alarms.LoLoActiveState	Нижняя аварийная граница	Нижняя аварийная граница	\N	\N	\N	\N	Предупреждения	25	\N	\N	2
43	130	0	0	SP.TechLo	Нижняя технологическая граница	Нижняя технологическая граница в единицах измерения	\N	\N	\N	\N	Задание	18	\N	\N	2
59	129	0	15	CW.Used_Formula	Формула	Флаг: Используется формула	\N	\N	\N	\N	Слово конфигурации	0	\N	\N	2
57	129	0	13	CW.MessOfChange	Логирование изменений	Флаг: Выдавать сообщения при изменении значения или качества переменной	\N	\N	\N	\N	Слово конфигурации	19	\N	\N	2
58	129	0	14	CW.Used_Media	Медианный фильтр	Флаг: Используется медианный фильтр	\N	\N	\N	\N	Слово конфигурации	20	\N	\N	2
61	129	0	1	HILO_CW.Alarms.HiHiActiveState	Верхняя аварийная граница	Верхняя аварийная граница	\N	\N	\N	\N	Предупреждения	19	\N	\N	2
68	129	0	0	CW.ConfigState	Сонфигурирован	Наличие конфигурационной записи агрегата	\N	\N	\N	\N	Слово конфигурации	0	\N	\N	3
67	128	5	0	CW	Слово конфигурации	Слово конфигурации	\N	\N	-32768	32767	Слово конфигурации	0	\N	\N	3
75	128	6	0	StartingTime	Таймер запуска, с	Время запуска (формат TimeByte)	\N	\N	\N	\N	Таймеры	8	\N	\N	3
94	130	46	0	PID.Kp	Кп	Коэффициент пропорциональности	\N	\N	\N	\N	Коэффициенты, обновление	6	\N	\N	31
92	129	0	12	CW.PV2_blockMove	Морозить ИМ по 2-ой упр.величине	флаг: Заморозить величину управления, при срабатывании ограничения второй управляемой величине	\N	\N	\N	\N	Дополнительная конфигурация	4	\N	\N	31
93	129	0	13	CW.pMVLimit_Man	Ограничение в ручном	флаг: Ограничивать величину управления не только в Автоматическом но и в Ручном режиме управления	\N	\N	\N	\N	ИМ	17	\N	\N	31
91	129	0	11	CW.PV2_Active	2-я управляемая величина	флаг Использование второй управляемой величины	\N	\N	\N	\N	Дополнительная конфигурация	3	\N	\N	31
95	130	47	0	PID.Ti	Ти,с	Постоянная времени интегрирования, с	\N	\N	\N	\N	Коэффициенты, обновление	8	\N	\N	31
96	130	48	0	PID.Td	Тд,с	Постоянная времени дифференцирования, с	\N	\N	\N	\N	Коэффициенты, обновление	10	\N	\N	31
97	130	0	0	PID.SP	Задание	Задание регулятора (для сохранения значения)	\N	\N	\N	\N	Коэффициенты, обновление	11	\N	\N	31
98	128	49	0	PID.DPartFilterTime	Фильтр, Тд	Время фильтрации дифференциальной составляющей (формат TimeByte)	\N	\N	\N	\N	Коэффициенты, обновление	12	\N	\N	31
99	128	50	0	PID.UpdateRate	Период обновления, с	Период обновления расчетов регулятора (формат TimeByte)	\N	\N	\N	\N	Коэффициенты, обновление	13	\N	\N	31
101	130	56	0	PID.PV_tech_Max	Тех.максимум	Технологический максимум регулируемого значения	\N	\N	\N	\N	Технологические пределы	25	\N	\N	31
102	130	57	0	PID.PV_tech_Min	Тех.минимум	Технологический минимум регулируемого значения	\N	\N	\N	\N	Технологические пределы	26	\N	\N	31
105	130	54	0	PID.DeadbandValue	Зона нечувствительности	Ширина зоны нечувствительности	\N	\N	\N	\N	Зона нечувствительности	22	\N	\N	31
100	128	51	0	PID.ActuatorStrokeTime	Полный ход ИМ,с	Время полного хода исполнительного механизма, с	\N	\N	\N	\N	ИМ	14	\N	\N	31
103	130	52	0	PID.MVLowLimit	ИМ минимум	Нижнее ограничение по величине управления	\N	\N	\N	\N	ИМ	19	\N	\N	31
104	130	53	0	PID.MVHighLimit	ИМ максимум	Верхнее ограничение по величине управления	\N	\N	\N	\N	ИМ	21	\N	\N	31
110	129	0	3	CW.SEQ_OnErrToIdle	При неисправности: Ожидание	При неисправности Аварийная остановка последовательности	\N	\N	\N	\N	Дополнительная конфигурация	4	\N	\N	33
115	129	0	8	CW.SEQ_used_Sel1	Наличие: Запуск	Этот бит не используется	\N	\N	\N	\N	Дополнительная конфигурация	0	\N	\N	33
116	129	0	9	CW.SEQ_used_Sel2	Наличие: Останов	Используется последовательность запуска	\N	\N	\N	\N	Дополнительная конфигурация	0	\N	\N	33
117	129	0	10	CW.SEQ_used_Sel3	Наличие: Быстрый запуск	Используется последовательность останова	\N	\N	\N	\N	Дополнительная конфигурация	0	\N	\N	33
118	129	0	11	CW.SEQ_used_Sel4	Наличие: Аварийный останов	Используется последовательность быстрого запуска	\N	\N	\N	\N	Дополнительная конфигурация	0	\N	\N	33
111	129	0	4	CW.SEQ_CheckOnlyCurStep	Проверять только тек.шаг	При неисправности перевести последовательность в состояние Ожидание	\N	\N	\N	\N	Дополнительная конфигурация	5	\N	\N	33
112	129	0	5	CW.SEQ_noCheckChStarted	Не проверять при: Запущено	Проверка готовности только объектов текущего шага	\N	\N	\N	\N	Дополнительная конфигурация	6	\N	\N	33
113	129	0	6	CW.SEQ_noCheckChStopped	Не проверять при: Остановлено	Не проверять подагрегаты если последовательность в состоянии Запущено	\N	\N	\N	\N	Дополнительная конфигурация	7	\N	\N	33
114	129	0	7	CW.SEQ_Rezerv	резерв	Не проверять подагрегаты  если последовательность в состоянии Остановлено	\N	\N	\N	\N	Дополнительная конфигурация	8	\N	\N	33
107	129	0	0	CW.SEQ_AllMasked	Без проверки	Ширина зоны нечувствительности	\N	\N	\N	\N	Дополнительная конфигурация	1	\N	\N	33
108	129	0	1	CW.SEQ_OnErrToStop	При неисправности: Останов	Без проверки на неисправность	\N	\N	\N	\N	Дополнительная конфигурация	2	\N	\N	33
109	129	0	2	CW.SEQ_OnErrToEmgStop	При неисправности: Авар.останов	При неисправности Остановка последовательности	\N	\N	\N	\N	Дополнительная конфигурация	3	\N	\N	33
106	128	64	0	CW	Слово конфигурации	Слово конфигурации	\N	\N	-32768	32767	Слово конфигурации	0	\N	\N	33
119	128	58	0	CW	Слово конфигурации	Слово конфигурации	\N	\N	-32768	32767	Слово конфигурации	0	\N	\N	32
120	129	0	0	CW.ATS_SelByPriority	Выбор агрегата для запуска по приоритету	Выбор агрегата для запуска по приоритету	\N	\N	\N	\N	Дополнительная конфигурация	1	\N	\N	32
121	129	0	1	CW.ATS_SelByOperTime	Выбор агрегата для запуска по наработке	Выбор агрегата для запуска по наработке	\N	\N	\N	\N	Дополнительная конфигурация	2	\N	\N	32
122	129	0	2	CW.ATS_OneByOne	Одновременный запуск/останов только по одному агрегату	Одновременный запуск/останов только по одному агрегату	\N	\N	\N	\N	Дополнительная конфигурация	3	\N	\N	32
123	129	0	3	CW.ATS_bForsedTime	Признак принудительной смены агрегатов	Признак принудительной смены агрегатов	\N	\N	\N	\N	Дополнительная конфигурация	4	\N	\N	32
126	128	61	0	DelayUP	Задержка на включение агрегата (формат TimeByte)	Задержка на включение агрегата (формат TimeByte)	\N	\N	\N	\N	Параметры АВР	7	\N	\N	32
127	128	62	0	DelayDW	Задержка на выключение агрегата (формат TimeByte)	Задержка на выключение агрегата (формат TimeByte)	\N	\N	\N	\N	Параметры АВР	8	\N	\N	32
124	128	59	0	Count	Количество агрегатов в АВР	Количество агрегатов в АВР	\N	\N	\N	\N	Параметры АВР	5	\N	\N	32
125	128	60	0	SP	Необходимое количество работающих агрегатов	Необходимое количество работающих агрегатов	\N	\N	\N	\N	Параметры АВР	6	\N	\N	32
128	128	63	0	ForsedRestartTime	Время принудительной смены агрегатов (мсек)	Время принудительной смены агрегатов (мсек)	\N	\N	\N	\N	Параметры АВР	9	\N	\N	32
130	128	18	0	HILO_CW	Слово конфигурации	Слово конфигурации	\N	\N	-32768	32767	Слово конфигурации	0	\N	\N	2
129	134	1000	0	Formula	Формула	Формула	\N	\N	\N	\N	Формула	26	\N	\N	2
\.


--
-- TOC entry 3811 (class 0 OID 58964)
-- Dependencies: 282
-- Data for Name: general_cnfcommands; Type: TABLE DATA; Schema: public; Owner: postgres
--

COPY public.general_cnfcommands (id, n_command_index, c_name, c_desc) FROM stdin;
102	806	EQ_CMD_PID_SET_MAX	Агрегат. Команда ПИД - Принудительный выход 100%
1	1	C_ENOERR	Командный интерфейс. Ошибка - операция выполнена успешно
2	2	C_EINVALNUMPAR	Командный интерфейс. Ошибка - недопустимое количество параметров (>255)
3	3	C_ENEGSEQNUM	Командный интерфейс. Ошибка - отрицательное значение номера записи
4	4	C_ETIMEOUT	Командный интерфейс. Ошибка - превышено время ожидания полного набора данных
5	5	C_EINVALCMD	Командный интерфейс. Ошибка - команда не может быть обработана
6	6	C_ESTRUCTCMD	Командный интерфейс. Ошибка - нарушение структуры телеграммы
58	540	V_EEURANGEMAX	Переменные. Ошибка - нет места для записи шкалы переменной
7	7	C_EINVIDX	Конфигурационная запись объекта. Ошибка - недопустимый индекс объекта
8	8	C_ENOTCONFED	Конфигурационная запись объекта. Ошибка - объект с таким индексом не сконфигурирован
9	9	C_ENOTACTIVE	Конфигурационная запись объекта. Ошибка - объект с таким индексом не активен
10	10	C_EPRMNOTFOUND	Конфигурационная запись объекта. Ошибка - параметр с указанным идентификатором не найден
11	255	C_SAVEKSPEED	Команда: Записать коэффициент для скорости обмена
12	256	C_SAVEFLASH	Команда: Запись во флэш память подготовленных блоков данных
13	257	M_CMD_GET_CONFIG	Модуль ввода/вывода. Команда - прочитать конфигурацию модуля ввода/вывода
14	258	M_CMD_SET_CONFIG	Модуль ввода/вывода. Команда - записать конфигурацию модуля ввода/вывода
15	259	M_CMD_REMOVE	Модуль ввода/вывода. Команда - удалить модуль ввода/вывода
16	260	M_CMD_SET_WATCH_WINDOW	Модуль ввода/вывода. Команда - отобразить модуль ввода-вывода в окне Диагностики
17	261	M_CMD_FIND	Модуль ввода/вывода. Команда - выдать список связанных переменных
18	262	M_CMD_GENERATE_VDB	Модуль ввода/вывода. Команда - сгенерировать переменные для модуля
19	263	M_CMD_263	Модуль ввода/вывода. Резервная команда
20	264	M_CMD_264	Модуль ввода/вывода. Резервная команда
21	265	M_CMD_265	Модуль ввода/вывода. Резервная команда
22	266	M_CMD_266	Модуль ввода/вывода. Резервная команда
23	267	M_CMD_267	Модуль ввода/вывода. Резервная команда
24	268	M_CMD_268	Модуль ввода/вывода. Резервная команда
25	269	M_CMD_269	Модуль ввода/вывода. Резервная команда
26	270	M_CMD_270	Модуль ввода/вывода. Резервная команда
27	271	M_GET_CONFIG	Модуль ввода/вывода. Выдать конфигурацию модуля ввода/вывода
28	272	M_EINNPARAM	Модуль ввода/вывода. Ошибка - некорректное значение параметра
29	273	M_EDUPLICATE	Модуль ввода/вывода. Ошибка - модуль с таким номером PLC и номером слота уже существует
30	274	M_GET_FIND	Модуль ввода/вывода. Выдать список связанных переменных
31	513	V_CMD_GET_CONFIG	Переменные. Команда - прочитать конфигурацию переменной
32	514	V_CMD_GET_CONFIG_F	Переменные. Команда - прочитать формулу
33	515	V_CMD_SET_CONFIG	Переменные. Команда - записать конфигурацию переменной
34	516	V_CMD_SET_CONFIG_F	Переменные. Команда - записать формулу
35	517	V_CMD_REMOVE	Переменные. Команда - удалить переменную
36	518	V_CMD_SET_WATCH_WINDOW	Переменные. Команда - отобразить переменную в окне Диагностики
37	519	V_CMD_GET_VAL	Переменные. Команда - получить текущее значение переменной
38	520	V_CMD_FIND	Переменные. Команда - выдать список связанных агрегатов
39	521	V_CMD_GET_CONFIG_ONLY	Переменные. Команда - прочитать конфигурацию переменной без формулы
40	522	V_CMD_SET_VAL	Переменные. Команда - записать значение переменной
41	523	V_CMD_FIND_CALC	Переменные. Команда - выдать список упоминания в расчетных переменных
42	524	V_CMD_524	Переменные. Резервная команда
43	525	V_CMD_525	Переменные. Резервная команда
44	526	V_CMD_526	Переменные. Резервная команда
45	527	V_CMD_527	Переменные. Резервная команда
46	528	V_CMD_528	Переменные. Резервная команда
47	529	V_CMD_529	Переменные. Резервная команда
48	530	V_GET_CONFIG	Переменные. Выдать конфигурацию переменной
49	531	V_GET_CONFIG_F	Переменные. Выдать содержание формулы
50	532	V_EINNPARAM	Переменные. Ошибка - некорректное значение параметра
51	533	V_EDUPLICATE	Переменные. Ошибка - переменная с таким номером ПЛК/Модуля/Канала уже существует
52	534	V_EMODNOTEXIST	Переменные. Ошибка - Модуль ввода/вывода переменной не существует
53	535	V_EMODNOTACTIVE	Переменные. Ошибка - Модуль ввода/вывода переменной не активен
54	536	V_EMODTYPEMISMATCH	Переменные. Ошибка - Тип переменной не соответствует типу модуля ввода/вывода
55	537	V_EMODCHANMISMATCH	Переменные. Ошибка - Номер канала переменной превышает размерность модуля
56	538	V_EEMPTYFORMULA	Переменные. Ошибка - Строка формулы пуста
57	539	V_EFORMULASIZE	Переменные. Ошибка - Строка формулы превышает максимально допустимый размер
59	541	V_EALARMSMAX	Переменные. Ошибка - нет места для записи предельных значений переменной
60	542	V_EFORMULAMAX	Переменные. Ошибка - нет места для записи формулы
61	543	V_MEDIAMAX	Переменные. Ошибка - нет места для записи Медианного фильтра
62	600	V_RET_VAL	Переменные. Выдать текущее значение переменной
63	601	V_GET_FIND	Переменные. Выдать список связанных агрегатов
64	602	V_GET_FIND_CALC	Переменные. Выдать список упоминания в расчетных переменных
65	769	EQ_CMD_GET_CONFIG	Агрегат. Команда - прочитать конфигурацию оборудования
66	770	EQ_CMD_GET_CONFIG_PID	Агрегат. Команда - прочитать список переменных ПИД-регулятора
67	771	EQ_CMD_GET_CONFIG_SEQ1	Агрегат. Команда - прочитать список шагов последовательности Запуска
68	772	EQ_CMD_GET_CONFIG_SEQ2	Агрегат. Команда - прочитать список шагов последовательности Останова
69	773	EQ_CMD_GET_CONFIG_SEQ3	Агрегат. Команда - прочитать список шагов последовательности Быстрого запуска
70	774	EQ_CMD_GET_CONFIG_SEQ4	Агрегат. Команда - прочитать список шагов последовательности Аварийного останова
71	775	EQ_CMD_SET_CONFIG	Агрегат. Команда - записать конфигурацию оборудования
72	776	EQ_CMD_SET_CONFIG_PID	Агрегат. Команда - записать список переменных ПИД-регулятора
73	777	EQ_CMD_SET_CONFIG-SEQ1	Агрегат. Команда - записать список шагов последовательности Запуска
74	778	EQ_CMD_SET_CONFIG-SEQ2	Агрегат. Команда - записать список шагов последовательности Останова
75	779	EQ_CMD_SET_CONFIG-SEQ3	Агрегат. Команда - записать список шагов последовательности Быстрого запуска
76	780	EQ_CMD_SET_CONFIG-SEQ4	Агрегат. Команда - записать список шагов последовательности Аварийного останова
77	781	EQ_CMD_REMOVE	Агрегат. Команда - Удалить единицу оборудования
78	782	EQ_CMD_START	Агрегат. Команда - Запустить агрегат
79	783	EQ_CMD_STOP	Агрегат. Команда - Остановить агрегат
80	784	EQ_CMD_OPEN	Агрегат. Команда - Открыть задвижку
81	785	EQ_CMD_CLOSE	Агрегат. Команда - Закрыть задвижку
82	786	EQ_CMD_STOP_MOVE	Агрегат. Команда - Остановить движение задвижки
83	787	EQ_CMD_START_FORWARD	Агрегат. Команда - Запустить Вперед
84	788	EQ_CMD_START_BACK	Агрегат. Команда - Запустить Назад
85	789	EQ_CMD_FORWARD	Агрегат. Команда - Назначить направление Вперед
86	790	EQ_CMD_BACK	Агрегат. Команда - Назначить направление Назад
87	791	EQ_CMD_QUICK_START	Агрегат. Команда - Быстрый запуск агрегата
88	792	EQ_CMD_EMERGENCY_STOP	Агрегат. Команда - Аварийный останов агрегата
89	793	EQ_CMD_SET_MODE_AUTO	Агрегат. Команда - Установить режим управления - Автоматический
90	794	EQ_CMD_SET_MODE_REMOTE	Агрегат. Команда - Установить режим управления - Дистанционный
91	795	EQ_CMD_SET_MODE_LOCAL	Агрегат. Команда - установить режим управления - Местный
92	796	EQ_CMD_ACK	Агрегат. Команда - Квитировать ошибки
93	797	EQ_CMD_ACK2	Агрегат. Команда - повторная команда Квитировать ошибки (для последовательности)
94	798	EQ_CMD_ACK_ALL	Агрегат. Команда - Квитировать все оборудование которое в Авто
95	799	EQ_CMD_LOCKOVER	Агрегат. Команда - отключения блокирования текущим агрегатом зависящих от него агрегатов
96	800	EQ_CMD_INLOCKOVER	Агрегат. Команда - включение блокирования текущим агрегатом зависящих от него агрегатов
97	801	EQ_CMD_RESET	Агрегат. Команда - принудительного сброса неисправности на ЧРП
98	802	EQ_CMD_SET_SECONDARY	Агрегат. Команда ПИД - использовать внешнее задание (ведомый)
99	803	EQ_CMD_SET_STANDALONE	Агрегат. Команда ПИД - не использовать внешнее задание (автономный)
100	804	EQ_CMD_PID_MIDDLE	Агрегат. Команда ПИД - Принудительный выход 50%
101	805	EQ_CMD_PID_SET_ZERO	Агрегат. Команда ПИД - Принудительный выход 0%
103	807	EQ_CMD_PID_NOMANSET	Агрегат. Команда ПИД - сбросить состояние: Принудительный выход
104	808	EQ_CMD_SET_PV2ACTIVE	Агрегат. Команда ПИД - использовать вторую управляемую величину
105	809	EQ_CMD_DSET_PV2ACTIVE	Агрегат. Команда ПИД - не использовать вторую управляемую величину
106	810	EQ_CMD_SET_PAUSE	Агрегат. Команда Последовательность - Поставить на паузу
107	811	EQ_CMD_DSET_PAUSE	Агрегат. Команда Последовательность - Снять с паузы
108	812	EQ_CMD_SET_WATCH_WINDOW	Агрегат. Команда - отобразить состояние агрегата в окне Диагностики
109	813	EQ_CMD_RESETTIME	Агрегат. Команда - Сброс наработки
110	814	EQ_CMD_GET_SW	Агрегат. Команда - Получить текущее состояние оборудования
111	815	EQ_CMD_FIND	Агрегат. Агрегаты. Команда - выдать список связанных агрегатов
112	816	EQ_CMD_GET_CONFIG_ONLY	Агрегат. Команда - Прочитать только конфигурацию оборудования, без модулей и связанных объектов
113	817	EQ_CMD_GET_CONFIG_VDB	Агрегат. Команда - Прочитать конфигурацию связанных переменных
114	818	EQ_CMD_GET_CONFIG_EQ	Агрегат. Команда - Прочитать конфигурацию связанных агрегатов
115	819	EQ_CMD_SET_CONFIG_VDB	Агрегат. Команда - Записать конфигурацию связанных переменных
116	820	EQ_CMD_SET_CONFIG_EQ	Агрегат. Команда - Записать конфигурацию связанных агрегатов
117	821	EQ_CMD_CURERRORS	Агрегат. Команда - Выдать список последних событий
118	822	EQ_CMD_SET_SP	Агрегат. Команда - Записать значение Задания
119	823	EQ_CMD_SET_SPMV	Агрегат. Команда - Записать значение Ручного задания
120	824	EQ_CMD_FIND_CALC	Агрегат. Команда - Выдать список упоминания в расчетных переменных
121	825	EQ_CMD_LIST_ERR	Агрегат. Команда - Выдать список текущих неисправностей агрегата
122	826	EQ_CMD_826	Агрегат. Резервная команда
123	827	EQ_CMD_827	Агрегат. Резервная команда
124	828	EQ_CMD_828	Агрегат. Резервная команда
125	829	EQ_CMD_829	Агрегат. Резервная команда
126	830	EQ_CMD_830	Агрегат. Резервная команда
127	831	EQ_CMD_831	Агрегат. Резервная команда
128	832	EQ_CMD_832	Агрегат. Резервная команда
129	833	EQ_CMD_833	Агрегат. Резервная команда
130	834	EQ_CMD_834	Агрегат. Резервная команда
131	835	EQ_CMD_835	Агрегат. Резервная команда
132	836	EQ_CMD_836	Агрегат. Резервная команда
133	837	EQ_CMD_837	Агрегат. Резервная команда
134	838	EQ_CMD_838	Агрегат. Резервная команда
135	839	EQ_CMD_839	Агрегат. Резервная команда
136	840	EQ_CMD_840	Агрегат. Резервная команда
137	841	EQ_CMD_841	Агрегат. Резервная команда
138	842	EQ_CMD_842	Агрегат. Резервная команда
139	843	EQ_CMD_843	Агрегат. Резервная команда
140	844	EQ_CMD_844	Агрегат. Резервная команда
141	845	EQ_CMD_845	Агрегат. Резервная команда
142	846	EQ_CMD_846	Агрегат. Резервная команда
143	847	EQ_CMD_847	Агрегат. Резервная команда
144	848	EQ_CMD_848	Агрегат. Резервная команда
145	849	EQ_CMD_849	Агрегат. Резервная команда
146	850	EQ_GET_CONFIG	Агрегат. Выдать конфигурацию оборудования
147	851	EQ_GET_CONFIG_PID	Агрегат. Выдать список переменных ПИД-регулятора
148	852	EQ_GET_CONFIG_SEQ1	Агрегат. Выдать список шагов последовательности Запуска
149	853	EQ_GET_CONFIG_SEQ2	Агрегат. Выдать список шагов последовательности Останова
150	854	EQ_GET_CONFIG_SEQ3	Агрегат. Выдать список шагов последовательности Быстрого запуска
151	855	EQ_GET_CONFIG_SEQ4	Агрегат. Выдать список шагов последовательности Аварийного останова
152	856	EQ_EINNPARAM	Агрегат. Ошибка - некорректное значение параметра
153	857	EQ_EINNPARAM_PID	Агрегат. ПИД. Ошибка - некорректное значение параметра 
154	858	EQ_EINNPARAM_SEQ1	Агрегат. Последовательность 1. Ошибка - некорректное значение параметра 
155	859	EQ_EINNPARAM_SEQ2	Агрегат. Последовательность 2. Ошибка - некорректное значение параметра 
156	860	EQ_EINNPARAM_SEQ3	Агрегат. Последовательность 3. Ошибка - некорректное значение параметра 
157	861	EQ_EINNPARAM_SEQ4	Агрегат. Последовательность 4. Ошибка - некорректное значение параметра 
158	862	EQ_NOPLACE	Агрегат. Ошибка - Нет места для записи конфигурации оборудования
159	863	EQ_NOPLACE_LINKVDB	Агрегат. Ошибка - Нет места для записи связанных переменных
160	864	EQ_NOPLACE_LINKEQ	Агрегат. Ошибка - Нет места для записи связанного оборудования
161	865	EQ_NOPLACE_VFD	Агрегат. Ошибка - Нет места для записи конфигурации частотника
162	866	EQ_NOPLACE_WCWS	Агрегат. Ошибка - Нет места для записи конфигурации значений слова состояния и слова управления
163	867	EQ_NOPLACE_PID	Агрегат. Ошибка - Нет места для записи конфигурации ПИД-регулятора
164	868	EQ_NOPLACE_PIDVDB	Агрегат. Ошибка - Нет места для записи связанных переменных ПИД-регулятора
165	869	EQ_NOPLACE_SEQ	Агрегат. Ошибка - Нет места для записи конфигурации Последовательности
166	870	EQ_NOPLACE_SEQ1	Агрегат. Ошибка - Нет места для записи шагов Последовательности 1
167	871	EQ_NOPLACE_SEQ2	Агрегат. Ошибка - Нет места для записи шагов Последовательности 2
168	872	EQ_NOPLACE_SEQ3	Агрегат. Ошибка - Нет места для записи шагов Последовательности 3
169	873	EQ_NOPLACE_SEQ4	Агрегат. Ошибка - Нет места для записи шагов Последовательности 4
170	874	EQ_NOPLACE_ATS	Агрегат. Ошибка - Нет места для записи АВР
171	875	EQ_GET_CONFIG_VDB	Агрегат. Выдать конфигурацию связанных переменных
172	876	EQ_GET_CONFIG_EQ	Агрегат. Выдать конфигурацию связанных агрегатов
173	877	EQ_BAD_CONFIG	Агрегат. Ошибка - Некорректная конфигурация параметров
174	878	EQ_BAD_SIGNAL	Агрегат. Ошибка - Некорректная комбинация значений сигналов
175	879	EQ_BAD_QUALITY	Агрегат. Ошибка - Недостоверное значение сигнала(ов)
176	880	EQ_UNEXP_START	Агрегат. Ошибка - Самопроизвольный запуск
177	881	EQ_UNEXP_STOP	Агрегат. Ошибка - Самопроизвольный останов
178	882	EQ_UNEXP_OPEN	Агрегат. Ошибка - Самопроизвольное открытие
179	883	EQ_UNEXP_CLOSE	Агрегат. Ошибка - Самопроизвольное закрытие
180	884	EQ_OP_TIMEOUT	Агрегат. Ошибка - Превышено время выполнения операции
181	885	EQ_DELAY_START	Агрегат. Ошибка - Время задержки перед повторным пуском
182	886	EQ_INTERLOCK	Агрегат. Ошибка - Межагрегатная блокировка
183	887	EQ_LOCAL_CONTROL	Агрегат. Ошибка - МПУ
184	888	EQ_LOCAL_STOP	Агрегат. Ошибка - Останов по месту
185	889	EQ_EMERGENCY_STOP	Агрегат. Ошибка - Аварийный останов по месту
186	890	EQ_NOT_READY	Агрегат. Ошибка - Нет готовности
187	891	EQ_VFD_CB_TIMEOUT	Агрегат. Ошибка - Превышено время включения контактора ЧРП
188	892	EQ_VFD_FAULT	Агрегат. Ошибка - Авария ЧРП
189	893	EQ_EINVDEADBANDVAL	Агрегат. Ошибка - Некорректное значение параметра: Зона нечувствительности
190	894	EQ_NO_CH_MODE	Агрегат. Ошибка - Сменить режим можно только при остановленном оборудовании
191	895	EQ_PID_NOPV	Агрегат. Ошибка - В конфигурации переменных ПИД нет управляемой величины (PV)
192	896	EQ_PID_NOMV	Агрегат. Ошибка - В конфигурации переменных ПИД нет управляющего воздейсвия (MV)
193	897	EQ_EINNPARAM_VDB	Агрегат. Ошибка - Связанные переменные. Некорректное значение параметра
194	898	EQ_EINNPARAM_AGR	Агрегат. Ошибка - Связанные агрегаты. Некорректное значение параметра
195	899	EQ_ERROR_899	Агрегат. Ошибка - Неопределенная ошибка
196	900	EQ_RET_SW	Агрегат. Выдать текущее состояние агрегата
197	901	EQ_GET_FIND	Агрегат. Выдать список связанных агрегатов
198	902	EQ_GET_CURERRORS	Агрегат. Выдать список последних событий
199	903	EQ_GET_FIND_CALC	Агрегат. Выдать список упоминания в расчетных переменных
200	904	EQ_GET_LIST_ERR	Агрегат. Выдать список текущих неисправностей агрегата
201	905	EQ_RET905	Агрегат. Ответ -резервное сообщение
202	906	EQ_RET906	Агрегат. Ответ -резервное сообщение
203	907	EQ_RET907	Агрегат. Ответ -резервное сообщение
204	908	EQ_RET908	Агрегат. Ответ -резервное сообщение
205	909	EQ_RET909	Агрегат. Ответ -резервное сообщение
206	910	EQ_RET910	Агрегат. Ответ -резервное сообщение
207	911	EQ_RET911	Агрегат. Ответ -резервное сообщение
208	912	EQ_RET912	Агрегат. Ответ -резервное сообщение
\.


--
-- TOC entry 3763 (class 0 OID 17835)
-- Dependencies: 234
-- Data for Name: general_cnfcontroller; Type: TABLE DATA; Schema: public; Owner: postgres
--

COPY public.general_cnfcontroller (id, c_name_controller, c_ip_controller, c_desc_controller) FROM stdin;
2	PLC2	192.168.0.26	PLC second
1	PLC1	192.168.222.22	PLC first
\.


--
-- TOC entry 3815 (class 0 OID 83797)
-- Dependencies: 286
-- Data for Name: general_cnfjournalmessages; Type: TABLE DATA; Schema: public; Owner: postgres
--

COPY public.general_cnfjournalmessages (id, n_index, c_obj_index_name, c_desc, c_mes_type) FROM stdin;
1	1	OldCmd	Командный интерфейс. Ошибка - операция выполнена успешно	Информационное сообщение
2	2	OldCmd	Командный интерфейс. Ошибка - недопустимое количество параметров (>255)	Информационное сообщение
3	3	OldCmd	Командный интерфейс. Ошибка - отрицательное значение номера записи	Информационное сообщение
4	4	OldCmd	Командный интерфейс. Ошибка - превышено время ожидания полного набора данных	Информационное сообщение
5	5	OldCmd	Командный интерфейс. Ошибка - команда не может быть обработана	Информационное сообщение
6	6	OldCmd	Командный интерфейс. Ошибка - нарушение структуры телеграммы	Информационное сообщение
7	7	OldCmd	Конфигурационная запись объекта. Ошибка - недопустимый индекс объекта	Информационное сообщение
8	8	OldCmd	Конфигурационная запись объекта. Ошибка - объект с таким индексом не сконфигурирован	Информационное сообщение
9	9	OldCmd	Конфигурационная запись объекта. Ошибка - объект с таким индексом не активен	Информационное сообщение
10	10	OldCmd	Конфигурационная запись объекта. Ошибка - параметр с указанным идентификатором не найден	Информационное сообщение
11	255	---	Команда: Записать коэффициент для скорости обмена	Информационное сообщение
12	256	---	Команда: Запись во флэш память подготовленных блоков данных	Информационное сообщение
13	257	Index IOMDL	Модуль ввода/вывода. Команда - прочитать конфигурацию модуля ввода/вывода	Информационное сообщение
14	258	Index IOMDL	Модуль ввода/вывода. Команда - записать конфигурацию модуля ввода/вывода	Информационное сообщение
15	259	Index IOMDL	Модуль ввода/вывода. Команда - удалить модуль ввода/вывода	Информационное сообщение
16	260	Index IOMDL	Модуль ввода/вывода. Команда - отобразить модуль ввода-вывода в окне Диагностики	Информационное сообщение
17	261	Index IOMDL	Модуль ввода/вывода. Команда - выдать список связанных переменных	Информационное сообщение
18	262	Index IOMDL	Модуль ввода/вывода. Команда - сгенерировать переменные для модуля	Информационное сообщение
19	263	Index IOMDL	Модуль ввода/вывода. Резервная команда	Информационное сообщение
20	264	Index IOMDL	Модуль ввода/вывода. Резервная команда	Информационное сообщение
21	265	Index IOMDL	Модуль ввода/вывода. Резервная команда	Информационное сообщение
22	266	Index IOMDL	Модуль ввода/вывода. Резервная команда	Информационное сообщение
23	267	Index IOMDL	Модуль ввода/вывода. Резервная команда	Информационное сообщение
24	268	Index IOMDL	Модуль ввода/вывода. Резервная команда	Информационное сообщение
25	269	Index IOMDL	Модуль ввода/вывода. Резервная команда	Информационное сообщение
26	270	Index IOMDL	Модуль ввода/вывода. Резервная команда	Информационное сообщение
27	271	Index IOMDL	Модуль ввода/вывода. Выдать конфигурацию модуля ввода/вывода	Информационное сообщение
28	272	Index IOMDL	Модуль ввода/вывода. Ошибка - некорректное значение параметра	Информационное сообщение
29	273	Index IOMDL	Модуль ввода/вывода. Ошибка - модуль с таким номером PLC и номером слота уже существует	Информационное сообщение
30	274	Index IOMDL	Модуль ввода/вывода. Выдать список связанных переменных	Информационное сообщение
31	513	Index VDB	Переменные. Команда - прочитать конфигурацию переменной	Информационное сообщение
32	514	Index VDB	Переменные. Команда - прочитать формулу	Информационное сообщение
33	515	Index VDB	Переменные. Команда - записать конфигурацию переменной	Информационное сообщение
34	516	Index VDB	Переменные. Команда - записать формулу	Информационное сообщение
35	517	Index VDB	Переменные. Команда - удалить переменную	Информационное сообщение
36	518	Index VDB	Переменные. Команда - отобразить переменную в окне Диагностики	Информационное сообщение
37	519	Index VDB	Переменные. Команда - получить текущее значение переменной	Информационное сообщение
38	520	Index VDB	Переменные. Команда - выдать список связанных агрегатов	Информационное сообщение
39	521	Index VDB	Переменные. Команда - прочитать конфигурацию переменной без формулы	Информационное сообщение
40	522	Index VDB	Переменные. Команда - записать значение переменной	Информационное сообщение
41	523	Index VDB	Переменные. Команда - выдать список упоминания в расчетных переменных	Информационное сообщение
42	524	Index VDB	Переменные. Резервная команда	Информационное сообщение
43	525	Index VDB	Переменные. Резервная команда	Информационное сообщение
44	526	Index VDB	Переменные. Резервная команда	Информационное сообщение
45	527	Index VDB	Переменные. Резервная команда	Информационное сообщение
46	528	Index VDB	Переменные. Резервная команда	Информационное сообщение
47	529	Index VDB	Переменные. Резервная команда	Информационное сообщение
48	530	Index VDB	Переменные. Выдать конфигурацию переменной	Информационное сообщение
49	531	Index VDB	Переменные. Выдать содержание формулы	Информационное сообщение
50	532	Index VDB	Переменные. Ошибка - некорректное значение параметра	Информационное сообщение
51	533	Index VDB	Переменные. Ошибка - переменная с таким номером ПЛК/Модуля/Канала уже существует	Информационное сообщение
52	534	Index VDB	Переменные. Ошибка - Модуль ввода/вывода переменной не существует	Информационное сообщение
53	535	Index VDB	Переменные. Ошибка - Модуль ввода/вывода переменной не активен	Информационное сообщение
54	536	Index VDB	Переменные. Ошибка - Тип переменной не соответствует типу модуля ввода/вывода	Информационное сообщение
55	537	Index VDB	Переменные. Ошибка - Номер канала переменной превышает размерность модуля	Информационное сообщение
56	538	Index VDB	Переменные. Ошибка - Строка формулы пуста	Информационное сообщение
57	539	Index VDB	Переменные. Ошибка - Строка формулы превышает максимально допустимый размер	Информационное сообщение
58	540	Index VDB	Переменные. Ошибка - нет места для записи шкалы переменной	Информационное сообщение
59	541	Index VDB	Переменные. Ошибка - нет места для записи предельных значений переменной	Информационное сообщение
60	542	Index VDB	Переменные. Ошибка - нет места для записи формулы	Информационное сообщение
61	543	Index VDB	Переменные. Ошибка - нет места для записи Медианного фильтра	Информационное сообщение
62	600	Index VDB	Переменные. Выдать текущее значение переменной	Информационное сообщение
63	601	Index VDB	Переменные. Выдать список связанных агрегатов	Информационное сообщение
64	602	Index VDB	Переменные. Выдать список упоминания в расчетных переменных	Информационное сообщение
65	769	Index EQ	Агрегат. Команда - прочитать конфигурацию оборудования	Информационное сообщение
66	770	Index EQ	Агрегат. Команда - прочитать список переменных ПИД-регулятора	Информационное сообщение
67	771	Index EQ	Агрегат. Команда - прочитать список шагов последовательности Запуска	Информационное сообщение
68	772	Index EQ	Агрегат. Команда - прочитать список шагов последовательности Останова	Информационное сообщение
69	773	Index EQ	Агрегат. Команда - прочитать список шагов последовательности Быстрого запуска	Информационное сообщение
70	774	Index EQ	Агрегат. Команда - прочитать список шагов последовательности Аварийного останова	Информационное сообщение
71	775	Index EQ	Агрегат. Команда - записать конфигурацию оборудования	Информационное сообщение
72	776	Index EQ	Агрегат. Команда - записать список переменных ПИД-регулятора	Информационное сообщение
73	777	Index EQ	Агрегат. Команда - записать список шагов последовательности Запуска	Информационное сообщение
74	778	Index EQ	Агрегат. Команда - записать список шагов последовательности Останова	Информационное сообщение
75	779	Index EQ	Агрегат. Команда - записать список шагов последовательности Быстрого запуска	Информационное сообщение
76	780	Index EQ	Агрегат. Команда - записать список шагов последовательности Аварийного останова	Информационное сообщение
77	781	Index EQ	Агрегат. Команда - Удалить единицу оборудования	Информационное сообщение
78	782	Index EQ	Агрегат. Команда - Запустить агрегат	Информационное сообщение
79	783	Index EQ	Агрегат. Команда - Остановить агрегат	Информационное сообщение
80	784	Index EQ	Агрегат. Команда - Открыть задвижку	Информационное сообщение
81	785	Index EQ	Агрегат. Команда - Закрыть задвижку	Информационное сообщение
82	786	Index EQ	Агрегат. Команда - Остановить движение задвижки	Информационное сообщение
83	787	Index EQ	Агрегат. Команда - Запустить Вперед	Информационное сообщение
84	788	Index EQ	Агрегат. Команда - Запустить Назад	Информационное сообщение
85	789	Index EQ	Агрегат. Команда - Назначить направление Вперед	Информационное сообщение
86	790	Index EQ	Агрегат. Команда - Назначить направление Назад	Информационное сообщение
87	791	Index EQ	Агрегат. Команда - Быстрый запуск агрегата	Информационное сообщение
88	792	Index EQ	Агрегат. Команда - Аварийный останов агрегата	Информационное сообщение
89	793	Index EQ	Агрегат. Команда - Установить режим управления - Автоматический	Информационное сообщение
90	794	Index EQ	Агрегат. Команда - Установить режим управления - Дистанционный	Информационное сообщение
91	795	Index EQ	Агрегат. Команда - установить режим управления - Местный	Информационное сообщение
92	796	Index EQ	Агрегат. Команда - Квитировать ошибки	Информационное сообщение
93	797	Index EQ	Агрегат. Команда - повторная команда Квитировать ошибки (для последовательности)	Информационное сообщение
94	798	Index EQ	Агрегат. Команда - Квитировать все оборудование которое в Авто	Информационное сообщение
95	799	Index EQ	Агрегат. Команда - отключения блокирования текущим агрегатом зависящих от него агрегатов	Информационное сообщение
96	800	Index EQ	Агрегат. Команда - включение блокирования текущим агрегатом зависящих от него агрегатов	Информационное сообщение
97	801	Index EQ	Агрегат. Команда - принудительного сброса неисправности на ЧРП	Информационное сообщение
98	802	Index EQ	Агрегат. Команда ПИД - использовать внешнее задание (ведомый)	Информационное сообщение
99	803	Index EQ	Агрегат. Команда ПИД - не использовать внешнее задание (автономный)	Информационное сообщение
100	804	Index EQ	Агрегат. Команда ПИД - Принудительный выход 50%	Информационное сообщение
101	805	Index EQ	Агрегат. Команда ПИД - Принудительный выход 0%	Информационное сообщение
102	806	Index EQ	Агрегат. Команда ПИД - Принудительный выход 100%	Информационное сообщение
103	807	Index EQ	Агрегат. Команда ПИД - сбросить состояние: Принудительный выход	Информационное сообщение
104	808	Index EQ	Агрегат. Команда ПИД - использовать вторую управляемую величину	Информационное сообщение
105	809	Index EQ	Агрегат. Команда ПИД - не использовать вторую управляемую величину	Информационное сообщение
106	810	Index EQ	Агрегат. Команда Последовательность - Поставить на паузу	Информационное сообщение
107	811	Index EQ	Агрегат. Команда Последовательность - Снять с паузы	Информационное сообщение
108	812	Index EQ	Агрегат. Команда - отобразить состояние агрегата в окне Диагностики	Информационное сообщение
109	813	Index EQ	Агрегат. Команда - Сброс наработки	Информационное сообщение
110	814	Index EQ	Агрегат. Команда - Получить текущее состояние оборудования	Информационное сообщение
111	815	Index EQ	Агрегат. Команда - выдать список связанных агрегатов	Информационное сообщение
112	816	Index EQ	Агрегат. Команда - Прочитать только конфигурацию оборудования, без модулей и связанных объектов	Информационное сообщение
113	817	Index EQ	Агрегат. Команда - Прочитать конфигурацию связанных переменных	Информационное сообщение
114	818	Index EQ	Агрегат. Команда - Прочитать конфигурацию связанных агрегатов	Информационное сообщение
115	819	Index EQ	Агрегат. Команда - Записать конфигурацию связанных переменных	Информационное сообщение
116	820	Index EQ	Агрегат. Команда - Записать конфигурацию связанных агрегатов	Информационное сообщение
117	821	Index EQ	Агрегат. Команда - Выдать список последних событий	Информационное сообщение
118	822	Index EQ	Агрегат. Команда - Записать значение Задания для ПИД-регулятора	Информационное сообщение
119	823	Index EQ	Агрегат. Команда - Записать значение Ручного задания для ПИД-регулятора	Информационное сообщение
120	824	Index EQ	Агрегат. Команда - Выдать список упоминания в расчетных переменных	Информационное сообщение
121	825	Index EQ	Агрегат. Команда - Выдать список текущих неисправностей агрегата	Информационное сообщение
122	826	Index EQ	Агрегат. Резервная команда	Информационное сообщение
123	827	Index EQ	Агрегат. Резервная команда	Информационное сообщение
124	828	Index EQ	Агрегат. Резервная команда	Информационное сообщение
125	829	Index EQ	Агрегат. Резервная команда	Информационное сообщение
126	830	Index EQ	Агрегат. Резервная команда	Информационное сообщение
127	831	Index EQ	Агрегат. Резервная команда	Информационное сообщение
128	832	Index EQ	Агрегат. Резервная команда	Информационное сообщение
129	833	Index EQ	Агрегат. Резервная команда	Информационное сообщение
130	834	Index EQ	Агрегат. Резервная команда	Информационное сообщение
131	835	Index EQ	Агрегат. Резервная команда	Информационное сообщение
132	836	Index EQ	Агрегат. Резервная команда	Информационное сообщение
133	837	Index EQ	Агрегат. Резервная команда	Информационное сообщение
134	838	Index EQ	Агрегат. Резервная команда	Информационное сообщение
135	839	Index EQ	Агрегат. Резервная команда	Информационное сообщение
136	840	Index EQ	Агрегат. Резервная команда	Информационное сообщение
137	841	Index EQ	Агрегат. Резервная команда	Информационное сообщение
138	842	Index EQ	Агрегат. Резервная команда	Информационное сообщение
139	843	Index EQ	Агрегат. Резервная команда	Информационное сообщение
140	844	Index EQ	Агрегат. Резервная команда	Информационное сообщение
141	845	Index EQ	Агрегат. Резервная команда	Информационное сообщение
142	846	Index EQ	Агрегат. Резервная команда	Информационное сообщение
143	847	Index EQ	Агрегат. Резервная команда	Информационное сообщение
144	848	Index EQ	Агрегат. Резервная команда	Информационное сообщение
145	849	Index EQ	Агрегат. Резервная команда	Информационное сообщение
146	850	Index EQ	Агрегат. Выдать конфигурацию оборудования	Информационное сообщение
147	851	Index EQ	Агрегат. Выдать список переменных ПИД-регулятора	Информационное сообщение
148	852	Index EQ	Агрегат. Выдать список шагов последовательности Запуска	Информационное сообщение
149	853	Index EQ	Агрегат. Выдать список шагов последовательности Останова	Информационное сообщение
150	854	Index EQ	Агрегат. Выдать список шагов последовательности Быстрого запуска	Информационное сообщение
151	855	Index EQ	Агрегат. Выдать список шагов последовательности Аварийного останова	Информационное сообщение
152	856	Index EQ	Агрегат. Ошибка - некорректное значение параметра	Информационное сообщение
153	857	Index EQ	Агрегат. ПИД. Ошибка - некорректное значение параметра 	Информационное сообщение
154	858	Index EQ	Агрегат. Последовательность 1. Ошибка - некорректное значение параметра 	Информационное сообщение
155	859	Index EQ	Агрегат. Последовательность 2. Ошибка - некорректное значение параметра 	Информационное сообщение
156	860	Index EQ	Агрегат. Последовательность 3. Ошибка - некорректное значение параметра 	Информационное сообщение
157	861	Index EQ	Агрегат. Последовательность 4. Ошибка - некорректное значение параметра 	Информационное сообщение
158	862	Index EQ	Агрегат. Ошибка - Нет места для записи конфигурации оборудования	Информационное сообщение
159	863	Index EQ	Агрегат. Ошибка - Нет места для записи связанных переменных	Информационное сообщение
160	864	Index EQ	Агрегат. Ошибка - Нет места для записи связанного оборудования	Информационное сообщение
161	865	Index EQ	Агрегат. Ошибка - Нет места для записи конфигурации частотника	Информационное сообщение
162	866	Index EQ	Агрегат. Ошибка - Нет места для записи конфигурации значений слова состояния и слова управления	Информационное сообщение
163	867	Index EQ	Агрегат. Ошибка - Нет места для записи конфигурации ПИД-регулятора	Информационное сообщение
164	868	Index EQ	Агрегат. Ошибка - Нет места для записи связанных переменных ПИД-регулятора	Информационное сообщение
165	869	Index EQ	Агрегат. Ошибка - Нет места для записи конфигурации Последовательности	Информационное сообщение
166	870	Index EQ	Агрегат. Ошибка - Нет места для записи шагов Последовательности 1	Информационное сообщение
167	871	Index EQ	Агрегат. Ошибка - Нет места для записи шагов Последовательности 2	Информационное сообщение
168	872	Index EQ	Агрегат. Ошибка - Нет места для записи шагов Последовательности 3	Информационное сообщение
169	873	Index EQ	Агрегат. Ошибка - Нет места для записи шагов Последовательности 4	Информационное сообщение
170	874	Index EQ	Агрегат. Ошибка - Нет места для записи АВР	Информационное сообщение
171	875	Index EQ	Агрегат. Выдать конфигурацию связанных переменных	Информационное сообщение
172	876	Index EQ	Агрегат. Выдать конфигурацию связанных агрегатов	Информационное сообщение
173	877	Index EQ	Агрегат. Ошибка - Некорректная конфигурация параметров	Информационное сообщение
174	878	Index EQ	Агрегат. Ошибка - Некорректная комбинация значений сигналов	Информационное сообщение
175	879	Index EQ	Агрегат. Ошибка - Недостоверное значение сигнала(ов)	Информационное сообщение
176	880	Index EQ	Агрегат. Ошибка - Самопроизвольный запуск	Авария
177	881	Index EQ	Агрегат. Ошибка - Самопроизвольный останов	Авария
178	882	Index EQ	Агрегат. Ошибка - Самопроизвольное открытие	Авария
179	883	Index EQ	Агрегат. Ошибка - Самопроизвольное закрытие	Авария
180	884	Index EQ	Агрегат. Ошибка - Превышено время выполнения операции	Авария
181	885	Index EQ	Агрегат. Ошибка - Время задержки перед повторным пуском	Авария
182	886	Index EQ	Агрегат. Ошибка - Межагрегатная блокировка	Авария
183	887	Index EQ	Агрегат. Ошибка - МПУ	Авария
184	888	Index EQ	Агрегат. Ошибка - Останов по месту	Авария
185	889	Index EQ	Агрегат. Ошибка - Аварийный останов по месту	Авария
186	890	Index EQ	Агрегат. Ошибка - Нет готовности	Авария
187	891	Index EQ	Агрегат. Ошибка - Превышено время включения контактора ЧРП	Авария
188	892	Index EQ	Агрегат. Ошибка - Авария ЧРП	Авария
189	893	Index EQ	Агрегат. Ошибка - Некорректное значение параметра: Зона нечувствительности	Информационное сообщение
190	894	Index EQ	Агрегат. Ошибка - Сменить режим можно только при остановленном оборудовании	Информационное сообщение
191	895	Index EQ	Агрегат. Ошибка - В конфигурации переменных ПИД нет управляемой величины (PV)	Информационное сообщение
192	896	Index EQ	Агрегат. Ошибка - В конфигурации переменных ПИД нет управляющего воздейсвия (MV)	Информационное сообщение
193	897	Index EQ	Агрегат. Ошибка - Связанные переменные. Некорректное значение параметра	Информационное сообщение
194	898	Index EQ	Агрегат. Ошибка - Связанные агрегаты. Некорректное значение параметра	Информационное сообщение
195	899	Index EQ	Агрегат. Ошибка - Неопределенная ошибка	Информационное сообщение
196	900	Index EQ	Агрегат. Выдать текущее состояние агрегата	Информационное сообщение
197	901	Index EQ	Агрегат. Выдать список связанных агрегатов	Информационное сообщение
198	902	Index EQ	Агрегат. Выдать список последних событий	Информационное сообщение
199	903	Index EQ	Агрегат. Выдать список упоминания в расчетных переменных	Информационное сообщение
200	904	Index EQ	Агрегат. Выдать список текущих неисправностей агрегата	Информационное сообщение
201	1025	Index EQ	Роль агрегата: Блок в Авто, на: запуск если смежный агрегат не запущен	Авария
202	1026	Index EQ	Роль агрегата: Блок в Авто, на: запуск если ни один из смежных агрегатов не запущен (AND)	Авария
203	1027	Index EQ	Роль агрегата: Блок в Авто, на: останов если смежный агрегат не запущен	Авария
204	1028	Index EQ	Роль агрегата: Блок в Авто, на: останов если ни один из смежных агрегатов не запущен (AND)	Авария
205	1029	Index EQ	Роль агрегата: Блок в Авто, на: запуск если смежный агрегат не остановлен	Авария
206	1030	Index EQ	Роль агрегата: Блок в Авто, на: запуск если ни один из смежных агрегатов не остановлен (AND)	Авария
207	1031	Index EQ	Роль агрегата: Блок в Авто, на: останов если смежный агрегат не остановлен	Авария
208	1032	Index EQ	Роль агрегата: Блок в Авто, на: останов если ни один из смежных агрегатов не остановлен (AND)	Авария
209	1033	Index EQ	Роль агрегата: Блок в Авто, на: запуск если смежный агрегат остановлен	Авария
210	1034	Index EQ	Роль агрегата: Блок в Авто, на: запуск если все смежные агрегаты остановлены (AND)	Авария
211	1035	Index EQ	Роль агрегата: Блок в Авто, на: останов если смежный агрегат остановлен	Авария
212	1036	Index EQ	Роль агрегата: Блок в Авто, на: останов если все смежные агрегаты остановлены (AND)	Авария
213	1037	Index EQ	Роль агрегата: Блок в Авто, на: запуск если смежный агрегат запущен	Авария
214	1038	Index EQ	Роль агрегата: Блок в Авто, на: запуск если ни все смежные агрегаты запущены (AND)	Авария
215	1039	Index EQ	Роль агрегата: Блок в Авто, на: останов если смежный агрегат запущен	Авария
216	1040	Index EQ	Роль агрегата: Блок в Авто, на: останов если все смежные агрегаты запущены (AND)	Авария
217	1041	Index EQ	Роль агрегата: Блок в Авто, на: Вперед если смежный агрегат не запущен	Авария
218	1042	Index EQ	Роль агрегата: Блок в Авто, на: Вперед если ни один из смежных агрегатов не запущен (AND)	Авария
219	1043	Index EQ	Роль агрегата: Блок в Авто, на: Назад если смежный агрегат не запущен	Авария
220	1044	Index EQ	Роль агрегата: Блок в Авто, на: Назад если ни один из смежных агрегатов не запущен (AND)	Авария
221	1045	Index EQ	Роль агрегата: Блок в Авто, на: Вперед если смежный агрегат не остановлен	Авария
222	1046	Index EQ	Роль агрегата: Блок в Авто, на: Вперед если ни один из смежных агрегатов не остановлен (AND)	Авария
223	1047	Index EQ	Роль агрегата: Блок в Авто, на: Назад если смежный агрегат не остановлен	Авария
224	1048	Index EQ	Роль агрегата: Блок в Авто, на: Назад если ни один из смежных агрегатов не остановлен (AND)	Авария
225	1049	Index EQ	Роль агрегата: Блок в Авто, на: Вперед если смежный агрегат остановлен	Авария
226	1050	Index EQ	Роль агрегата: Блок в Авто, на: Вперед если все смежные агрегаты остановлены (AND)	Авария
227	1051	Index EQ	Роль агрегата: Блок в Авто, на: Назад если смежный агрегат остановлен	Авария
228	1052	Index EQ	Роль агрегата: Блок в Авто, на: Назад если все смежные агрегаты остановлены (AND)	Авария
229	1053	Index EQ	Роль агрегата: Блок в Авто, на: Вперед если смежный агрегат запущен	Авария
230	1054	Index EQ	Роль агрегата: Блок в Авто, на: Вперед если ни все смежные агрегаты запущены (AND)	Авария
231	1055	Index EQ	Роль агрегата: Блок в Авто, на: Назад если смежный агрегат запущен	Авария
232	1056	Index EQ	Роль агрегата: Блок в Авто, на: Назад если все смежные агрегаты запущены (AND)	Авария
233	1057	Index EQ	Роль агрегата: Блок в Авто, на: запуск если смежный агрегат был неисправен	Авария
234	1058	Index EQ	Роль агрегата: Блок в Авто, на: запуск если все смежные агрегаты были неисправны (AND)	Авария
235	1059	Index EQ	Роль агрегата: Блок в Авто, на: останов если смежный агрегат был неисправен	Авария
236	1060	Index EQ	Роль агрегата: Блок в Авто, на: останов если все смежные агрегаты были неисправны (AND)	Авария
237	1061	Index EQ	Роль агрегата: Блок в Авто, на: запуск если смежный агрегат с текущей неисправностью	Авария
238	1062	Index EQ	Роль агрегата: Блок в Авто, на: запуск если ни все смежные агрегаты с текущей неисправностью (AND)	Авария
239	1063	Index EQ	Роль агрегата: Блок в Авто, на: останов если смежный агрегат с текущей неисправностью	Авария
240	1064	Index EQ	Роль агрегата: Блок в Авто, на: останов если все смежные агрегаты с текущей неисправностью (AND)	Авария
241	1065	Index EQ	Роль агрегата: Блок в Авто, на: запуск если смежный агрегат В работе	Авария
242	1066	Index EQ	Роль агрегата: Блок в Авто, на: запуск если все смежные агрегаты В работе (AND)	Авария
243	1067	Index EQ	Роль агрегата: Блок в Авто, на: останов если смежный агрегат В работе	Авария
244	1068	Index EQ	Роль агрегата: Блок в Авто, на: останов если все смежные агрегаты В работе (AND)	Авария
245	1069	Index EQ	Роль агрегата: Блок в Авто, на: запуск если смежный агрегат НЕ в работе	Авария
246	1070	Index EQ	Роль агрегата: Блок в Авто, на: запуск если ни все смежные агрегаты НЕ в работе (AND)	Авария
247	1071	Index EQ	Роль агрегата: Блок в Авто, на: останов если смежный агрегат НЕ в работе	Авария
248	1072	Index EQ	Роль агрегата: Блок в Авто, на: останов если все смежные агрегаты НЕ в работе (AND)	Авария
249	1073	Index EQ	Роль агрегата: Блокировка на: запуск если смежный агрегат не запущен	Авария
250	1074	Index EQ	Роль агрегата: Блокировка на: запуск если ни один из смежных агрегатов не запущен (AND)	Авария
251	1075	Index EQ	Роль агрегата: Блокировка на: останов если смежный агрегат не запущен	Авария
252	1076	Index EQ	Роль агрегата: Блокировка на: останов если ни один из смежных агрегатов не запущен (AND)	Авария
253	1077	Index EQ	Роль агрегата: Блокировка на: запуск если смежный агрегат не остановлен	Авария
254	1078	Index EQ	Роль агрегата: Блокировка на: запуск если ни один из смежных агрегатов не остановлен (AND)	Авария
255	1079	Index EQ	Роль агрегата: Блокировка на: останов если смежный агрегат не остановлен	Авария
256	1080	Index EQ	Роль агрегата: Блокировка на: останов если ни один из смежных агрегатов не остановлен (AND)	Авария
257	1081	Index EQ	Роль агрегата: Блокировка на: запуск если смежный агрегат остановлен	Авария
258	1082	Index EQ	Роль агрегата: Блокировка на: запуск если все смежные агрегаты остановлены (AND)	Авария
259	1083	Index EQ	Роль агрегата: Блокировка на: останов если смежный агрегат остановлен	Авария
260	1084	Index EQ	Роль агрегата: Блокировка на: останов если все смежные агрегаты остановлены (AND)	Авария
261	1085	Index EQ	Роль агрегата: Блокировка на: запуск если смежный агрегат запущен	Авария
262	1086	Index EQ	Роль агрегата: Блокировка на: запуск если ни все смежные агрегаты запущены (AND)	Авария
263	1087	Index EQ	Роль агрегата: Блокировка на: останов если смежный агрегат запущен	Авария
264	1088	Index EQ	Роль агрегата: Блокировка на: останов если все смежные агрегаты запущены (AND)	Авария
265	1089	Index EQ	Роль агрегата: Блокировка на: Вперед если смежный агрегат не запущен	Авария
266	1090	Index EQ	Роль агрегата: Блокировка на: Вперед если ни один из смежных агрегатов не запущен (AND)	Авария
267	1091	Index EQ	Роль агрегата: Блокировка на: Назад если смежный агрегат не запущен	Авария
268	1092	Index EQ	Роль агрегата: Блокировка на: Назад если ни один из смежных агрегатов не запущен (AND)	Авария
269	1093	Index EQ	Роль агрегата: Блокировка на: Вперед если смежный агрегат не остановлен	Авария
270	1094	Index EQ	Роль агрегата: Блокировка на: Вперед если ни один из смежных агрегатов не остановлен (AND)	Авария
271	1095	Index EQ	Роль агрегата: Блокировка на: Назад если смежный агрегат не остановлен	Авария
272	1096	Index EQ	Роль агрегата: Блокировка на: Назад если ни один из смежных агрегатов не остановлен (AND)	Авария
273	1097	Index EQ	Роль агрегата: Блокировка на: Вперед если смежный агрегат остановлен	Авария
274	1098	Index EQ	Роль агрегата: Блокировка на: Вперед если все смежные агрегаты остановлены (AND)	Авария
275	1099	Index EQ	Роль агрегата: Блокировка на: Назад если смежный агрегат остановлен	Авария
276	1100	Index EQ	Роль агрегата: Блокировка на: Назад если все смежные агрегаты остановлены (AND)	Авария
277	1101	Index EQ	Роль агрегата: Блокировка на: Вперед если смежный агрегат запущен	Авария
278	1102	Index EQ	Роль агрегата: Блокировка на: Вперед если ни все смежные агрегаты запущены (AND)	Авария
279	1103	Index EQ	Роль агрегата: Блокировка на: Назад если смежный агрегат запущен	Авария
280	1104	Index EQ	Роль агрегата: Блокировка на: Назад если все смежные агрегаты запущены (AND)	Авария
281	1105	Index EQ	Роль агрегата: Блокировка на: запуск если смежный агрегат был неисправен	Авария
282	1106	Index EQ	Роль агрегата: Блокировка на: запуск если все смежные агрегаты были неисправны (AND)	Авария
283	1107	Index EQ	Роль агрегата: Блокировка на: останов если смежный агрегат был неисправен	Авария
284	1108	Index EQ	Роль агрегата: Блокировка на: останов если все смежные агрегаты были неисправны (AND)	Авария
285	1109	Index EQ	Роль агрегата: Блокировка на: запуск если смежный агрегат с текущей неисправностью	Авария
286	1110	Index EQ	Роль агрегата: Блокировка на: запуск если ни все смежные агрегаты с текущей неисправностью (AND)	Авария
287	1111	Index EQ	Роль агрегата: Блокировка на: останов если смежный агрегат с текущей неисправностью	Авария
288	1112	Index EQ	Роль агрегата: Блокировка на: останов если все смежные агрегаты с текущей неисправностью (AND)	Авария
289	1113	Index EQ	Роль агрегата: Блокировка на: запуск если смежный агрегат В работе	Авария
290	1114	Index EQ	Роль агрегата: Блокировка на: запуск если все смежные агрегаты В работе (AND)	Авария
291	1115	Index EQ	Роль агрегата: Блокировка на: останов если смежный агрегат В работе	Авария
292	1116	Index EQ	Роль агрегата: Блокировка на: останов если все смежные агрегаты В работе (AND)	Авария
293	1117	Index EQ	Роль агрегата: Блокировка на: запуск если смежный агрегат НЕ в работе	Авария
294	1118	Index EQ	Роль агрегата: Блокировка на: запуск если ни все смежные агрегаты НЕ в работе (AND)	Авария
295	1119	Index EQ	Роль агрегата: Блокировка на: останов если смежный агрегат НЕ в работе	Авария
296	1120	Index EQ	Роль агрегата: Блокировка на: останов если все смежные агрегаты НЕ в работе (AND)	Авария
297	1121	Index EQ	Роль агрегата: Команда на: запуск если смежный агрегат не запущен	Внешняя команда
298	1122	Index EQ	Роль агрегата: Команда на: запуск если ни один из смежных агрегатов не запущен (AND)	Внешняя команда
299	1123	Index EQ	Роль агрегата: Команда на: останов если смежный агрегат не запущен	Внешняя команда
300	1124	Index EQ	Роль агрегата: Команда на: останов если ни один из смежных агрегатов не запущен (AND)	Внешняя команда
301	1125	Index EQ	Роль агрегата: Команда на: запуск если смежный агрегат не остановлен	Внешняя команда
302	1126	Index EQ	Роль агрегата: Команда на: запуск если ни один из смежных агрегатов не остановлен (AND)	Внешняя команда
303	1127	Index EQ	Роль агрегата: Команда на: останов если смежный агрегат не остановлен	Внешняя команда
304	1128	Index EQ	Роль агрегата: Команда на: останов если ни один из смежных агрегатов не остановлен (AND)	Внешняя команда
305	1129	Index EQ	Роль агрегата: Команда на: запуск если смежный агрегат остановлен	Внешняя команда
306	1130	Index EQ	Роль агрегата: Команда на: запуск если все смежные агрегаты остановлены (AND)	Внешняя команда
307	1131	Index EQ	Роль агрегата: Команда на: останов если смежный агрегат остановлен	Внешняя команда
308	1132	Index EQ	Роль агрегата: Команда на: останов если все смежные агрегаты остановлены (AND)	Внешняя команда
309	1133	Index EQ	Роль агрегата: Команда на: запуск если смежный агрегат запущен	Внешняя команда
310	1134	Index EQ	Роль агрегата: Команда на: запуск если ни все смежные агрегаты запущены (AND)	Внешняя команда
311	1135	Index EQ	Роль агрегата: Команда на: останов если смежный агрегат запущен	Внешняя команда
312	1136	Index EQ	Роль агрегата: Команда на: останов если все смежные агрегаты запущены (AND)	Внешняя команда
313	1137	Index EQ	Роль агрегата: Команда на: Вперед если смежный агрегат не запущен	Внешняя команда
314	1138	Index EQ	Роль агрегата: Команда на: Вперед если ни один из смежных агрегатов не запущен (AND)	Внешняя команда
315	1139	Index EQ	Роль агрегата: Команда на: Назад если смежный агрегат не запущен	Внешняя команда
316	1140	Index EQ	Роль агрегата: Команда на: Назад если ни один из смежных агрегатов не запущен (AND)	Внешняя команда
317	1141	Index EQ	Роль агрегата: Команда на: Вперед если смежный агрегат не остановлен	Внешняя команда
318	1142	Index EQ	Роль агрегата: Команда на: Вперед если ни один из смежных агрегатов не остановлен (AND)	Внешняя команда
319	1143	Index EQ	Роль агрегата: Команда на: Назад если смежный агрегат не остановлен	Внешняя команда
320	1144	Index EQ	Роль агрегата: Команда на: Назад если ни один из смежных агрегатов не остановлен (AND)	Внешняя команда
321	1145	Index EQ	Роль агрегата: Команда на: Вперед если смежный агрегат остановлен	Внешняя команда
322	1146	Index EQ	Роль агрегата: Команда на: Вперед если все смежные агрегаты остановлены (AND)	Внешняя команда
323	1147	Index EQ	Роль агрегата: Команда на: Назад если смежный агрегат остановлен	Внешняя команда
324	1148	Index EQ	Роль агрегата: Команда на: Назад если все смежные агрегаты остановлены (AND)	Внешняя команда
325	1149	Index EQ	Роль агрегата: Команда на: Вперед если смежный агрегат запущен	Внешняя команда
326	1150	Index EQ	Роль агрегата: Команда на: Вперед если ни все смежные агрегаты запущены (AND)	Внешняя команда
327	1151	Index EQ	Роль агрегата: Команда на: Назад если смежный агрегат запущен	Внешняя команда
328	1152	Index EQ	Роль агрегата: Команда на: Назад если все смежные агрегаты запущены (AND)	Внешняя команда
329	1153	Index EQ	Роль агрегата: Команда на: запуск если смежный агрегат был неисправен	Внешняя команда
330	1154	Index EQ	Роль агрегата: Команда на: запуск если все смежные агрегаты были неисправны (AND)	Внешняя команда
331	1155	Index EQ	Роль агрегата: Команда на: останов если смежный агрегат был неисправен	Внешняя команда
332	1156	Index EQ	Роль агрегата: Команда на: останов если все смежные агрегаты были неисправны (AND)	Внешняя команда
333	1157	Index EQ	Роль агрегата: Команда на: запуск если смежный агрегат с текущей неисправностью	Внешняя команда
334	1158	Index EQ	Роль агрегата: Команда на: запуск если ни все смежные агрегаты с текущей неисправностью (AND)	Внешняя команда
335	1159	Index EQ	Роль агрегата: Команда на: останов если смежный агрегат с текущей неисправностью	Внешняя команда
336	1160	Index EQ	Роль агрегата: Команда на: останов если все смежные агрегаты с текущей неисправностью (AND)	Внешняя команда
337	1161	Index EQ	Роль агрегата: Команда на: запуск если смежный агрегат В работе	Внешняя команда
338	1162	Index EQ	Роль агрегата: Команда на: запуск если все смежные агрегаты В работе (AND)	Внешняя команда
339	1163	Index EQ	Роль агрегата: Команда на: останов если смежный агрегат В работе	Внешняя команда
340	1164	Index EQ	Роль агрегата: Команда на: останов если все смежные агрегаты В работе (AND)	Внешняя команда
341	1165	Index EQ	Роль агрегата: Команда на: запуск если смежный агрегат НЕ в работе	Внешняя команда
342	1166	Index EQ	Роль агрегата: Команда на: запуск если ни все смежные агрегаты НЕ в работе (AND)	Внешняя команда
343	1167	Index EQ	Роль агрегата: Команда на: останов если смежный агрегат НЕ в работе	Внешняя команда
344	1168	Index EQ	Роль агрегата: Команда на: останов если все смежные агрегаты НЕ в работе (AND)	Внешняя команда
345	1169	Index EQ	Роль агрегата: Команда на: Остановить движение, если смежный агрегат в промежуточном положении	Внешняя команда
346	1170	Index EQ	Роль агрегата: Команда на: Остановить движение, если смежный агрегат запускается, запущен	Внешняя команда
347	1171	Index EQ	Роль агрегата: Команда на: Остановить движение, если смежный агрегат останавливается, остановлен	Внешняя команда
348	1172	Index EQ	Роль агрегата: Команда на: Остановить движение, если смежный агрегат в движении	Внешняя команда
349	1173	Index EQ	Роль агрегата: Команда на: Остановить движение, если смежный агрегат не в промежуточном положении	Внешняя команда
350	1174	Index EQ	Роль агрегата: Команда на: Сброс, если на смежном агрегате Сброс	Внешняя команда
351	1175	Index EQ	Роль агрегата: Команда на: Сброс, если смежный агрегат неисправен	Внешняя команда
352	1176	Index EQ	Роль агрегата: Команда на: Сброс, если смежный агрегат запускается, запущен	Внешняя команда
353	1177	Index EQ	Роль агрегата: Команда на: Сброс, если смежный  агрегат останавливается, остановлен	Внешняя команда
354	1178	Index EQ	Роль агрегата: Команда на: В Локальный, если смежный агрегат в Локальном	Внешняя команда
355	1179	Index EQ	Роль агрегата: Команда на: В Дистанционный, если смежный агрегат в Дистанционном	Внешняя команда
356	1180	Index EQ	Роль агрегата: Команда на: В Ручной, если смежный агрегат в Ручном	Внешняя команда
357	1181	Index EQ	Роль агрегата: Команда на: В Авто, если смежный агрегат в Автоматическом	Внешняя команда
358	1182	Index EQ	Роль агрегата: Команда на: В Локальный, если смежный агрегат в Дистанционном	Внешняя команда
359	1183	Index EQ	Роль агрегата: Команда на: В Дистанционный, если смежный агрегат в Локальном	Внешняя команда
360	1184	Index EQ	Роль агрегата: Команда на: В Ручной, если смежный агрегат в Автоматическом	Внешняя команда
361	1185	Index EQ	Роль агрегата: Команда на: В Авто, если смежный агрегат в Ручном	Внешняя команда
362	1186	Index EQ	Роль агрегата: Команда на: На Паузу, если смежный агрегат на паузе	Внешняя команда
363	1187	Index EQ	Роль агрегата: Команда на: На Паузу, если смежный агрегат запускается, запущен	Внешняя команда
364	1188	Index EQ	Роль агрегата: Команда на: На Паузу, если смежный агрегат останавливается, остановлен	Внешняя команда
365	1189	Index EQ	Роль агрегата: Команда на: На Паузу, если смежный агрегат не на паузе	Внешняя команда
366	1190	Index EQ	Роль агрегата: Команда на: Снять с Паузы, если смежный агрегат на паузе	Внешняя команда
367	1191	Index EQ	Роль агрегата: Команда на: Снять с Паузы, если смежный агрегат запускается, запущен	Внешняя команда
368	1192	Index EQ	Роль агрегата: Команда на: Снять с Паузы, если смежный агрегат останавливается, остановлен	Внешняя команда
369	1193	Index EQ	Роль агрегата: Команда на: Снять с Паузы, если смежный агрегат не на паузе	Внешняя команда
370	1194	Index EQ	Роль агрегата: Принять состояние: Запущен если смежный запущен	Обратная связь
371	1195	Index EQ	Роль агрегата: Принять состояние: Запущен если смежный остановлен	Обратная связь
372	1196	Index EQ	Роль агрегата: Принять состояние: Запущен если смежный в готовности	Обратная связь
373	1197	Index EQ	Роль агрегата: Принять состояние: Запущен если смежный В движении	Обратная связь
374	1198	Index EQ	Роль агрегата: Принять состояние: Запущен если смежный В работе	Обратная связь
375	1199	Index EQ	Роль агрегата: Принять состояние: Запущен если смежный Вперед	Обратная связь
376	1200	Index EQ	Роль агрегата: Принять состояние: Запущен если смежный Назад	Обратная связь
377	1201	Index EQ	Роль агрегата: Принять состояние: Запущен если у смежного включен контактор	Обратная связь
378	1202	Index EQ	Роль агрегата: Принять состояние: Запущен если у смежного выключен контактор	Обратная связь
379	1203	Index EQ	Роль агрегата: Принять состояние: Запущен если у смежного отзвенела предпусковая сигнализация	Обратная связь
380	1204	Index EQ	Роль агрегата: Принять состояние: Остановлен если смежный остановлен	Обратная связь
381	1205	Index EQ	Роль агрегата: Принять состояние: Остановлен если смежный запущен	Обратная связь
382	1206	Index EQ	Роль агрегата: Принять состояние: Остановлен если у смежного неисправность	Обратная связь
383	1207	Index EQ	Роль агрегата: Принять состояние: Остановлен если у смежного были неисправности	Обратная связь
384	1208	Index EQ	Роль агрегата: Принять состояние: Остановлен если смежный НЕ в движении	Обратная связь
385	1209	Index EQ	Роль агрегата: Принять состояние: Остановлен если смежный НЕ в работе	Обратная связь
386	1210	Index EQ	Роль агрегата: Принять состояние: Остановлен если смежный Вперед	Обратная связь
387	1211	Index EQ	Роль агрегата: Принять состояние: Остановлен если смежный Назад	Обратная связь
388	1212	Index EQ	Роль агрегата: Принять состояние: Остановлен если у смежного включен контактор	Обратная связь
389	1213	Index EQ	Роль агрегата: Принять состояние: Остановлен если у смежного выключен контактор	Обратная связь
390	1214	Index EQ	Роль агрегата: Принять состояние: Остановлен если у смежного НЕ отзвенела предпусковая сигнализация	Обратная связь
391	1215	Index EQ	Роль агрегата: Принять состояние: Готовность если смежный запущен	Авария
392	1216	Index EQ	Роль агрегата: Принять состояние: Готовность если смежный остановлен	Авария
393	1217	Index EQ	Роль агрегата: Принять состояние: Готовность если смежный в Локальном	Авария
394	1218	Index EQ	Роль агрегата: Принять состояние: Готовность если смежный в Дистанционном	Авария
395	1219	Index EQ	Роль агрегата: Принять состояние: Готовность если смежный в Ручном	Авария
396	1220	Index EQ	Роль агрегата: Принять состояние: Готовность если смежный в Авто	Авария
397	1221	Index EQ	Роль агрегата: Принять состояние: Готовность если смежный в готовности	Авария
398	1222	Index EQ	Роль агрегата: Принять состояние: Готовность если смежный В движении	Авария
399	1223	Index EQ	Роль агрегата: Принять состояние: Готовность если смежный В работе	Авария
400	1224	Index EQ	Роль агрегата: Принять состояние: Готовность если смежный Вперед	Авария
401	1225	Index EQ	Роль агрегата: Принять состояние: Готовность если смежный Назад	Авария
402	1226	Index EQ	Роль агрегата: Принять состояние: Готовность если у смежного отзвенела предпусковая сигнализация	Авария
403	1227	Index EQ	Роль агрегата: Принять состояние: Неисправность если смежный запущен	Авария
404	1228	Index EQ	Роль агрегата: Принять состояние: Неисправность если смежный остановлен	Авария
405	1229	Index EQ	Роль агрегата: Принять состояние: Неисправность если смежный в Локальном	Авария
406	1230	Index EQ	Роль агрегата: Принять состояние: Неисправность если смежный в Ручном	Авария
407	1231	Index EQ	Роль агрегата: Принять состояние: Неисправность если смежный в готовности	Авария
408	1232	Index EQ	Роль агрегата: Принять состояние: Неисправность если у смежного неисправность	Авария
409	1233	Index EQ	Роль агрегата: Принять состояние: Неисправность если у смежного были неисправности	Авария
410	1234	Index EQ	Роль агрегата: Принять состояние: Прошлая неисправность если смежный запущен	Предупреждение
411	1235	Index EQ	Роль агрегата: Принять состояние: Прошлая неисправность если смежный остановлен	Предупреждение
412	1236	Index EQ	Роль агрегата: Принять состояние: Прошлая неисправность если смежный в Локальном	Предупреждение
413	1237	Index EQ	Роль агрегата: Принять состояние: Прошлая неисправность если смежный в Ручном	Предупреждение
414	1238	Index EQ	Роль агрегата: Принять состояние: Прошлая неисправность если смежный в готовности	Предупреждение
415	1239	Index EQ	Роль агрегата: Принять состояние: Прошлая неисправность если у смежного неисправность	Предупреждение
416	1240	Index EQ	Роль агрегата: Принять состояние: Прошлая неисправность если у смежного были неисправности	Предупреждение
417	1241	Index EQ	Роль агрегата: Принять состояние: В движении если смежный запущен	Обратная связь
418	1242	Index EQ	Роль агрегата: Принять состояние: В движении если смежный остановлен	Обратная связь
419	1243	Index EQ	Роль агрегата: Принять состояние: В движении если смежный В движении	Обратная связь
420	1244	Index EQ	Роль агрегата: Принять состояние: В движении если смежный В работе	Обратная связь
421	1245	Index EQ	Роль агрегата: Принять состояние: В работе если смежный запущен	Обратная связь
422	1246	Index EQ	Роль агрегата: Принять состояние: В работе если смежный остановлен	Обратная связь
423	1247	Index EQ	Роль агрегата: Принять состояние: В работе если смежный В работе	Обратная связь
424	1248	Index EQ	Роль агрегата: Принять состояние: В работе если смежный Вперед	Обратная связь
425	1249	Index EQ	Роль агрегата: Принять состояние: В работе если смежный Назад	Обратная связь
426	1250	Index EQ	Роль агрегата: Принять состояние: Вперед если смежный запущен	Обратная связь
427	1251	Index EQ	Роль агрегата: Принять состояние: Вперед если смежный остановлен	Обратная связь
428	1252	Index EQ	Роль агрегата: Принять состояние: Вперед если смежный Вперед	Обратная связь
429	1253	Index EQ	Роль агрегата: Принять состояние: Вперед если смежный Назад	Обратная связь
430	1254	Index EQ	Роль агрегата: Принять состояние: Назад если смежный запущен	Обратная связь
431	1255	Index EQ	Роль агрегата: Принять состояние: Назад если смежный остановлен	Обратная связь
432	1256	Index EQ	Роль агрегата: Принять состояние: Назад если смежный Назад	Обратная связь
433	1257	Index EQ	Роль агрегата: Принять состояние: Назад если смежный Вперед	Обратная связь
434	1258	Index EQ	Роль агрегата: Принять состояние: Предпусковая сигнализация если смежный запущен	Обратная связь
435	1259	Index EQ	Роль агрегата: Принять состояние: Предпусковая сигнализация если смежный остановлен	Обратная связь
436	1260	Index EQ	Роль агрегата: Принять состояние: Предпусковая сигнализация если у смежного отзвенела предпусковая сигнализация	Обратная связь
437	1261	Index EQ	Роль агрегата: Управление агрегатом от ПИД Управляемый агрегат	Отправить команду
438	1262	Index EQ	Роль агрегата: Управление агрегатом от ПИД Управление с инверсией	Отправить команду
439	1263	Index EQ	Роль агрегата: Управление агрегатом от ПИД Управление реверсом	Отправить команду
440	1264	Index EQ	Роль агрегата: АВР агрегат 	Информационное сообщение
441	1265	Index EQ	Роль агрегата: Признак В работе: если запущен и смежный запущен	Обратная связь
442	1266	Index EQ	Роль агрегата: Признак В работе: если запущен, а смежный остановлен	Обратная связь
443	1267	Index EQ	Роль агрегата: Признак В работе: если остановлен и смежный остановлен	Обратная связь
444	1268	Index EQ	Роль агрегата: Признак В работе: если остановлен, а смежный запущен	Обратная связь
445	1269	Index EQ	Роль агрегата: Признак В работе: если Вперед, а смежный запущен	Обратная связь
446	1270	Index EQ	Роль агрегата: Признак В работе: если Вперед, а смежный остановлен	Обратная связь
447	1271	Index EQ	Роль агрегата: Признак В работе: если Назад, а смежный запущен	Обратная связь
448	1272	Index EQ	Роль агрегата: Признак В работе: если Назад, а смежный остановлен	Обратная связь
449	1273	Index EQ	Роль агрегата: Не определенно	Не определенно
450	1274	Index EQ	Роль агрегата: Не определенно	Не определенно
451	1275	Index EQ	Роль агрегата: Не определенно	Не определенно
452	1276	Index EQ	Роль агрегата: Не определенно	Не определенно
453	1277	Index EQ	Роль агрегата: Не определенно	Не определенно
454	1278	Index EQ	Роль агрегата: Не определенно	Не определенно
455	1279	Index EQ	Роль агрегата: Не определенно	Не определенно
456	1280	Index EQ	Роль агрегата: Не определенно	Не определенно
457	1281	Index VDB	Роль переменной: Кнопка: Старт	Внешняя команда
458	1282	Index VDB	Роль переменной: Кнопка: Стоп (с инверсией)	Внешняя команда
459	1283	Index VDB	Роль переменной: Кнопка: Стоп (без инверсии)	Внешняя команда
460	1284	Index VDB	Роль переменной: Кнопка: Открыть	Внешняя команда
461	1285	Index VDB	Роль переменной: Кнопка: Закрыть	Внешняя команда
462	1286	Index VDB	Роль переменной: Кнопка: Остановить движение	Внешняя команда
463	1287	Index VDB	Роль переменной: Кнопка: Вперед	Внешняя команда
464	1288	Index VDB	Роль переменной: Кнопка: Назад	Внешняя команда
465	1289	Index VDB	Роль переменной: Переключатель: Задать направление: Вперед	Внешняя команда
466	1290	Index VDB	Роль переменной: Переключатель: Задать направление: Назад	Внешняя команда
467	1291	Index VDB	Роль переменной: Переключатель: Местный	Внешняя команда
468	1292	Index VDB	Роль переменной: Переключатель: Дистанционный	Внешняя команда
469	1293	Index VDB	Роль переменной: Переключатель: Ручной	Внешняя команда
470	1294	Index VDB	Роль переменной: Переключатель: Автоматический	Внешняя команда
471	1295	Index VDB	Роль переменной: Обратная связь: Запущено	Обратная связь
472	1296	Index VDB	Роль переменной: Обратная связь: Остановлено	Обратная связь
473	1297	Index VDB	Роль переменной: Обратная связь: Открыто	Обратная связь
474	1298	Index VDB	Роль переменной: Обратная связь: Закрыто	Обратная связь
475	1299	Index VDB	Роль переменной: Обратная связь: В движение	Обратная связь
476	1300	Index VDB	Роль переменной: Обратная связь: В работе	Обратная связь
477	1301	Index VDB	Роль переменной: Обратная связь: Вперед	Обратная связь
478	1302	Index VDB	Роль переменной: Обратная связь: Назад	Обратная связь
479	1303	Index VDB	Роль переменной: Обратная связь: Работа от Сети	Обратная связь
480	1304	Index VDB	Роль переменной: Обратная связь: Работа от ЧРП	Обратная связь
481	1305	Index VDB	Роль переменной: Обратная связь: Контактор включен	Обратная связь
482	1306	Index VDB	Роль переменной: Обратная связь: Контактор выключен	Обратная связь
483	1307	Index VDB	Роль переменной: Обратная связь: OFF2 Блокировка 2 (1-ок)	Обратная связь
484	1308	Index VDB	Роль переменной: Обратная связь: OFF3 Блокировка 3 (1-ок)	Обратная связь
485	1309	Index VDB	Роль переменной: Сигнал готовности: Электрическая цепь собрана	Авария
486	1310	Index VDB	Роль переменной: Сигнал готовности: Готовность от сети	Авария
487	1311	Index VDB	Роль переменной: Сигнал готовности: Готовность от ЧРП	Авария
488	1312	Index VDB	Роль переменной: Сигнал готовности: ЧРП - готов к запуску	Авария
489	1313	Index VDB	Роль переменной: Сигнал готовности: Готовность	Авария
490	1314	Index VDB	Роль переменной: Сигнал готовности: Аварийная кнопка СТОП (инверсия)	Авария
491	1315	Index VDB	Роль переменной: Сигнал готовности: Аналоговый сигнал: Параметр в норме	Авария
492	1316	Index VDB	Роль переменной: Сигнал готовности: Аварийная кнопка СТОП (без инверсии)	Авария
493	1317	Index VDB	Роль переменной: Авария от реле: Включение запрещено	Авария
494	1318	Index VDB	Роль переменной: Авария от реле: Ошибка	Авария
495	1319	Index VDB	Роль переменной: Авария от реле: Перегрузка	Авария
496	1320	Index VDB	Роль переменной: Авария от реле: Небаланс	Авария
497	1321	Index VDB	Роль переменной: Авария от реле: Заклинивание ротора	Авария
498	1322	Index VDB	Роль переменной: Авария от реле: Перегрев	Авария
499	1323	Index VDB	Роль переменной: Авария от реле: Превышение момента	Авария
500	1324	Index VDB	Роль переменной: Авария от реле: Принимающий зумпф переполнен	Авария
501	1325	Index VDB	Роль переменной: Авария от реле: Пустой зумпф	Авария
502	1326	Index VDB	Роль переменной: Авария от реле: Нет уплотняющей воды	Авария
503	1327	Index VDB	Роль переменной: Авария от реле: Аварийный сигнал	Авария
504	1328	Index VDB	Роль переменной: Авария по пределу: Превышение температуры 1	Авария
505	1329	Index VDB	Роль переменной: Авария по пределу: Превышение температуры 2	Авария
506	1330	Index VDB	Роль переменной: Авария по пределу: Превышение температуры 3	Авария
507	1331	Index VDB	Роль переменной: Авария по пределу: Превышение температуры 4	Авария
508	1332	Index VDB	Роль переменной: Авария по пределу: Превышение температуры 5	Авария
509	1333	Index VDB	Роль переменной: Авария по пределу: Превышение момента двигателя	Авария
510	1334	Index VDB	Роль переменной: Авария по пределу: Уровень: емкость переполнена	Авария
511	1335	Index VDB	Роль переменной: Авария по пределу: Уровень: емкость пустая	Авария
512	1336	Index VDB	Роль переменной: Авария по пределу: Высокое давление	Авария
513	1337	Index VDB	Роль переменной: Авария по пределу: Выход за верхний предел (HiHi)	Авария
514	1338	Index VDB	Роль переменной: Авария по пределу: Выход за нижний предел (LoLo)	Авария
515	1339	Index VDB	Роль переменной: Авария по пределу: Выход за авариные пределы (HiHi or LoLo)	Авария
516	1340	Index VDB	Роль переменной: Авария после старта (по реле): Нет протока в линии нагнетания	Авария
517	1341	Index VDB	Роль переменной: Авария после старта (по реле): Низкое давление в линии нагнетания	Авария
518	1342	Index VDB	Роль переменной: Авария после старта (по реле): Неисправность после старта	Авария
519	1343	Index VDB	Роль переменной: Авария после старта (по реле): Неисправность после старта (инверсия)	Авария
520	1344	Index VDB	Роль переменной: Авария после старта (по пределу): Нет расхода	Авария
521	1345	Index VDB	Роль переменной: Авария после старта (по пределу): Низкое давление	Авария
522	1346	Index VDB	Роль переменной: Авария после старта (по пределу): верхний предел (HiHi)	Авария
523	1347	Index VDB	Роль переменной: Авария после старта (по пределу): нижний предел (LoLo)	Авария
524	1348	Index VDB	Роль переменной: Авария после старта (по пределу): вне технологической зоны (HiHi or LoLo)	Авария
525	1349	Index VDB	Роль переменной: Предупреждение по реле: Предупреждение	Предупреждение
526	1350	Index VDB	Роль переменной: Предупреждение по реле: Предупреждение (инверсия)	Предупреждение
527	1351	Index VDB	Роль переменной: Предупреждение по реле: Ошибка термистора	Предупреждение
528	1352	Index VDB	Роль переменной: Предупреждение по пределу: Выход за верхний предел (Hi)	Предупреждение
529	1353	Index VDB	Роль переменной: Предупреждение по пределу: Выход за нижний предел (Lo)	Предупреждение
530	1354	Index VDB	Роль переменной: Предупреждение по пределу: Выход за предупредительные пределы (HiHi or  LoLo)	Предупреждение
531	1355	Index VDB	Роль переменной: Предупреждение после старта (по пределу): верхний предел (Hi)	Предупреждение
532	1356	Index VDB	Роль переменной: Предупреждение после старта (по пределу): нижний предел (Lo)	Предупреждение
533	1357	Index VDB	Роль переменной: Предупреждение после старта (по пределу): вне технологической зоны (Hi or Lo)	Предупреждение
534	1358	Index VDB	Роль переменной: Информационный сигнал: Ошибка интерфейсного модуля	Информационное сообщение
535	1359	Index VDB	Роль переменной: Информационный сигнал: Внешнее управление	Информационное сообщение
536	1360	Index VDB	Роль переменной: Информационный сигнал: Скорость равна заданной	Информационное сообщение
537	1361	Index VDB	Роль переменной: Информационный сигнал: Безопасное отключение крутящего момента	Информационное сообщение
538	1362	Index VDB	Роль переменной: Команда: Включить контактор	Отправить команду
539	1363	Index VDB	Роль переменной: Команда: Отключить контактор	Отправить команду
540	1364	Index VDB	Роль переменной: Команда: Старт	Отправить команду
541	1365	Index VDB	Роль переменной: Команда: Старт с само подхватом	Отправить команду
542	1366	Index VDB	Роль переменной: Команда: Стоп	Отправить команду
543	1367	Index VDB	Роль переменной: Команда: Стоп с само подхватом	Отправить команду
544	1368	Index VDB	Роль переменной: Команда: Стоп (инверсия)	Отправить команду
545	1369	Index VDB	Роль переменной: Команда: Открыть	Отправить команду
546	1370	Index VDB	Роль переменной: Команда: Открыть с само подхватом	Отправить команду
547	1371	Index VDB	Роль переменной: Команда: Закрыть	Отправить команду
548	1372	Index VDB	Роль переменной: Команда: Закрыть с само подхватом	Отправить команду
549	1373	Index VDB	Роль переменной: Команда: Остановить движение	Отправить команду
550	1374	Index VDB	Роль переменной: Команда: Вперед	Отправить команду
551	1375	Index VDB	Роль переменной: Команда: Вперед с само подхватом	Отправить команду
552	1376	Index VDB	Роль переменной: Команда: Назад	Отправить команду
553	1377	Index VDB	Роль переменной: Команда :Назад с само подхватом	Отправить команду
554	1378	Index VDB	Роль переменной: Команда: Сменить направление на Вперед	Отправить команду
555	1379	Index VDB	Роль переменной: Команда: Сменить направление на Назад	Отправить команду
556	1380	Index VDB	Роль переменной: Назначить Режим управления - Местный	Отправить команду
557	1381	Index VDB	Роль переменной: Назначить Режим управления - Дистанционный	Отправить команду
558	1382	Index VDB	Роль переменной: Назначить Режим управления - Ручной	Отправить команду
559	1383	Index VDB	Роль переменной: Назначить Режим управления - Автоматический	Отправить команду
560	1384	Index VDB	Роль переменной: Выходной сигнал: Готовность от контроллера	Отправить команду
561	1385	Index VDB	Роль переменной: Выходной сигнал: OFF1: Блокировка 1 (1-ок)	Отправить команду
562	1386	Index VDB	Роль переменной: Выходной сигнал: OFF2: Блокировка 2 (1-ок)	Отправить команду
563	1387	Index VDB	Роль переменной: Выходной сигнал: OFF3: Блокировка 3 (1-ок)	Отправить команду
564	1388	Index VDB	Роль переменной: Выходной сигнал: RAMP1 : Нормальная работа для генерирования	Отправить команду
565	1389	Index VDB	Роль переменной: Выходной сигнал: RAMP2: Нормальная работа для ускорения	Отправить команду
566	1390	Index VDB	Роль переменной: Выходной сигнал: RAMP3: Нормальная работа без принудительного сигнала	Отправить команду
567	1391	Index VDB	Роль переменной: Команда: Сброс сигнала неисправности ЧРП	Отправить команду
568	1392	Index VDB	Роль переменной: Команда: Включение световая аварийная сигнализации (горит при неисправности)	Отправить команду
569	1393	Index VDB	Роль переменной: Команда: Включение звуковая аварийная сигнализация (квитируется)	Отправить команду
570	1394	Index VDB	Роль переменной: Команда: Включение Предпусковой сигнализации	Отправить команду
571	1395	Index VDB	Роль переменной: Импульсная команда: Включить контактор	Отправить команду
572	1396	Index VDB	Роль переменной: Импульсная команда: Отключить контактор	Отправить команду
573	1397	Index VDB	Роль переменной: Импульсная команда: Старт	Отправить команду
574	1398	Index VDB	Роль переменной: Импульсная команда: Стоп	Отправить команду
575	1399	Index VDB	Роль переменной: Импульсная команда: Открыть	Отправить команду
576	1400	Index VDB	Роль переменной: Импульсная команда: Закрыть	Отправить команду
577	1401	Index VDB	Роль переменной: Импульсная команда: Остановить движение	Отправить команду
578	1402	Index VDB	Роль переменной: Импульсная команда: Вперед	Отправить команду
579	1403	Index VDB	Роль переменной: Импульсная команда: Назад	Отправить команду
580	1404	Index VDB	Роль переменной: Импульсная команда: Сменить направление на Вперед	Отправить команду
581	1405	Index VDB	Роль переменной: Импульсная команда: Сменить направление на Назад	Отправить команду
582	1406	Index VDB	Роль переменной: внешняя команда: Старт	Внешняя команда
583	1407	Index VDB	Роль переменной: внешняя команда: Старт (с инверсией)	Внешняя команда
584	1408	Index VDB	Роль переменной: внешняя команда: Стоп	Внешняя команда
585	1409	Index VDB	Роль переменной: внешняя команда: Стоп (с инверсией)	Внешняя команда
586	1410	Index VDB	Роль переменной: внешняя команда: Открыть	Внешняя команда
587	1411	Index VDB	Роль переменной: внешняя команда: Открыть (с инверсией)	Внешняя команда
588	1412	Index VDB	Роль переменной: внешняя команда: Закрыть	Внешняя команда
589	1413	Index VDB	Роль переменной: внешняя команда: Закрыть (с инверсией)	Внешняя команда
590	1414	Index VDB	Роль переменной: внешняя команда: Остановить движение	Внешняя команда
591	1415	Index VDB	Роль переменной: внешняя команда: Остановить движение (с инверсией)	Внешняя команда
592	1416	Index VDB	Роль переменной: внешняя команда: Вперед	Внешняя команда
593	1417	Index VDB	Роль переменной: внешняя команда: Назад	Внешняя команда
594	1418	Index VDB	Роль переменной: внешняя команда: Старт по верхнему пределу (HiHi)	Внешняя команда
595	1419	Index VDB	Роль переменной: внешняя команда: Стоп по верхнему пределу (HiHi)	Внешняя команда
596	1420	Index VDB	Роль переменной: внешняя команда: Старт по нижнему пределу (LoLo)	Внешняя команда
597	1421	Index VDB	Роль переменной: внешняя команда: Стоп по нижнему пределу (LoLo)	Внешняя команда
598	1422	Index VDB	Роль переменной: внешняя команда: Старт при нахождении в аварийной зоне (HiHi or LoLo)	Внешняя команда
599	1423	Index VDB	Роль переменной: внешняя команда: Стоп при нахождении в аварийной зоне (HiHi or LoLo)	Внешняя команда
600	1424	Index VDB	Роль переменной: внешняя команда: Старт по верхнему предел (Hi)	Внешняя команда
601	1425	Index VDB	Роль переменной: внешняя команда: Стоп по верхнему предел (Hi)	Внешняя команда
602	1426	Index VDB	Роль переменной: внешняя команда: Старт по нижнему пределу (Lo)	Внешняя команда
603	1427	Index VDB	Роль переменной: внешняя команда: Стоп по нижнему пределу (Lo)	Внешняя команда
604	1428	Index VDB	Роль переменной: внешняя команда: Старт при нахождении в предупредительной зоне (Hi or Lo)	Внешняя команда
605	1429	Index VDB	Роль переменной: внешняя команда: Стоп при нахождении в предупредительной зоне (Hi or Lo)	Внешняя команда
606	1430	Index VDB	Роль переменной: внешняя команда: Старт при нахождении в технологическом пределе (Norm)	Внешняя команда
607	1431	Index VDB	Роль переменной: внешняя команда: Стоп при нахождении в технологическом пределе (Norm)	Внешняя команда
608	1432	Index VDB	Роль переменной: внешняя команда: Остановить движение при нахождении в технологическом пределе (Norm)	Внешняя команда
609	1433	Index VDB	Роль переменной: Блокировка Запуска	Авария
610	1434	Index VDB	Роль переменной: Блокировка Останова	Авария
611	1435	Index VDB	Роль переменной: Блокировка Запуска и Останова	Авария
612	1436	Index VDB	Роль переменной: Блокировка Запуска Если 0	Авария
613	1437	Index VDB	Роль переменной: Блокировка Останова Если 0	Авария
614	1438	Index VDB	Роль переменной: Блокировка Запуска и Останова если 0	Авария
615	1439	Index VDB	Роль переменной: Блокировка Запуска если HiHi	Авария
616	1440	Index VDB	Роль переменной: Блокировка Запуска если Hi	Авария
617	1441	Index VDB	Роль переменной: Блокировка Запуска если Norm	Авария
618	1442	Index VDB	Роль переменной: Блокировка запуска если Lo	Авария
619	1443	Index VDB	Роль переменной: Блокировка Запуска если LoLo	Авария
620	1444	Index VDB	Роль переменной: Блокировка Запуска если Не Norm	Авария
621	1445	Index VDB	Роль переменной: Блокировка Останова если HiHi	Авария
622	1446	Index VDB	Роль переменной: Блокировка Останова если Hi	Авария
623	1447	Index VDB	Роль переменной: Блокировка Останова если Norm	Авария
624	1448	Index VDB	Роль переменной: Блокировка Останова если Lo	Авария
625	1449	Index VDB	Роль переменной: Блокировка Останова если LoLo	Авария
626	1450	Index VDB	Роль переменной: Блокировка Останова если Не Norm	Авария
627	1451	Index VDB	Роль переменной: Блокировка Запуска и Останова если HiHi	Авария
628	1452	Index VDB	Роль переменной: Блокировка Запуска и Останова если Hi	Авария
629	1453	Index VDB	Роль переменной: Блокировка Запуска и Останова если Norm	Авария
630	1454	Index VDB	Роль переменной: Блокировка Запуска и Останова если Lo	Авария
631	1455	Index VDB	Роль переменной: Блокировка Запуска и Останова если LoLo	Авария
632	1456	Index VDB	Роль переменной: Блокировка Запуска и Останова если Не Norm	Авария
633	1457	Index VDB	Роль переменной: Предупреждение после старта (по реле)	Предупреждение
634	1458	Index VDB	Роль переменной: Предупреждение после старта (по реле) - Инверсия	Предупреждение
635	1459	Index VDB	Роль переменной: Информационный сигнал после старта (по реле)	Информационное сообщение
636	1460	Index VDB	Роль переменной: Информационный сигнал после старта (по реле) Инверсия	Информационное сообщение
637	1461	Index VDB	Роль переменной: Команда: Лампа Включено	Отправить команду
638	1462	Index VDB	Роль переменной: Команда: Лампа Выключено	Отправить команду
639	1463	Index VDB	Роль переменной: Команда: Лампа Запускается	Отправить команду
640	1464	Index VDB	Роль переменной: Команда: Лампа Останавливается	Отправить команду
641	1465	Index VDB	Роль переменной: Команда: Лампа ЗапускаетсяОстанавливается	Отправить команду
642	1466	Index VDB	Роль переменной: Задание для АВР	Информационное сообщение
643	1467	Index VDB	Роль переменной: Задание для АВР - добавить изменение	Информационное сообщение
644	1537	Index VDB	Роль ПИД переменной: PV : Управляемая величина (если несколько, то используется первое достоверное)	Информационное сообщение
645	1538	Index VDB	Роль ПИД переменной: PV+ : Добавить к управляемой величине	Информационное сообщение
646	1539	Index VDB	Роль ПИД переменной: PV- : Удалить из управляемой величины	Информационное сообщение
647	1540	Index VDB	Роль ПИД переменной: PV_Up : Признак: Управляемая величина 100%	Информационное сообщение
648	1541	Index VDB	Роль ПИД переменной: PV_Dw : Признак: Управляемая величина 0%	Информационное сообщение
649	1542	Index VDB	Роль ПИД переменной: PV_MoveUp : Признак: Управляемая величина увеличивается	Информационное сообщение
650	1543	Index VDB	Роль ПИД переменной: PV_MoveDw : Признак: Управляемая величина уменьшается	Информационное сообщение
651	1544	Index VDB	Роль ПИД переменной: PV2_Max_notUP : Признак - Достигнут максимум - блокировка на увеличение выхода	Информационное сообщение
652	1545	Index VDB	Роль ПИД переменной: PV2_Min_notDW : Признак - Достигнут минимум - блокировка на уменьшение выхода	Информационное сообщение
653	1546	Index VDB	Роль ПИД переменной: PV2_HI_notUP : При Hi-блокировка на увеличение, выше Hi-влияние через Ки	Информационное сообщение
654	1547	Index VDB	Роль ПИД переменной: PV2_Lo_notDW : При Lo-блокировка на уменьшение, ниже Lo-влияние через Ки	Информационное сообщение
655	1548	Index VDB	Роль ПИД переменной: PV2_HI_notDW : При Hi-блокировка на уменьшение, выше Hi-влияние через Ки	Информационное сообщение
656	1549	Index VDB	Роль ПИД переменной: PV2_Lo_notUP : При Lo-блокировка на увеличение, ниже Lo-влияние через Ки	Информационное сообщение
657	1550	Index VDB	Роль ПИД переменной: SP : Задание (если несколько используется то что изменилось)	Информационное сообщение
658	1551	Index VDB	Роль ПИД переменной: SP+ : Добавить к прошлому Заданию	Информационное сообщение
659	1552	Index VDB	Роль ПИД переменной: SP- : Вычесть из прошлого Задания	Информационное сообщение
660	1553	Index VDB	Роль ПИД переменной: SP impuls + : Кнопка: Увеличить задание	Информационное сообщение
661	1554	Index VDB	Роль ПИД переменной: SP impuls - : Кнопка: Уменьшить задание	Информационное сообщение
662	1555	Index VDB	Роль ПИД переменной: SP_in : Внешнее задание (в режиме подчиненного ПИД)	Информационное сообщение
663	1556	Index VDB	Роль ПИД переменной: SP_in + : Добавить к прошлому Внешнему заданию	Информационное сообщение
664	1557	Index VDB	Роль ПИД переменной: SP_in - : Вычесть из прошлого Внешнего задания	Информационное сообщение
665	1558	Index VDB	Роль ПИД переменной: MV_FB : Текущее положение исполнительного механизма	Информационное сообщение
666	1559	Index VDB	Роль ПИД переменной: MV_FB_Up : Признак "Полностью открыта"	Информационное сообщение
667	1560	Index VDB	Роль ПИД переменной: MV_FB_Dw : Признак "Полностью закрыта"	Информационное сообщение
668	1561	Index VDB	Роль ПИД переменной: MV_FB_MoveUp : Признак "движение вверх"	Информационное сообщение
669	1562	Index VDB	Роль ПИД переменной: MV_FB_MoveDw : Признак "движение вниз"	Информационное сообщение
670	1563	Index VDB	Роль ПИД переменной: MV_SP : Ручное задание (если несколько используется то что изменилось)	Информационное сообщение
671	1564	Index VDB	Роль ПИД переменной: MV_SP+ : Добавить к прошлому Ручному заданию	Информационное сообщение
672	1565	Index VDB	Роль ПИД переменной: MV_SP- : Вычесть из прошлого Ручного задания	Информационное сообщение
673	1566	Index VDB	Роль ПИД переменной: MV_SP impuls + : Кнопка: Увеличить ручное задание	Информационное сообщение
674	1567	Index VDB	Роль ПИД переменной: MV_SP impuls - : Кнопка: Уменьшить ручное задание	Информационное сообщение
675	1568	Index VDB	Роль ПИД переменной: MV : Выход регулятора (Прямое значение)	Информационное сообщение
676	1569	Index VDB	Роль ПИД переменной: MV inv : Выход с инверсией	Информационное сообщение
677	1570	Index VDB	Роль ПИД переменной: MV delta : Приращение	Информационное сообщение
678	1571	Index VDB	Роль ПИД переменной: MV UP : Сигнал "открыть"	Информационное сообщение
679	1572	Index VDB	Роль ПИД переменной: MV DW : Сигнал "закрыть"	Информационное сообщение
680	1573	Index VDB	Роль ПИД переменной: MV impuls + : Выход ШИМ "больше"	Информационное сообщение
681	1574	Index VDB	Роль ПИД переменной: MV impuls - : Выход ШИМ "меньше"	Информационное сообщение
682	1793	Index EQ	Роль шага: Запустить агрегат/Открыть задвижку	Информационное сообщение
683	1794	Index EQ	Роль шага: Остановить агрегат/Закрыть задвижку	Информационное сообщение
684	1795	Index EQ	Роль шага: Запустить агрегат/Открыть задвижку - переход по Запускается/Открывается	Информационное сообщение
685	1796	Index EQ	Роль шага: Остановить агрегат/Закрыть задвижку - переход по Останавливается/Закрывается	Информационное сообщение
686	1797	Index EQ	Роль шага: Запустить агрегат/Открыть задвижку - без ожидания выполнения	Информационное сообщение
687	1798	Index EQ	Роль шага: Остановить агрегат/Закрыть задвижку  - без ожидания выполнения	Информационное сообщение
688	1799	Index EQ	Роль шага: Ждать Запуска агрегата/Открытия задвижки	Информационное сообщение
689	1800	Index EQ	Роль шага: Ждать Останова агрегата/Закрытия задвижки	Информационное сообщение
690	1801	Index EQ	Роль шага: Ждать состояния: Запускается/Открывается	Информационное сообщение
691	1802	Index EQ	Роль шага: Ждать состояния: Останавливается/Закрывается	Информационное сообщение
692	1803	Index EQ	Роль шага: Ждем состояние: Авто	Информационное сообщение
693	1804	Index EQ	Роль шага: Ждем состояние: Готов к запуску	Информационное сообщение
694	1805	Index EQ	Роль шага: Запуск последовательности - переход при выполнении Шага №:	Информационное сообщение
695	1806	Index EQ	Роль шага: Остановка последовательности - переход при выполнении Шага №:	Информационное сообщение
696	1807	Index EQ	Роль шага: Поставить последовательность на Паузу	Информационное сообщение
697	1808	Index EQ	Роль шага: Снять последовательность с Паузы	Информационное сообщение
865	2594	Index VDB	Роль шага: Ждать состояние Lo	Информационное сообщение
698	1809	Index EQ	Роль шага: Запуск последовательности быстрого запуска	Информационное сообщение
699	1810	Index EQ	Роль шага: Запуск последовательности аварийной остановки	Информационное сообщение
700	1811	Index EQ	Роль шага: Ждать выполнение последовательностью Запуска Шага №:	Информационное сообщение
701	1812	Index EQ	Роль шага: Ждать выполнение последовательностью Останова Шага №:	Информационное сообщение
702	1813	Index EQ	Роль шага: Если агрегат Запущен/задвижка Открыта то переход на Шаг №:	Информационное сообщение
703	1814	Index EQ	Роль шага: Если агрегат Остановлен/задвижка Закрыта то переход на Шаг №:	Информационное сообщение
704	1815	Index EQ	Роль шага: Если Запускается/Открывается то переход на Шаг №:	Информационное сообщение
705	1816	Index EQ	Роль шага: Если Останавливается/Закрывается то переход на Шаг №:	Информационное сообщение
706	1817	Index EQ	Роль шага: Если Неисправность то переход на Шаг №:	Информационное сообщение
707	1818	Index EQ	Роль шага: Если не в Авто то переход на Шаг №:	Информационное сообщение
708	1819	Index VDB	Роль шага: Выставить переменную в 1	Информационное сообщение
709	1820	Index VDB	Роль шага: Выставить переменную в 0	Информационное сообщение
710	1821	Index VDB	Роль шага: Ждать состояние переменной 1	Информационное сообщение
711	1822	Index VDB	Роль шага: Ждать состояние переменной 0	Информационное сообщение
712	1823	Index VDB	Роль шага: Ждать состояние HiHi	Информационное сообщение
713	1824	Index VDB	Роль шага: Ждать состояние Hi	Информационное сообщение
714	1825	Index VDB	Роль шага: Ждать состояние Norm	Информационное сообщение
715	1826	Index VDB	Роль шага: Ждать состояние Lo	Информационное сообщение
716	1827	Index VDB	Роль шага: Ждать состояние LoLo	Информационное сообщение
717	1828	Index VDB	Роль шага: Если состояние переменной 1 то переход на Шаг №:	Информационное сообщение
718	1829	Index VDB	Роль шага: Если состояние переменной 0 то переход на Шаг №:	Информационное сообщение
719	1830	Index VDB	Роль шага: Если состояние HiHi то переход на Шаг №:	Информационное сообщение
720	1831	Index VDB	Роль шага: Если состояние Hi то переход на Шаг №:	Информационное сообщение
721	1832	Index VDB	Роль шага: Если состояние Norm то переход на Шаг №:	Информационное сообщение
722	1833	Index VDB	Роль шага: Если состояние Lo то переход на Шаг №:	Информационное сообщение
723	1834	Index VDB	Роль шага: Если состояние LoLo то переход на Шаг №:	Информационное сообщение
724	1835	Index VDB	Роль шага: Переменная как таймер, потом переход (с.)	Информационное сообщение
725	1836	Index EQ	Роль шага: Выставить выход ПИД в 0%	Информационное сообщение
726	1837	Index EQ	Роль шага: Выставить выход ПИД на 50%	Информационное сообщение
727	1838	Index EQ	Роль шага: Выставить выход ПИД на 100%	Информационное сообщение
728	1839	Index EQ	Роль шага: Сбросить режим принудительного выхода ПИД	Информационное сообщение
729	1840	Index EQ	Роль шага: Быстрый Запуск послед. - переход при выполнении Шага №:	Информационное сообщение
730	1841	Index EQ	Роль шага: Авар. Остановка послед. - переход при выполнении Шага №:	Информационное сообщение
731	1842	Index EQ	Роль шага: Ждать состояние в Работе	Информационное сообщение
732	2049	Index EQ	Роль шага: Запустить агрегат/Открыть задвижку	Информационное сообщение
733	2050	Index EQ	Роль шага: Остановить агрегат/Закрыть задвижку	Информационное сообщение
734	2051	Index EQ	Роль шага: Запустить агрегат/Открыть задвижку - переход по Запускается/Открывается	Информационное сообщение
735	2052	Index EQ	Роль шага: Остановить агрегат/Закрыть задвижку - переход по Останавливается/Закрывается	Информационное сообщение
736	2053	Index EQ	Роль шага: Запустить агрегат/Открыть задвижку - без ожидания выполнения	Информационное сообщение
737	2054	Index EQ	Роль шага: Остановить агрегат/Закрыть задвижку  - без ожидания выполнения	Информационное сообщение
738	2055	Index EQ	Роль шага: Ждать Запуска агрегата/Открытия задвижки	Информационное сообщение
739	2056	Index EQ	Роль шага: Ждать Останова агрегата/Закрытия задвижки	Информационное сообщение
740	2057	Index EQ	Роль шага: Ждать состояния: Запускается/Открывается	Информационное сообщение
741	2058	Index EQ	Роль шага: Ждать состояния: Останавливается/Закрывается	Информационное сообщение
742	2059	Index EQ	Роль шага: Ждем состояние: Авто	Информационное сообщение
743	2060	Index EQ	Роль шага: Ждем состояние: Готов к запуску	Информационное сообщение
744	2061	Index EQ	Роль шага: Запуск последовательности - переход при выполнении Шага №:	Информационное сообщение
745	2062	Index EQ	Роль шага: Остановка последовательности - переход при выполнении Шага №:	Информационное сообщение
746	2063	Index EQ	Роль шага: Поставить последовательность на Паузу	Информационное сообщение
747	2064	Index EQ	Роль шага: Снять последовательность с Паузы	Информационное сообщение
748	2065	Index EQ	Роль шага: Запуск последовательности быстрого запуска	Информационное сообщение
749	2066	Index EQ	Роль шага: Запуск последовательности аварийной остановки	Информационное сообщение
750	2067	Index EQ	Роль шага: Ждать выполнение последовательностью Запуска Шага №:	Информационное сообщение
751	2068	Index EQ	Роль шага: Ждать выполнение последовательностью Останова Шага №:	Информационное сообщение
752	2069	Index EQ	Роль шага: Если агрегат Запущен/задвижка Открыта то переход на Шаг №:	Информационное сообщение
753	2070	Index EQ	Роль шага: Если агрегат Остановлен/задвижка Закрыта то переход на Шаг №:	Информационное сообщение
754	2071	Index EQ	Роль шага: Если Запускается/Открывается то переход на Шаг №:	Информационное сообщение
755	2072	Index EQ	Роль шага: Если Останавливается/Закрывается то переход на Шаг №:	Информационное сообщение
756	2073	Index EQ	Роль шага: Если Неисправность то переход на Шаг №:	Информационное сообщение
757	2074	Index EQ	Роль шага: Если не в Авто то переход на Шаг №:	Информационное сообщение
758	2075	Index VDB	Роль шага: Выставить переменную в 1	Информационное сообщение
759	2076	Index VDB	Роль шага: Выставить переменную в 0	Информационное сообщение
760	2077	Index VDB	Роль шага: Ждать состояние переменной 1	Информационное сообщение
761	2078	Index VDB	Роль шага: Ждать состояние переменной 0	Информационное сообщение
762	2079	Index VDB	Роль шага: Ждать состояние HiHi	Информационное сообщение
763	2080	Index VDB	Роль шага: Ждать состояние Hi	Информационное сообщение
764	2081	Index VDB	Роль шага: Ждать состояние Norm	Информационное сообщение
765	2082	Index VDB	Роль шага: Ждать состояние Lo	Информационное сообщение
766	2083	Index VDB	Роль шага: Ждать состояние LoLo	Информационное сообщение
767	2084	Index VDB	Роль шага: Если состояние переменной 1 то переход на Шаг №:	Информационное сообщение
768	2085	Index VDB	Роль шага: Если состояние переменной 0 то переход на Шаг №:	Информационное сообщение
769	2086	Index VDB	Роль шага: Если состояние HiHi то переход на Шаг №:	Информационное сообщение
770	2087	Index VDB	Роль шага: Если состояние Hi то переход на Шаг №:	Информационное сообщение
771	2088	Index VDB	Роль шага: Если состояние Norm то переход на Шаг №:	Информационное сообщение
772	2089	Index VDB	Роль шага: Если состояние Lo то переход на Шаг №:	Информационное сообщение
773	2090	Index VDB	Роль шага: Если состояние LoLo то переход на Шаг №:	Информационное сообщение
774	2091	Index VDB	Роль шага: Переменная как таймер, потом переход (с.)	Информационное сообщение
775	2092	Index EQ	Роль шага: Выставить выход ПИД в 0%	Информационное сообщение
776	2093	Index EQ	Роль шага: Выставить выход ПИД на 50%	Информационное сообщение
777	2094	Index EQ	Роль шага: Выставить выход ПИД на 100%	Информационное сообщение
778	2095	Index EQ	Роль шага: Сбросить режим принудительного выхода ПИД	Информационное сообщение
779	2096	Index EQ	Роль шага: Быстрый Запуск послед. - переход при выполнении Шага №:	Информационное сообщение
780	2097	Index EQ	Роль шага: Авар. Остановка послед. - переход при выполнении Шага №:	Информационное сообщение
781	2098	Index EQ	Роль шага: Ждать состояние в Работе	Информационное сообщение
782	2305	Index EQ	Роль шага: Запустить агрегат/Открыть задвижку	Информационное сообщение
783	2306	Index EQ	Роль шага: Остановить агрегат/Закрыть задвижку	Информационное сообщение
784	2307	Index EQ	Роль шага: Запустить агрегат/Открыть задвижку - переход по Запускается/Открывается	Информационное сообщение
785	2308	Index EQ	Роль шага: Остановить агрегат/Закрыть задвижку - переход по Останавливается/Закрывается	Информационное сообщение
786	2309	Index EQ	Роль шага: Запустить агрегат/Открыть задвижку - без ожидания выполнения	Информационное сообщение
787	2310	Index EQ	Роль шага: Остановить агрегат/Закрыть задвижку  - без ожидания выполнения	Информационное сообщение
788	2311	Index EQ	Роль шага: Ждать Запуска агрегата/Открытия задвижки	Информационное сообщение
789	2312	Index EQ	Роль шага: Ждать Останова агрегата/Закрытия задвижки	Информационное сообщение
790	2313	Index EQ	Роль шага: Ждать состояния: Запускается/Открывается	Информационное сообщение
791	2314	Index EQ	Роль шага: Ждать состояния: Останавливается/Закрывается	Информационное сообщение
792	2315	Index EQ	Роль шага: Ждем состояние: Авто	Информационное сообщение
793	2316	Index EQ	Роль шага: Ждем состояние: Готов к запуску	Информационное сообщение
794	2317	Index EQ	Роль шага: Запуск последовательности - переход при выполнении Шага №:	Информационное сообщение
795	2318	Index EQ	Роль шага: Остановка последовательности - переход при выполнении Шага №:	Информационное сообщение
796	2319	Index EQ	Роль шага: Поставить последовательность на Паузу	Информационное сообщение
797	2320	Index EQ	Роль шага: Снять последовательность с Паузы	Информационное сообщение
798	2321	Index EQ	Роль шага: Запуск последовательности быстрого запуска	Информационное сообщение
799	2322	Index EQ	Роль шага: Запуск последовательности аварийной остановки	Информационное сообщение
800	2323	Index EQ	Роль шага: Ждать выполнение последовательностью Запуска Шага №:	Информационное сообщение
801	2324	Index EQ	Роль шага: Ждать выполнение последовательностью Останова Шага №:	Информационное сообщение
802	2325	Index EQ	Роль шага: Если агрегат Запущен/задвижка Открыта то переход на Шаг №:	Информационное сообщение
803	2326	Index EQ	Роль шага: Если агрегат Остановлен/задвижка Закрыта то переход на Шаг №:	Информационное сообщение
804	2327	Index EQ	Роль шага: Если Запускается/Открывается то переход на Шаг №:	Информационное сообщение
805	2328	Index EQ	Роль шага: Если Останавливается/Закрывается то переход на Шаг №:	Информационное сообщение
806	2329	Index EQ	Роль шага: Если Неисправность то переход на Шаг №:	Информационное сообщение
807	2330	Index EQ	Роль шага: Если не в Авто то переход на Шаг №:	Информационное сообщение
808	2331	Index VDB	Роль шага: Выставить переменную в 1	Информационное сообщение
809	2332	Index VDB	Роль шага: Выставить переменную в 0	Информационное сообщение
810	2333	Index VDB	Роль шага: Ждать состояние переменной 1	Информационное сообщение
811	2334	Index VDB	Роль шага: Ждать состояние переменной 0	Информационное сообщение
812	2335	Index VDB	Роль шага: Ждать состояние HiHi	Информационное сообщение
813	2336	Index VDB	Роль шага: Ждать состояние Hi	Информационное сообщение
814	2337	Index VDB	Роль шага: Ждать состояние Norm	Информационное сообщение
815	2338	Index VDB	Роль шага: Ждать состояние Lo	Информационное сообщение
816	2339	Index VDB	Роль шага: Ждать состояние LoLo	Информационное сообщение
817	2340	Index VDB	Роль шага: Если состояние переменной 1 то переход на Шаг №:	Информационное сообщение
818	2341	Index VDB	Роль шага: Если состояние переменной 0 то переход на Шаг №:	Информационное сообщение
819	2342	Index VDB	Роль шага: Если состояние HiHi то переход на Шаг №:	Информационное сообщение
820	2343	Index VDB	Роль шага: Если состояние Hi то переход на Шаг №:	Информационное сообщение
821	2344	Index VDB	Роль шага: Если состояние Norm то переход на Шаг №:	Информационное сообщение
822	2345	Index VDB	Роль шага: Если состояние Lo то переход на Шаг №:	Информационное сообщение
823	2346	Index VDB	Роль шага: Если состояние LoLo то переход на Шаг №:	Информационное сообщение
824	2347	Index VDB	Роль шага: Переменная как таймер, потом переход (с.)	Информационное сообщение
825	2348	Index EQ	Роль шага: Выставить выход ПИД в 0%	Информационное сообщение
826	2349	Index EQ	Роль шага: Выставить выход ПИД на 50%	Информационное сообщение
827	2350	Index EQ	Роль шага: Выставить выход ПИД на 100%	Информационное сообщение
828	2351	Index EQ	Роль шага: Сбросить режим принудительного выхода ПИД	Информационное сообщение
829	2352	Index EQ	Роль шага: Быстрый Запуск послед. - переход при выполнении Шага №:	Информационное сообщение
830	2353	Index EQ	Роль шага: Авар. Остановка послед. - переход при выполнении Шага №:	Информационное сообщение
831	2354	Index EQ	Роль шага: Ждать состояние в Работе	Информационное сообщение
832	2561	Index EQ	Роль шага: Запустить агрегат/Открыть задвижку	Информационное сообщение
833	2562	Index EQ	Роль шага: Остановить агрегат/Закрыть задвижку	Информационное сообщение
834	2563	Index EQ	Роль шага: Запустить агрегат/Открыть задвижку - переход по Запускается/Открывается	Информационное сообщение
835	2564	Index EQ	Роль шага: Остановить агрегат/Закрыть задвижку - переход по Останавливается/Закрывается	Информационное сообщение
836	2565	Index EQ	Роль шага: Запустить агрегат/Открыть задвижку - без ожидания выполнения	Информационное сообщение
837	2566	Index EQ	Роль шага: Остановить агрегат/Закрыть задвижку  - без ожидания выполнения	Информационное сообщение
838	2567	Index EQ	Роль шага: Ждать Запуска агрегата/Открытия задвижки	Информационное сообщение
839	2568	Index EQ	Роль шага: Ждать Останова агрегата/Закрытия задвижки	Информационное сообщение
840	2569	Index EQ	Роль шага: Ждать состояния: Запускается/Открывается	Информационное сообщение
841	2570	Index EQ	Роль шага: Ждать состояния: Останавливается/Закрывается	Информационное сообщение
842	2571	Index EQ	Роль шага: Ждем состояние: Авто	Информационное сообщение
843	2572	Index EQ	Роль шага: Ждем состояние: Готов к запуску	Информационное сообщение
844	2573	Index EQ	Роль шага: Запуск последовательности - переход при выполнении Шага №:	Информационное сообщение
845	2574	Index EQ	Роль шага: Остановка последовательности - переход при выполнении Шага №:	Информационное сообщение
846	2575	Index EQ	Роль шага: Поставить последовательность на Паузу	Информационное сообщение
847	2576	Index EQ	Роль шага: Снять последовательность с Паузы	Информационное сообщение
848	2577	Index EQ	Роль шага: Запуск последовательности быстрого запуска	Информационное сообщение
849	2578	Index EQ	Роль шага: Запуск последовательности аварийной остановки	Информационное сообщение
850	2579	Index EQ	Роль шага: Ждать выполнение последовательностью Запуска Шага №:	Информационное сообщение
851	2580	Index EQ	Роль шага: Ждать выполнение последовательностью Останова Шага №:	Информационное сообщение
852	2581	Index EQ	Роль шага: Если агрегат Запущен/задвижка Открыта то переход на Шаг №:	Информационное сообщение
853	2582	Index EQ	Роль шага: Если агрегат Остановлен/задвижка Закрыта то переход на Шаг №:	Информационное сообщение
854	2583	Index EQ	Роль шага: Если Запускается/Открывается то переход на Шаг №:	Информационное сообщение
855	2584	Index EQ	Роль шага: Если Останавливается/Закрывается то переход на Шаг №:	Информационное сообщение
856	2585	Index EQ	Роль шага: Если Неисправность то переход на Шаг №:	Информационное сообщение
857	2586	Index EQ	Роль шага: Если не в Авто то переход на Шаг №:	Информационное сообщение
858	2587	Index VDB	Роль шага: Выставить переменную в 1	Информационное сообщение
859	2588	Index VDB	Роль шага: Выставить переменную в 0	Информационное сообщение
860	2589	Index VDB	Роль шага: Ждать состояние переменной 1	Информационное сообщение
861	2590	Index VDB	Роль шага: Ждать состояние переменной 0	Информационное сообщение
862	2591	Index VDB	Роль шага: Ждать состояние HiHi	Информационное сообщение
863	2592	Index VDB	Роль шага: Ждать состояние Hi	Информационное сообщение
864	2593	Index VDB	Роль шага: Ждать состояние Norm	Информационное сообщение
866	2595	Index VDB	Роль шага: Ждать состояние LoLo	Информационное сообщение
867	2596	Index VDB	Роль шага: Если состояние переменной 1 то переход на Шаг №:	Информационное сообщение
868	2597	Index VDB	Роль шага: Если состояние переменной 0 то переход на Шаг №:	Информационное сообщение
869	2598	Index VDB	Роль шага: Если состояние HiHi то переход на Шаг №:	Информационное сообщение
870	2599	Index VDB	Роль шага: Если состояние Hi то переход на Шаг №:	Информационное сообщение
871	2600	Index VDB	Роль шага: Если состояние Norm то переход на Шаг №:	Информационное сообщение
872	2601	Index VDB	Роль шага: Если состояние Lo то переход на Шаг №:	Информационное сообщение
873	2602	Index VDB	Роль шага: Если состояние LoLo то переход на Шаг №:	Информационное сообщение
874	2603	Index VDB	Роль шага: Переменная как таймер, потом переход (с.)	Информационное сообщение
875	2604	Index EQ	Роль шага: Выставить выход ПИД в 0%	Информационное сообщение
876	2605	Index EQ	Роль шага: Выставить выход ПИД на 50%	Информационное сообщение
877	2606	Index EQ	Роль шага: Выставить выход ПИД на 100%	Информационное сообщение
878	2607	Index EQ	Роль шага: Сбросить режим принудительного выхода ПИД	Информационное сообщение
879	2608	Index EQ	Роль шага: Быстрый Запуск послед. - переход при выполнении Шага №:	Информационное сообщение
880	2609	Index EQ	Роль шага: Авар. Остановка послед. - переход при выполнении Шага №:	Информационное сообщение
881	2610	Index EQ	Роль шага: Ждать состояние в Работе	Информационное сообщение
882	2561	Index VDB	Переменная используется как Слово Состояние ЧРП	Информационное сообщение
883	2562	Index VDB	Переменная используется как Слово Управление ЧРП	Информационное сообщение
\.


--
-- TOC entry 3813 (class 0 OID 83789)
-- Dependencies: 284
-- Data for Name: general_cnfvariablequalitycodes; Type: TABLE DATA; Schema: public; Owner: postgres
--

COPY public.general_cnfvariablequalitycodes (id, n_code, c_name, c_desc) FROM stdin;
1	0	Q_BAD_NON_SPEC	Недостоверное, причина не указана    
2	4	Q_BAD_CONFIG_ERROR	Недостоверное, ошибка конфигурации    
3	8	Q_BAD_NOT_CONNECTED	Недостоверное, связь отсутствует    
4	12	Q_BAD_DEVICE_FAILURE	Недостоверное, ошибка устройства    
5	16	Q_BAD_SENSOR_FAILURE	Недостоверное, ошибка датчика    
6	20	Q_BAD_LAST_KNOWN	Недостоверное, последнее известное значение    
7	24	Q_BAD_COMM_FAILURE	Недостоверное, ошибка связи    
8	28	Q_BAD_OUT_OF_SERVICE	Недостоверное, опрос не выполняется    
9	64	Q_UNC_NON_SPEC	Недостоверное, причина не указана    
10	68	Q_UNC_LAST_USABLE	Неточное, последнее используемое значение    
11	80	Q_UNC_SENSOR_NOT_ACC	Неточное, неточность датчика    
12	84	Q_UNC_EU_EXCEEDED	Неточное, выход за пределы шкалы    
13	88	Q_UNC_SUB_NORMAL	Неточное, неточное значение    
14	192	Q_GOOD_NON_SPEC	Достоверное, причина не указана    
15	193	Q_LIM_LOW	Достоверное, Значение ограничено снизу    
16	194	Q_LIM_HIGH	Достоверное, Значение ограничено сверху    
17	195	Q_LIM_CONST	Достоверное, Значение постоянно и не может изменяться
18	196	Q_ALM_LO	Достоверное, Значение вышло за нижнюю предупредительную границу
19	200	Q_ALM_HI	Достоверное, Значение вышло за верхнюю предупредительную границу
20	204	Q_ALM_LOLO	Достоверное, Значение вышло за нижнюю аварийную границу
21	205	Q_ALM_LOLO_LIM	Достоверное, Значение вышло за нижнюю аварийную границу + ограничение снизу
22	208	Q_ALM_HIHI	Достоверное, Значение вышло за верхнюю аварийную границу
23	210	Q_ALM_HIHI_LIM	Достоверное, Значение вышло за верхнюю аварийную границу + ограничение сверху
24	216	Q_GOOD_LOCAL_OVERRIDE	Достоверное, ручной режим    
\.


--
-- TOC entry 3765 (class 0 OID 17847)
-- Dependencies: 236
-- Data for Name: modules_cnfmodule; Type: TABLE DATA; Schema: public; Owner: postgres
--

COPY public.modules_cnfmodule (id, created_at, n_module_index, c_name_module, c_desc_module, d_last_edit, c_user_edit_id, n_controller_id) FROM stdin;
2	2024-04-26 18:05:39.842671+07	3	Rack1-AI3	R500 AI 08 052-000-CAA	2024-11-19 13:27:57.048123+07	1	1
18	2024-09-03 16:11:17.82823+07	11	Rack2-DI1	R500 DI 32 012-000-CAA	2024-10-03 12:02:25.989194+07	1	1
1	2024-04-26 18:03:23.386828+07	2	Rack1-AI2	R500 AI 08 052-000-CAA	2024-11-19 13:42:59.65672+07	1	1
19	2024-09-03 16:13:34.355586+07	12	Rack2-DI2	R500 DI 32 012-000-CAA	2024-10-03 12:02:53.362223+07	1	1
20	2024-09-03 16:21:46.68833+07	13	Rack2-DI3	R500 DI 32 012-000-CAA	2024-10-03 12:03:21.792687+07	1	1
21	2024-09-03 16:23:15.979661+07	14	Rack2-DI4	R500 DI 32 012-000-CAA	2024-10-03 12:04:29.21476+07	1	1
22	2024-09-03 16:27:11.439711+07	15	Rack2-DI5	R500 DI 32 012-000-CAA	2024-10-03 12:05:58.012489+07	1	1
23	2024-09-03 16:28:21.647229+07	16	Rack2-DI6	R500 DI 32 012-000-CAA	2024-10-03 12:56:33.738215+07	1	1
8	2024-04-27 12:39:51.078304+07	1	Rack1-AI1	R500 AI 08 052-000-CAA	2024-11-18 16:35:03.673311+07	1	1
24	2024-09-03 16:29:44.328416+07	17	Rack2-DO7	R500 DO 32 012-000-CAA	2024-10-03 12:57:01.126579+07	1	1
25	2024-09-03 16:31:34.467473+07	18	Rack2-DO8	R500 DO 32 012-000-CAA	2024-10-03 12:57:41.98516+07	1	1
26	2024-09-03 16:32:48.090654+07	19	Rack2-DO9	R500 DO 32 012-000-CAA	2024-10-03 12:59:22.273596+07	1	1
3	2024-04-26 18:08:16.346731+07	3	Module 1	Module 1 descr	2024-04-27 16:36:28.565617+07	1	2
11	2024-04-27 16:30:14.767277+07	4	Rack1-AI4	R500 AI 08 052-000-CAA	2024-10-03 11:57:00.121229+07	1	1
27	2024-09-03 16:33:47.146224+07	20	Rack3-DI1	R500 DI 32 012-000-CAA	2024-10-03 12:59:47.302335+07	1	1
28	2024-09-03 16:34:44.518225+07	21	Rack3-DO2	R500 DO 32 012-000-CAA	2024-10-03 13:00:10.178966+07	1	1
29	2024-09-03 16:35:55.589192+07	22	Rack3-AI3	R500 AI 08 052-000-CAA	2024-10-03 13:00:41.867941+07	1	1
12	2024-09-03 15:21:20.75898+07	5	Rack1-AI5	R500 AI 08 052-000-CAA	2024-10-03 11:57:32.664519+07	1	1
13	2024-09-03 15:26:58.936127+07	6	Rack1-AI6	R500 AI 08 052-000-CAA	2024-10-03 11:58:23.020691+07	1	1
14	2024-09-03 15:28:40.910069+07	7	Rack1-AI7	R500 AI 08 052-000-CAA	2024-10-03 11:58:48.322828+07	1	1
15	2024-09-03 15:53:38.454165+07	8	Rack1-AI8	R500 AI 08 052-000-CAA	2024-10-03 11:59:53.303165+07	1	1
16	2024-09-03 15:55:54.447337+07	9	Rack1-AO10	R500 AO 08 031-000-CAA	2024-10-03 12:00:41.427428+07	1	1
17	2024-09-03 16:04:46.471967+07	10	Rack1-AI9	R500 AI 08 052-000-CAA	2024-10-03 12:01:43.404817+07	1	1
\.


--
-- TOC entry 3767 (class 0 OID 17853)
-- Dependencies: 238
-- Data for Name: modules_cnfmoduledatatype; Type: TABLE DATA; Schema: public; Owner: postgres
--

COPY public.modules_cnfmoduledatatype (id, n_type_value, c_type_name, c_type_desc) FROM stdin;
1	1	DATA_REF_TYPE_BOOL	BOOL (0x01)
2	2	DATA_REF_TYPE_BYTE	BYTE (0x02)
3	3	DATA_REF_TYPE_CHAR	CHAR (0x03)
4	4	DATA_REF_TYPE_WORD	WORD (0x04)
5	5	DATA_REF_TYPE_INT	INT (0x05)
6	6	DATA_REF_TYPE_DWORD	WORD (0x06)
7	7	DATA_REF_TYPE_DINT	DINT (0x07)
8	8	DATA_REF_TYPE_REAL	REAL (0x08)
\.


--
-- TOC entry 3769 (class 0 OID 17861)
-- Dependencies: 240
-- Data for Name: modules_cnfmoduletype; Type: TABLE DATA; Schema: public; Owner: postgres
--

COPY public.modules_cnfmoduletype (id, n_type_value, c_type_name, c_type_desc) FROM stdin;
1	1	TYPE_INTERNAL	Внутренняя (без источника)
2	2	TYPE_PI	Источник - образ процесса  (входные модули)
3	3	TYPE_RDB	Источник - разделяемый блок данных (Чтение)
4	4	TYPE_S7	Источник - сторонний контроллер S7
5	5	TYPE_MB_RHREG	Источник - MODBUS внутренние регистры (Holding Register, 4xxxx)
6	6	TYPE_PO	Приемник - образ процесса (выходные модули)
7	7	TYPE_CALC	Расчетная
8	8	TYPE_RPM	Источник -  внутренние регистры
9	9	TYPE_WPM	Приемник - внутренние регистры
10	10	TYPE_WDB	Приемник - разделяемый блок данных (Запись)
11	11	TYPE_MB_ROBIT	Источник - MODBUS - выходные биты (Output Coil, 0xxxx)
12	12	TYPE_MB_RIBIT	Источник - MODBUS - входные биты (Input Coil, 1xxxx)
13	13	TYPE_MB_RIREG	Источник - MODBUS входные регистры (Input Register, 3xxxx)
14	14	TYPE_MB_WBIT	Приемник - MODBUS выходные биты (Write Coil, 0xxxx)
15	15	TYPE_MB_WREG	Приемник - MODBUS внутренние регистры (Write Holding Register, 4xxxx)
\.


--
-- TOC entry 3771 (class 0 OID 17869)
-- Dependencies: 242
-- Data for Name: modules_cnfmodulevalue; Type: TABLE DATA; Schema: public; Owner: postgres
--

COPY public.modules_cnfmodulevalue (id, f_value, c_note, n_module_id, n_attribute_id) FROM stdin;
2	1	---	1	12
6	0	---	1	16
7	0	---	1	17
13	1	---	1	1
14	2	---	1	5
15	5	---	1	7
16	2	---	1	2
17	58	---	1	3
18	4	---	1	9
19	249	---	1	8
20	0	---	1	10
21	184	---	1	4
24	1	---	2	12
28	0	---	2	16
29	0	---	2	17
35	1	---	2	1
36	2	---	2	5
37	5	---	2	7
38	3	---	2	2
73	0	---	8	14
39	58	---	2	3
40	4	---	2	9
41	317	---	2	8
77	0	---	8	18
78	0	---	8	19
79	0	---	8	20
80	0	---	8	21
81	0	---	8	22
42	0	---	2	10
43	252	---	2	4
44	8	---	2	6
91	8	---	8	6
71	1	---	8	12
75	0	---	8	16
76	0	---	8	17
82	1	---	8	1
83	2	---	8	5
70	0	---	8	11
23	1	---	2	11
84	5	---	8	7
45	1	---	3	11
46	0	---	3	12
47	1	---	3	13
85	1	---	8	2
25	1	---	2	13
26	0	---	2	14
27	1	---	2	15
86	58	---	8	3
87	4	---	8	9
30	0	---	2	18
31	0	---	2	19
32	0	---	2	20
33	0	---	2	21
34	0	---	2	22
88	181	---	8	8
89	0	---	8	10
92	2	---	8	66
93	1	---	11	11
94	1	---	11	12
95	1	---	11	13
96	0	---	11	14
97	1	---	11	15
98	0	---	11	16
99	0	---	11	17
100	0	---	11	18
101	0	---	11	19
102	0	---	11	20
103	0	---	11	21
104	0	---	11	22
105	1	---	11	1
106	8	---	11	6
107	4	---	11	2
108	2	---	11	5
109	5	---	11	7
110	58	---	11	3
111	4	---	11	9
112	385	---	11	8
113	0	---	11	10
114	320	---	11	4
1	1	---	1	11
3	1	---	1	13
4	0	---	1	14
5	1	---	1	15
8	0	---	1	18
9	1	---	1	19
10	1	---	1	20
11	0	---	1	21
12	0	---	1	22
72	0	---	8	13
74	0	---	8	15
48	0	---	3	14
49	1	---	3	15
50	0	---	3	16
51	0	---	3	17
52	0	---	3	18
53	0	---	3	19
54	0	---	3	20
55	0	---	3	21
56	0	---	3	22
57	23	---	3	1
58	1	---	3	5
59	1	---	3	7
60	24	---	3	2
61	26	---	3	3
62	27	---	3	9
63	28	---	3	8
64	29	---	3	10
65	30	---	3	4
69	21	---	3	66
66	3	---	3	6
117	1	---	12	12
121	0	---	12	16
122	0	---	12	17
128	1	---	12	1
116	1	---	12	11
129	8	---	12	6
118	1	---	12	13
119	0	---	12	14
120	1	---	12	15
130	5	---	12	2
131	2	---	12	5
123	0	---	12	18
124	1	---	12	19
125	1	---	12	20
126	0	---	12	21
127	0	---	12	22
132	5	---	12	7
133	58	---	12	3
134	4	---	12	9
135	453	---	12	8
136	0	---	12	10
137	388	---	12	4
163	1	---	14	12
167	0	---	14	16
139	1	---	13	11
140	1	---	13	12
141	1	---	13	13
168	0	---	14	17
174	1	---	14	1
142	0	---	13	14
143	1	---	13	15
144	0	---	13	16
145	0	---	13	17
146	0	---	13	18
147	1	---	13	19
148	1	---	13	20
149	0	---	13	21
150	0	---	13	22
151	1	---	13	1
152	8	---	13	6
153	6	---	13	2
154	2	---	13	5
155	5	---	13	7
156	58	---	13	3
157	4	---	13	9
158	521	---	13	8
159	0	---	13	10
160	456	---	13	4
161	2	---	13	66
175	8	---	14	6
176	7	---	14	2
177	2	---	14	5
22	8	---	1	6
67	2	---	1	66
178	5	---	14	7
179	58	---	14	3
180	4	---	14	9
181	589	---	14	8
182	0	---	14	10
183	524	---	14	4
184	2	---	14	66
90	116	---	8	4
68	2	---	2	66
162	1	---	14	11
164	1	---	14	13
165	0	---	14	14
166	1	---	14	15
169	0	---	14	18
170	1	---	14	19
171	1	---	14	20
172	0	---	14	21
173	0	---	14	22
231	1	---	17	11
233	1	---	17	13
234	0	---	17	14
235	0	---	17	15
238	0	---	17	18
239	1	---	17	19
240	1	---	17	20
241	0	---	17	21
242	0	---	17	22
208	1	---	16	11
209	1	---	16	12
210	0	---	16	13
211	1	---	16	14
212	1	---	16	15
213	0	---	16	16
214	0	---	16	17
215	0	---	16	18
216	1	---	16	19
217	1	---	16	20
218	0	---	16	21
219	0	---	16	22
220	1	---	16	1
221	8	---	16	6
222	9	---	16	2
223	6	---	16	5
224	5	---	16	7
225	58	---	16	3
226	4	---	16	9
227	660	---	16	8
228	0	---	16	10
229	0	---	16	4
232	1	---	17	12
185	1	---	15	11
186	1	---	15	12
187	1	---	15	13
188	0	---	15	14
189	1	---	15	15
236	0	---	17	16
237	0	---	17	17
192	0	---	15	18
193	1	---	15	19
194	1	---	15	20
195	0	---	15	21
196	0	---	15	22
243	1	---	17	1
244	8	---	17	6
245	10	---	17	2
246	2	---	17	5
247	5	---	17	7
248	58	---	17	3
249	4	---	17	9
250	729	---	17	8
251	0	---	17	10
252	664	---	17	4
253	2	---	17	66
254	1	---	18	11
256	1	---	18	13
257	0	---	18	14
258	1	---	18	15
261	0	---	18	18
262	1	---	18	19
263	1	---	18	20
264	0	---	18	21
265	0	---	18	22
277	0	---	19	11
279	1	---	19	13
280	0	---	19	14
281	1	---	19	15
284	0	---	19	18
285	1	---	19	19
286	1	---	19	20
287	0	---	19	21
288	0	---	19	22
115	2	---	11	66
255	1	---	18	12
259	0	---	18	16
260	0	---	18	17
266	2	---	18	1
267	32	---	18	6
268	1	---	18	2
269	2	---	18	5
270	1	---	18	7
271	729	---	18	3
272	5	---	18	9
273	796	---	18	8
274	0	---	18	10
275	792	---	18	4
278	1	---	19	12
282	0	---	19	16
283	0	---	19	17
289	2	---	19	1
290	32	---	19	6
291	2	---	19	2
292	2	---	19	5
293	1	---	19	7
294	729	---	19	3
295	5	---	19	9
296	808	---	19	8
297	0	---	19	10
298	804	---	19	4
300	1	---	20	11
302	1	---	20	13
303	0	---	20	14
304	1	---	20	15
307	0	---	20	18
308	1	---	20	19
309	1	---	20	20
310	0	---	20	21
311	0	---	20	22
323	1	---	21	11
325	1	---	21	13
326	0	---	21	14
327	1	---	21	15
330	0	---	21	18
331	1	---	21	19
332	1	---	21	20
333	0	---	21	21
334	0	---	21	22
346	1	---	22	11
348	1	---	22	13
349	0	---	22	14
350	1	---	22	15
353	0	---	22	18
354	1	---	22	19
355	1	---	22	20
356	0	---	22	21
357	0	---	22	22
369	1	---	23	11
371	1	---	23	13
372	0	---	23	14
373	1	---	23	15
376	0	---	23	18
377	1	---	23	19
378	1	---	23	20
379	0	---	23	21
380	0	---	23	22
392	1	---	24	11
394	1	---	24	13
395	0	---	24	14
396	1	---	24	15
399	0	---	24	18
400	1	---	24	19
401	1	---	24	20
402	0	---	24	21
403	0	---	24	22
415	1	---	25	11
417	0	---	25	13
418	1	---	25	14
419	1	---	25	15
324	1	---	21	12
328	0	---	21	16
329	0	---	21	17
335	2	---	21	1
336	32	---	21	6
337	4	---	21	2
338	2	---	21	5
339	1	---	21	7
340	729	---	21	3
341	5	---	21	9
342	832	---	21	8
343	0	---	21	10
344	828	---	21	4
370	1	---	23	12
374	0	---	23	16
375	0	---	23	17
381	2	---	23	1
382	32	---	23	6
383	6	---	23	2
384	2	---	23	5
385	1	---	23	7
386	729	---	23	3
387	5	---	23	9
388	856	---	23	8
389	0	---	23	10
390	852	---	23	4
347	1	---	22	12
351	0	---	22	16
352	0	---	22	17
358	2	---	22	1
359	32	---	22	6
360	5	---	22	2
361	2	---	22	5
362	1	---	22	7
363	729	---	22	3
364	5	---	22	9
365	844	---	22	8
366	0	---	22	10
367	840	---	22	4
393	1	---	24	12
397	0	---	24	16
398	0	---	24	17
404	2	---	24	1
405	32	---	24	6
406	7	---	24	2
407	6	---	24	5
408	1	---	24	7
409	729	---	24	3
410	5	---	24	9
411	858	---	24	8
412	0	---	24	10
413	32	---	24	4
416	1	---	25	12
422	0	---	25	18
423	1	---	25	19
424	1	---	25	20
425	0	---	25	21
426	0	---	25	22
438	1	---	26	11
440	0	---	26	13
441	1	---	26	14
442	1	---	26	15
445	0	---	26	18
446	1	---	26	19
447	1	---	26	20
448	0	---	26	21
449	0	---	26	22
461	1	---	27	11
463	1	---	27	13
464	0	---	27	14
465	1	---	27	15
468	0	---	27	18
469	1	---	27	19
470	1	---	27	20
471	0	---	27	21
472	0	---	27	22
484	1	---	28	11
486	0	---	28	13
487	1	---	28	14
488	0	---	28	15
491	0	---	28	18
492	1	---	28	19
493	1	---	28	20
494	0	---	28	21
495	0	---	28	22
507	1	---	29	11
509	1	---	29	13
510	0	---	29	14
511	1	---	29	15
514	0	---	29	18
515	1	---	29	19
516	1	---	29	20
517	0	---	29	21
518	0	---	29	22
420	0	---	25	16
421	0	---	25	17
427	2	---	25	1
428	32	---	25	6
429	8	---	25	2
430	6	---	25	5
431	1	---	25	7
432	729	---	25	3
433	5	---	25	9
439	1	---	26	12
443	0	---	26	16
444	1	---	26	17
450	2	---	26	1
451	32	---	26	6
452	9	---	26	2
453	6	---	26	5
454	1	---	26	7
455	729	---	26	3
456	5	---	26	9
457	862	---	26	8
458	0	---	26	10
462	1	---	27	12
466	0	---	27	16
467	0	---	27	17
473	3	---	27	1
474	32	---	27	6
475	1	---	27	2
476	2	---	27	5
477	1	---	27	7
478	862	---	27	3
479	6	---	27	9
480	928	---	27	8
481	0	---	27	10
482	924	---	27	4
485	1	---	28	12
489	0	---	28	16
490	0	---	28	17
496	3	---	28	1
497	32	---	28	6
498	2	---	28	2
499	6	---	28	5
500	1	---	28	7
501	862	---	28	3
502	6	---	28	9
503	930	---	28	8
504	0	---	28	10
505	44	---	28	4
506	2	---	28	66
508	1	---	29	12
512	0	---	29	16
513	0	---	29	17
519	3	---	29	1
520	8	---	29	6
521	3	---	29	2
522	2	---	29	5
523	5	---	29	7
524	862	---	29	3
525	6	---	29	9
526	997	---	29	8
527	0	---	29	10
528	932	---	29	4
190	0	---	15	16
191	1	---	15	17
197	1	---	15	1
198	8	---	15	6
199	8	---	15	2
200	2	---	15	5
201	5	---	15	7
202	58	---	15	3
203	4	---	15	9
204	657	---	15	8
205	0	---	15	10
206	592	---	15	4
207	66	---	15	66
230	2	---	16	66
276	2	---	18	66
299	2	---	19	66
301	1	---	20	12
305	0	---	20	16
306	0	---	20	17
312	2	---	20	1
313	32	---	20	6
314	3	---	20	2
315	2	---	20	5
316	1	---	20	7
317	729	---	20	3
318	5	---	20	9
319	820	---	20	8
320	0	---	20	10
321	816	---	20	4
322	2	---	20	66
345	2	---	21	66
368	2	---	22	66
391	2	---	23	66
414	2	---	24	66
434	860	---	25	8
435	0	---	25	10
436	36	---	25	4
437	2	---	25	66
459	40	---	26	4
460	66	---	26	66
483	2	---	27	66
529	2	---	29	66
138	2	---	12	66
\.


--
-- TOC entry 3809 (class 0 OID 58953)
-- Dependencies: 280
-- Data for Name: variables_cnfformulasymbol; Type: TABLE DATA; Schema: public; Owner: postgres
--

COPY public.variables_cnfformulasymbol (id, n_type, n_nn_char, c_symbol, c_desc, n_chr) FROM stdin;
1	1	0	0	0	48
2	1	1	1	1	49
3	1	2	2	2	50
4	1	3	3	3	51
5	1	4	4	4	52
6	1	5	5	5	53
7	1	6	6	6	54
8	1	7	7	7	55
9	1	8	8	8	56
10	1	9	9	9	57
11	1	10	,	,	44
12	1	10	.	.	46
13	2	20	V	Значение пременной	86
14	2	21	Q	Код качества	81
15	2	22	M	Шкала Максимум	77
16	2	23	m	Шкала Минимум	109
17	2	24	A	Значение HiHi	65
18	2	25	a	Значение Hi	97
19	2	26	b	Значение Lo	98
20	2	27	B	Значение LoLo	66
21	2	28	H	Признак HiHi	72
22	2	29	h	Признак Hi	104
23	2	30	N	Признак Norm	78
24	2	31	l	Признак Lo	108
25	2	32	L	Признак LoLo	76
26	2	33	C	Признак Change	67
27	2	39	@	присвоить значение переменной (2+2@10 - в переменную 10 будет записано значение 4 и результат = 4)	64
28	3	40	E	Состояние агрегата: 1 - Запущен, 0.4 - Запускается, 0.1 - Останавливается, 0 - Остановлен	69
29	3	41	S	Признак Авто	83
30	3	42	R	Признак Ручной(Дистанционный)	82
31	3	43	P	Признак Локальный	80
32	3	44	G	Признак Готовности	71
33	3	45	F	Признак Неисправности	70
34	3	46	f	Признак прошлой неисправности	102
35	3	47	W	Признак В работе	87
36	3	48	U	Признак Вперед	85
37	3	49	D	Признак Назад	68
38	4	50	)	скобки закрыть	41
39	4	51	(	скобки открыть	40
40	5	60	+	сложить 	43
41	5	61	-	вычесть	45
42	5	62	*	умножение 	42
43	5	63	/	деление	47
44	5	64	^	степень	94
45	5	65	>	больше	62
46	5	66	<	меньше	60
47	5	67	=	равно	61
48	5	68	#	не равно	35
49	5	69	{	меньше или равно (<=)	123
50	5	70	}	больше или равно (>=)	125
51	5	71	&	AND	38
52	5	72	|	OR	124
53	5	73	~	XOR	126
54	5	74	%	MOD	37
55	6	80	?	тернарная операция (V10?1:0 - если Х>=0.5, результат = 1, если Х<0.5, результат = 0)	63
56	6	81	:	тернарная операция (V10?1:0 - если Х>=0.5, результат = 1, если Х<0.5, результат = 0)	58
57	7	100	 	Пробел	32
\.


--
-- TOC entry 3775 (class 0 OID 17918)
-- Dependencies: 246
-- Data for Name: variables_cnfvariable; Type: TABLE DATA; Schema: public; Owner: postgres
--

COPY public.variables_cnfvariable (id, created_at, n_variable_index, c_name_variable, c_desc_variable, c_name_section, c_name_position, c_num_position, d_last_edit, c_user_edit_id, n_controller_id, n_variable_data_type_id, n_variable_type_id, n_module_channel, n_module_id_id, b_masked) FROM stdin;
392	2024-09-11 12:44:11.76239+07	4	DR.L1.K3A.I_Tran	M1.C.I	Каскад 1	ПИД	24PID	2024-10-04 12:27:12.387705+07	1	1	5	2	8	8	f
393	2024-09-11 12:44:11.917938+07	5	DR.L1.SD1_MSS_SL_T	TT-02.I	Каскад 1	Маслосистема	14M1	2024-10-22 11:53:24.835222+07	1	1	5	2	1	1	f
394	2024-09-11 12:44:12.090369+07	6	DR.L1.SD1_MSS_T_Rtn	TT-03.I	Каскад 1	Маслосистема	14M1	2024-10-15 16:58:40.598385+07	1	1	5	2	3	1	f
395	2024-09-11 12:44:12.286153+07	7	DR.L1.SD1_MSS.Tank_T	TT-04.I	Каскад 1	Маслосистема	14M1	2024-10-16 15:22:48.158197+07	1	1	5	2	4	1	f
396	2024-09-11 12:44:12.473215+07	8	DR.L1.K3A.H	LIC-03.I	Каскад 1	ПИД	24PID	2024-09-11 12:44:12.473041+07	\N	1	5	2	7	1	f
397	2024-09-11 12:44:12.648597+07	9	DR.L1.K3A_VR_VFD_I	24M1.C.I	Каскад 1	ПИД	24PID	2024-09-11 12:44:12.648391+07	\N	1	5	2	8	1	f
398	2024-09-11 12:44:12.805995+07	10	DR.L1.PIT3.H2	LIC-02.I	Каскад 1	ПИД	1PID	2024-09-11 12:44:12.805823+07	\N	1	5	2	1	2	f
399	2024-09-11 12:44:12.969112+07	11	DR.L1.MD1_PDV_T4	TT-05.I	Каскад 1	Подшипника двигателя	M1	2024-09-11 12:44:12.968925+07	\N	1	5	2	4	2	f
400	2024-09-11 12:44:13.138564+07	12	DR.L1.MD1_PDV_VB1	VT-01.I	Каскад 1	Подшипника двигателя	M1	2024-09-11 12:44:13.138359+07	\N	1	5	2	6	2	f
401	2024-09-11 12:44:13.299112+07	13	DR.L1.MD1_PDV_VB2	VT-02.I	Каскад 1	Подшипника двигателя	M1	2024-09-11 12:44:13.298899+07	\N	1	5	2	7	2	f
402	2024-09-11 12:44:13.514218+07	14	DR.L1.MD1_PDV_VB3	VT-03.I	Каскад 1	Подшипника двигателя	M1	2024-09-11 12:44:13.513896+07	\N	1	5	2	8	2	f
403	2024-09-11 12:44:13.697299+07	15	DR.L1.MD1_PDV_T5	TT-06.I	Каскад 1	Подшипника двигателя	M1	2024-09-18 14:51:59.999536+07	1	1	5	2	1	11	f
404	2024-09-11 12:44:13.875174+07	16	DR.L1.MD1_MSS_P_diff	PT-02.I	Каскад 1	Маслосистема	M1	2024-09-11 12:44:13.874997+07	\N	1	5	2	2	11	f
405	2024-09-11 12:44:14.044721+07	17	DR.L1.MD1_EV_T	TT-14.I	Каскад 1	Маслосистема	M1	2024-09-11 12:44:14.044529+07	\N	1	5	2	5	11	f
406	2024-09-11 12:44:14.243728+07	18	DR.L1.MD1_MSS_FED_P_m	PT-03.I	Каскад 1	Маслосистема	M1	2024-09-11 12:44:14.243542+07	\N	1	5	2	6	11	f
407	2024-09-11 12:44:14.414561+07	19	DR.L1.MD1_VL_T	TT-13.I	Каскад 1	Промежуточный вал	M1	2024-09-11 12:44:14.414346+07	\N	1	5	2	7	11	f
408	2024-09-11 12:44:14.703197+07	20	DR.L1.MD1.V_Slp	ST-01.I	Каскад 1	Конвейер	24M1	2024-09-11 12:44:14.702929+07	\N	1	5	2	8	11	f
409	2024-09-11 12:44:14.878176+07	21	DR.L1.MD1_MSS_Q	FT-02.I	Каскад 1	Маслосистема	M1	2024-09-11 12:44:14.877957+07	\N	1	5	2	1	12	f
410	2024-09-11 12:44:15.052389+07	22	DR.L1.MD1_PDV_T1	TT-07.I	Каскад 1	Подшипника двигателя	M1	2024-09-11 12:44:15.052055+07	\N	1	5	2	2	12	f
411	2024-09-11 12:44:15.229056+07	23	DR.L1.MD1_PDV_T2	TT-08.I	Каскад 1	Подшипника двигателя	M1	2024-09-11 12:44:15.228881+07	\N	1	5	2	3	12	f
412	2024-09-11 12:44:15.515702+07	24	DR.L1.MD1_PDV_T3	TT-09.I	Каскад 1	Подшипника двигателя	M1	2024-09-11 12:44:15.515414+07	\N	1	5	2	4	12	f
413	2024-09-11 12:44:15.747847+07	25	DR.L1.MD1_PDV_VB4	VT-04.I	Каскад 1	Подшипника двигателя	M1	2024-09-11 12:44:15.747663+07	\N	1	5	2	5	12	f
414	2024-09-11 12:44:15.946063+07	26	DR.L1.SD1.I_Tran	14M1.C.I	Каскад 1	ПИД	11PID	2024-11-15 11:29:55.149149+07	1	1	5	2	6	12	f
415	2024-09-11 12:44:16.110477+07	27	DR.L1.SD1_PDV_T2	TT-16.I	Каскад 1	Подшипники двигателя	14M1	2024-09-11 12:44:16.11027+07	\N	1	5	2	7	12	f
416	2024-09-11 12:44:16.267757+07	28	DR.L1.SD1_ODV_T1	TT-17.I	Каскад 1	Обмотка двигателя	14M1	2024-09-11 12:44:16.267572+07	\N	1	5	2	8	12	f
417	2024-09-11 12:44:16.47706+07	29	DR.L1.SD1_ODV_T2	TT-18.I	Каскад 1	Обмотка двигателя	14M1	2024-09-11 12:44:16.476675+07	\N	1	5	2	1	13	f
418	2024-09-11 12:44:16.784654+07	30	DR.L1.SD1_ODV_T3	TT-19.I	Каскад 1	Обмотка двигателя	14M1	2024-09-11 12:44:16.784439+07	\N	1	5	2	2	13	f
419	2024-09-11 12:44:16.998566+07	31	DR.L1.SD1_PDV_T1	TT-15.I	Каскад 1	Подшипники двигателя	14M1	2024-09-11 12:44:16.998323+07	\N	1	5	2	3	13	f
420	2024-09-11 12:44:17.201+07	32	DR.L1.K3_VR_VFD_I	11M1.C.I	Каскад 1	ПИД	1PID	2024-09-11 12:44:17.200791+07	\N	1	5	2	5	13	f
421	2024-09-11 12:44:17.384285+07	33	DR.L1.K3_VR_VFD_V	11M1-SC.S.I	Каскад 1	ПИД	11PID	2024-09-11 12:44:17.384098+07	\N	1	5	2	6	13	f
422	2024-09-11 12:44:17.587792+07	34	DR.L1.PIT3_VR_VFD_I	1M1.C.I	Каскад 1	ПИД	1PID	2024-09-11 12:44:17.587618+07	\N	1	5	2	7	13	f
423	2024-09-11 12:44:17.783516+07	35	DR.L1.MD1_MSS.TANK_T	TT-12.I	Каскад 1	Маслосистема	M1	2024-09-11 12:44:17.783315+07	\N	1	5	2	5	14	f
424	2024-09-11 12:44:17.944976+07	36	DR.L1.MD1_MSS_T_Rtn	TT-11.I	Каскад 1	Маслосистема	M1	2024-09-11 12:44:17.944782+07	\N	1	5	2	6	14	f
426	2024-09-11 12:44:18.270865+07	38	DR.L1.K6.WG	FT-03.I	Каскад 1	Весы	24PID	2024-09-11 12:44:18.270692+07	\N	1	5	2	8	14	f
427	2024-09-11 12:44:18.429026+07	39	DR.L1.GR1.I	12M1.C.I	Каскад 1	Грохот	12M1	2024-09-11 12:44:18.428852+07	\N	1	5	2	5	15	f
428	2024-09-11 12:44:18.605019+07	40	40	LT-04.I	Каскад 1	датчик подпора	24M1	2024-09-11 12:44:18.604847+07	\N	1	5	2	6	15	f
429	2024-09-11 12:44:18.792278+07	41	41	CR-01.I	Каскад 1	Ячейка	ПСУ	2024-09-11 12:44:18.792104+07	\N	1	5	2	7	15	f
430	2024-09-11 12:44:18.956821+07	42	DR.L1.K3.WG	FIC-01.I	Каскад 1	Весы	1PID	2024-09-11 12:44:18.956646+07	\N	1	5	2	8	15	f
431	2024-09-11 12:44:19.121361+07	43	DR.L1.PIT3_VR_VFD_V_zad	1M1-SC.SSP.O	Каскад 1	ПИД	1PID	2024-09-11 12:44:19.121193+07	\N	1	5	6	1	16	f
432	2024-09-11 12:44:19.287718+07	44	DR.L1.K3_VR_VFD_V_zad	11M1-SC.SSP.O	Каскад 1	ПИД	11PID	2024-09-11 12:44:19.287541+07	\N	1	5	6	2	16	f
433	2024-09-11 12:44:19.4673+07	45	DR.L1.K3A_VR_VFD_V_zad	24M1-SC.SSP.O	Каскад 1	ПИД	24PID	2024-09-11 12:44:19.466945+07	\N	1	5	6	3	16	f
390	2024-09-11 12:44:11.442177+07	2	DR.L1.PIT3.H1	LIC-01.I	Каскад 1	ПИД	1PID	2024-10-25 14:24:29.605324+07	1	1	5	2	6	8	f
391	2024-09-11 12:44:11.606305+07	3	DR.L1.SD1_MSS_P_Vigr	PT-01.I	Каскад 1	Гидравлическая система	14M1	2024-10-04 11:12:07.933447+07	1	1	5	2	7	8	f
436	2024-09-11 12:44:20.037091+07	48	DR.L1.SD1_PDV_VB3	VT-07.I	Каскад 1	Подшипники двигателя	14M1	2024-09-11 12:44:20.036917+07	\N	1	5	6	7	17	f
437	2024-09-11 12:44:20.201315+07	49	49	LT-05.I	Каскад 1	Датчик забивки течки	11M1	2024-09-11 12:44:20.201095+07	\N	1	5	6	8	17	f
438	2024-09-11 12:44:20.374972+07	50	DR.L1.K3_MS_FB_Rotating	GS-01.I	Каскад 1	Магнитный сепаратор	10Q	2024-09-11 12:44:20.374792+07	\N	1	1	2	1	18	f
439	2024-09-11 12:44:20.537062+07	51	DR.L1.K3_MS_EmergStop	OA-01.I	Каскад 1	Магнитный сепаратор	10Q	2024-09-11 12:44:20.536871+07	\N	1	1	2	2	18	f
440	2024-09-11 12:44:20.711391+07	52	DR.L1.K3_MS_N	JS-01.I	Каскад 1	Магнитный сепаратор	10Q	2024-09-11 12:44:20.711182+07	\N	1	1	2	3	18	f
441	2024-09-11 12:44:20.89317+07	53	DR.L1.K3_MS_ST_Started	10Q1.R.I	Каскад 1	Магнитный сепаратор	10Q	2024-09-11 12:44:20.892997+07	\N	1	1	2	5	18	f
442	2024-09-11 12:44:21.056971+07	54	DR.L1.PIT3.CB_Fault	1M1.SF.I	Каскад 1	Пластинчатый питатель	1M1	2024-09-11 12:44:21.0566+07	\N	1	1	2	6	18	f
443	2024-09-11 12:44:21.222699+07	55	DR.L1.PIT3_VR_VFD_ST_Started	1M1.R.I	Каскад 1	Пластинчатый питатель	1M1	2024-09-11 12:44:21.222518+07	\N	1	1	2	8	18	f
444	2024-09-11 12:44:21.387617+07	56	DR.L1.PIT3_VR_VFD_VFD_Failure	1M1.DF.I	Каскад 1	Пластинчатый питатель	1M1	2024-09-11 12:44:21.387412+07	\N	1	1	2	9	18	f
445	2024-09-11 12:44:21.550122+07	57	DR.L1.K3.EmergStop	OA-02.I	Каскад 1	Конвейер	11M1	2024-09-11 12:44:21.549946+07	\N	1	1	2	11	18	f
446	2024-09-11 12:44:21.714171+07	58	DR.L1.K3.FB_Rotating	GS-02.I	Каскад 1	Конвейер	11M1	2024-09-11 12:44:21.713997+07	\N	1	1	2	12	18	f
447	2024-09-11 12:44:21.896207+07	59	DR.L1.K3.Ngb	LS-01.I	Каскад 1	Конвейер	11M1	2024-09-11 12:44:21.896033+07	\N	1	1	2	13	18	f
448	2024-09-11 12:44:22.053398+07	60	DR.L1.K3.FB_me	OS-01.I	Каскад 1	Конвейер	10Q	2024-09-11 12:44:22.053226+07	\N	1	1	2	14	18	f
449	2024-09-11 12:44:22.216066+07	61	DR.L1.K3.CB_Fault	11M1.SF.I	Каскад 1	Конвейер	11M1	2024-09-11 12:44:22.215893+07	\N	1	1	2	16	18	f
450	2024-09-11 12:44:22.374948+07	62	62	HS-14.I	Каскад 1	Конвейер	11M1	2024-09-11 12:44:22.374776+07	\N	1	1	2	17	18	f
451	2024-09-11 12:44:22.536726+07	63	DR.L1.K3_VR_VFD_ST_Started	11M1.R.I	Каскад 1	Конвейер	11M1	2024-09-11 12:44:22.53654+07	\N	1	1	2	18	18	f
452	2024-09-11 12:44:22.702607+07	64	DR.L1.K3_VR_VFD_Failure	11M1.DF.I	Каскад 1	Конвейер	11M1	2024-09-11 12:44:22.702388+07	\N	1	1	2	19	18	f
453	2024-09-11 12:44:22.862149+07	65	DR.L1.K3.Fuse	OS-02.I	Каскад 1	Конвейер	11M1	2024-09-11 12:44:22.861977+07	\N	1	1	2	20	18	f
454	2024-09-11 12:44:23.043217+07	66	DR.L1.GR1_PMU_EmergStop	OA-03.I	Каскад 1	ПМУ	12M1	2024-09-11 12:44:23.043041+07	\N	1	1	2	21	18	f
455	2024-09-11 12:44:23.210258+07	67	DR.L1.GR1.CB_Fault	12M1.SF.I	Каскад 1	Грохот	12M1	2024-09-11 12:44:23.210071+07	\N	1	1	2	22	18	f
456	2024-09-11 12:44:23.382375+07	68	DR.L1.GR1.ST_Started	12M1.R.I	Каскад 1	Грохот	12M1	2024-09-11 12:44:23.382185+07	\N	1	1	2	24	18	f
457	2024-09-11 12:44:23.552355+07	69	DR.L1.GR1.N_coef	12M1.PC.I	Каскад 1	Грохот	12M1	2024-09-11 12:44:23.552168+07	\N	1	1	2	25	18	f
458	2024-09-11 12:44:23.730136+07	70	70	22M1.R.I	Каскад 1	Грохот	22M1	2024-09-11 12:44:23.729961+07	\N	1	1	2	26	18	f
459	2024-09-11 12:44:23.919183+07	71	71	22M1.SF.I	Каскад 1	Грохот	22M1	2024-09-11 12:44:23.918993+07	\N	1	1	2	27	18	f
460	2024-09-11 12:44:24.112028+07	72	72	22M1.DF.I	Каскад 1	Грохот	22M1	2024-09-11 12:44:24.111861+07	\N	1	1	2	28	18	f
461	2024-09-11 12:44:24.275813+07	73	73	22M1C1.i.I.I	Каскад 1	Очистка 1	22M1C1	2024-09-11 12:44:24.275636+07	\N	1	1	2	29	18	f
462	2024-09-11 12:44:24.436113+07	74	74	22M1C2.i.I.I	Каскад 1	Очистка 2	22M1C2	2024-09-11 12:44:24.435943+07	\N	1	1	2	30	18	f
463	2024-09-11 12:44:24.599253+07	75	75	22M1EN.i.I.I	Каскад 1	Энкодер	22M1EN	2024-09-11 12:44:24.599082+07	\N	1	1	2	31	18	f
464	2024-09-11 12:44:24.756359+07	76	DR.L1.SD1_SZ1_ST_Act	MS-01.I	Каскад 1	Гидравлическая система	SV1-01..8	2024-09-11 12:44:24.756165+07	\N	1	1	2	2	19	f
465	2024-09-11 12:44:24.914544+07	77	DR.L1.SD1_SZ2_ST_Act	MS-02.I	Каскад 1	Гидравлическая система	SV1-01..8	2024-09-11 12:44:24.91434+07	\N	1	1	2	3	19	f
466	2024-09-11 12:44:25.093792+07	78	DR.L1.SD1_VL_P	PS-01.I	Каскад 1	Гидравлическая система	SV1-01..8	2024-09-11 12:44:25.093624+07	\N	1	1	2	4	19	f
467	2024-09-11 12:44:25.274306+07	79	79	PS-04.I	Каскад 1	Гидравлическая система	SV1-01..8	2024-09-11 12:44:25.27413+07	\N	1	1	2	5	19	f
469	2024-09-11 12:44:25.615507+07	81	DR.L1.SD1_MSS.FTR2_Clog	XS-02.I	Каскад 1	Маслосистема	14M1	2024-09-11 12:44:25.61531+07	\N	1	1	2	7	19	f
470	2024-09-11 12:44:25.783603+07	82	DR.L1.SD1_MSS_H_m_Act	LS-02.I	Каскад 1	Гидравлическая система	SV1-01..8	2024-09-11 12:44:25.7834+07	\N	1	1	2	8	19	f
471	2024-09-11 12:44:25.963968+07	83	DR.L1.SD1_MSS.Tank_H_m_Act	LS-03.I	Каскад 1	Маслосистема	14M1	2024-09-11 12:44:25.963792+07	\N	1	1	2	9	19	f
472	2024-09-11 12:44:26.165188+07	84	DR.L1.SD1_MSS_P_Zazh_Act	PS-02.I	Каскад 1	Гидравлическая система	SV1-01..8	2024-09-11 12:44:26.165014+07	\N	1	1	2	10	19	f
473	2024-09-11 12:44:26.324423+07	85	DR.L1.SD1_MSS_P_Vigr_Act	PS-03.I	Каскад 1	Гидравлическая система	SV1-01..8	2024-09-11 12:44:26.324248+07	\N	1	1	2	11	19	f
474	2024-09-11 12:44:26.493653+07	86	DR.L1.SD1.CB_ST_On	14M1.SF.I	Каскад 1	Дробилка	14M1	2024-09-11 12:44:26.493481+07	\N	1	1	2	12	19	f
475	2024-09-11 12:44:26.657004+07	87	DR.L1.SD1.CTR_ST_On	14M1.R.I	Каскад 1	Дробилка	14M1	2024-09-11 12:44:26.656805+07	\N	1	1	2	13	19	f
476	2024-09-11 12:44:26.816184+07	88	88	15M1.LP.I	Каскад 1	Гидравлическая система	15M1	2024-09-11 12:44:26.816012+07	\N	1	1	2	15	19	f
477	2024-09-11 12:44:26.977416+07	89	89	15M1.RON.I	Каскад 1	Гидравлическая система	15M1	2024-09-11 12:44:26.977217+07	\N	1	1	2	16	19	f
435	2024-09-11 12:44:19.875755+07	47	DR.L1.SD1_PDV_VB2	VT-06.I	Каскад 1	Подшипники двигателя	14M1	2024-09-11 12:44:19.875584+07	\N	1	5	6	6	17	f
480	2024-09-11 12:44:27.478787+07	92	DR.L1.SD1_NG_CB_ST_On	15M1.SF.I	Каскад 1	Гидравлическая система	15M1	2024-09-11 12:44:27.478612+07	\N	1	1	2	19	19	f
481	2024-09-11 12:44:27.678046+07	93	DR.L1.SD1_NG_ST_Started	15M1.R.I	Каскад 1	Гидравлическая система	15M1	2024-09-11 12:44:27.677864+07	\N	1	1	2	20	19	f
482	2024-09-11 12:44:27.862766+07	94	DR.L1.SD1_OV_CB_ST_On	17M1.SF.I	Каскад 1	Охладитель вентилятора	17M1	2024-09-11 12:44:27.86258+07	\N	1	1	2	21	19	f
483	2024-09-11 12:44:28.047111+07	95	DR.L1.SD1_OV_ST_Started	17M1.R.I	Каскад 1	Охладитель вентилятора	17M1	2024-09-11 12:44:28.046936+07	\N	1	1	2	22	19	f
484	2024-09-11 12:44:28.258483+07	96	DR.L1.SD1_VN_CB_ST_On	18M1.SF.I	Каскад 1	Воздуходувка	18M1	2024-09-11 12:44:28.258286+07	\N	1	1	2	23	19	f
485	2024-09-11 12:44:28.422358+07	97	DR.L1.SD1_VN_ST_Started	18M1.R.I	Каскад 1	Воздуходувка	18M1	2024-09-11 12:44:28.42218+07	\N	1	1	2	24	19	f
486	2024-09-11 12:44:28.59068+07	98	DR.L1.SD1_MSN_CB_ST_On	19R1.SF.I	Каскад 1	Нагреватели масла	19R1	2024-09-11 12:44:28.590503+07	\N	1	1	2	25	19	f
487	2024-09-11 12:44:28.756531+07	99	DR.L1.SD1_MSN_ST_Started	19R1.R.I	Каскад 1	Нагреватели масла	19R1	2024-09-11 12:44:28.75628+07	\N	1	1	2	26	19	f
488	2024-09-11 12:44:28.914405+07	100	DR.L1.GR2_PMU_EmergStop	OA-04.I	Каскад 1	ПМУ	22M1	2024-09-11 12:44:28.914235+07	\N	1	1	2	27	19	f
489	2024-09-11 12:44:29.08583+07	101	DR.L1.MD1.Clog	LS-04.I	Каскад 1	датчик подпора	M1	2024-09-11 12:44:29.085634+07	\N	1	1	2	4	20	f
490	2024-09-11 12:44:29.282734+07	102	DR.L1.K3A.EmergStop	OA-05.I	Каскад 1	Конвейер	24M1	2024-09-11 12:44:29.282562+07	\N	1	1	2	5	20	f
491	2024-09-11 12:44:29.444199+07	103	DR.L1.K3A.FB_Rotating	GS-03.I	Каскад 1	Конвейер	24M1	2024-09-11 12:44:29.44402+07	\N	1	1	2	6	20	f
492	2024-09-11 12:44:29.608554+07	104	DR.L1.K3A.Material	LS-09.I	Каскад 1	Конвейер	24M1	2024-09-11 12:44:29.608331+07	\N	1	1	2	7	20	f
493	2024-09-11 12:44:29.783302+07	105	DR.L1.K3A.CB_Fault	24M1.SF.I	Каскад 1	Конвейер	24M1	2024-09-11 12:44:29.783121+07	\N	1	1	2	8	20	f
494	2024-09-11 12:44:29.944039+07	106	106	OA-12.I	Каскад 1	Конвейер	24M1	2024-09-11 12:44:29.943862+07	\N	1	1	2	9	20	f
495	2024-09-11 12:44:30.1038+07	107	DR.L1.K3A.ST_Started	24M1.R.I	Каскад 1	Конвейер	24M1	2024-09-11 12:44:30.103629+07	\N	1	1	2	10	20	f
496	2024-09-11 12:44:30.266193+07	108	DR.L1.K3A.V_Failure	24M1.DF.I	Каскад 1	Конвейер	24M1	2024-09-11 12:44:30.266021+07	\N	1	1	2	11	20	f
497	2024-09-11 12:44:30.445198+07	109	109	ST-02.I	Каскад 1	Конвейер	24M1	2024-09-11 12:44:30.445027+07	\N	1	1	2	12	20	f
498	2024-09-11 12:44:30.607899+07	110	DR.L1.MD1.EmergStop	OA-06.I	Каскад 1	Дробилка	M1	2024-09-11 12:44:30.607728+07	\N	1	1	2	13	20	f
499	2024-09-11 12:44:30.769296+07	111	DR.L1.MD1_NS1.ZS_ST_Opened	ZS-01.I	Каскад 1	Смазочный насос 1	27M1	2024-09-11 12:44:30.769121+07	\N	1	1	2	14	20	f
500	2024-09-11 12:44:30.926682+07	112	DR.L1.MD1_NS2.ZS_ST_Opened	ZS-02.I	Каскад 1	Смазочный насос 2	28M1	2024-09-11 12:44:30.926507+07	\N	1	1	2	15	20	f
501	2024-09-11 12:44:31.08641+07	113	DR.L1.MD1_MSS_HL_m	LS-05.I	Каскад 1	Маслосистема	M1	2024-09-11 12:44:31.08624+07	\N	1	1	2	16	20	f
502	2024-09-11 12:44:31.251121+07	114	DR.L1.MD1_MSS_HA_m	LS-06.I	Каскад 1	Маслосистема	M1	2024-09-11 12:44:31.250948+07	\N	1	1	2	17	20	f
503	2024-09-11 12:44:31.433112+07	115	DR.L1.MD1_MSS_H_m_Act	LS-07.I	Каскад 1	Маслосистема	M1	2024-09-11 12:44:31.432942+07	\N	1	1	2	18	20	f
504	2024-09-11 12:44:31.598898+07	116	DR.L1.MD1_SZ1_ST_Act	MS-03.I	Каскад 1	Шкаф гидравлики	SOL1..9	2024-09-11 12:44:31.598722+07	\N	1	1	2	19	20	f
505	2024-09-11 12:44:31.770758+07	117	DR.L1.MD1_SZ2_ST_Act	MS-04.I	Каскад 1	Шкаф гидравлики	SOL1..9	2024-09-11 12:44:31.770581+07	\N	1	1	2	20	20	f
506	2024-09-11 12:44:31.947817+07	118	118	LT-00.I	Каскад 1	Дробилка	14M1	2024-09-11 12:44:31.947642+07	\N	1	1	2	21	20	f
507	2024-09-11 12:44:32.136934+07	119	DR.L1.MD1.CB_ST_On	M1.SF.I	Каскад 1	Дробилка	M1	2024-09-11 12:44:32.136736+07	\N	1	1	2	24	20	f
508	2024-09-11 12:44:32.325069+07	120	DR.L1.MD1.CTR_ST_On	M1.R.I	Каскад 1	Дробилка	M1	2024-09-11 12:44:32.324885+07	\N	1	1	2	25	20	f
509	2024-09-11 12:44:32.53097+07	121	DR.L1.MD1_OV1_CB_ST_On	29M1.SF.I	Каскад 1	Охладитель вентилятора 1	29M1	2024-09-11 12:44:32.5308+07	\N	1	1	2	29	20	f
510	2024-09-11 12:44:32.700623+07	122	DR.L1.MD1_OV1_ST_Started	29M1.R.I	Каскад 1	Охладитель вентилятора 1	29M1	2024-09-11 12:44:32.700408+07	\N	1	1	2	30	20	f
511	2024-09-11 12:44:32.869409+07	123	DR.L1.MD1_OV2_CB_ST_On	30M1.SF.I	Каскад 1	Охладитель вентилятора 2	30M1	2024-09-11 12:44:32.869205+07	\N	1	1	2	31	20	f
512	2024-09-11 12:44:33.047925+07	124	DR.L1.MD1_OV2_ST_Started	30M1.R.I	Каскад 1	Охладитель вентилятора 2	30M1	2024-09-11 12:44:33.047754+07	\N	1	1	2	32	20	f
513	2024-09-11 12:44:33.269773+07	125	DR.L1.MD1_NS1_CB_ST_On	27M1.SF.I	Каскад 1	Смазочный насос 1	27M1	2024-09-11 12:44:33.2696+07	\N	1	1	2	1	21	f
514	2024-09-11 12:44:33.449172+07	126	DR.L1.MD1_NS1_ST_Started	27M1.R.I	Каскад 1	Смазочный насос 1	27M1	2024-09-11 12:44:33.448986+07	\N	1	1	2	2	21	f
515	2024-09-11 12:44:33.651728+07	127	DR.L1.MD1_NS2_CB_ST_On	28M1.SF.I	Каскад 1	Смазочный насос 2	28M1	2024-09-11 12:44:33.651513+07	\N	1	1	2	3	21	f
516	2024-09-11 12:44:33.820233+07	128	DR.L1.MD1_NS2_ST_Started	28M1.R.I	Каскад 1	Смазочный насос 2	28M1	2024-09-11 12:44:33.820058+07	\N	1	1	2	4	21	f
517	2024-09-11 12:44:33.987376+07	129	DR.L1.MD1_VN_CB_ST_On	31M1.SF.I	Каскад 1	Воздуходувка	31M1	2024-09-11 12:44:33.987139+07	\N	1	1	2	5	21	f
518	2024-09-11 12:44:34.147888+07	130	DR.L1.MD1_VN_ST_Started	31M1.R.I	Каскад 1	Воздуходувка	31M1	2024-09-11 12:44:34.147682+07	\N	1	1	2	6	21	f
519	2024-09-11 12:44:34.311435+07	131	DR.L1.MD1_MSN_CB_ST_On	32R1.SF.I	Каскад 1	Нагреватели масла	32R1	2024-09-11 12:44:34.311163+07	\N	1	1	2	7	21	f
645	2024-09-11 12:50:12.608062+07	257	257	M1L.F.VT60	Каскад 1	Маслосистема	M1	2024-09-11 12:50:12.607857+07	\N	1	8	7	0	\N	f
646	2024-09-11 12:50:12.7773+07	258	DR.L1.K3A.CMD_Start	11M1.RUN	Каскад 1	Конвейер	1.11M1	2024-09-11 12:50:12.777111+07	\N	1	8	7	0	\N	f
523	2024-09-11 12:44:34.993709+07	135	DR.L1.PMU1.Mode_Local	OI-01.I	Каскад 1	ПМУ	Cascad	2024-09-11 12:44:34.993494+07	\N	1	1	2	11	21	f
524	2024-09-11 12:44:35.154484+07	136	DR.L1.PMU1.EmergStop	OA-08.I	Каскад 1	ПМУ	Cascad	2024-09-11 12:44:35.154301+07	\N	1	1	2	12	21	f
525	2024-09-11 12:44:35.318382+07	137	DR.L1.GR1_PMU_ST_PMU_Started	HS-01.I	Каскад 1	ПМУ	12M1	2024-09-11 12:44:35.318194+07	\N	1	1	2	13	21	f
526	2024-09-11 12:44:35.479197+07	138	DR.L1.SD1.ST_PMU_Started	HS-02.I	Каскад 1	Дробилка	14M1	2024-09-11 12:44:35.479019+07	\N	1	1	2	14	21	f
527	2024-09-11 12:44:35.66061+07	139	DR.L1.SD1_NS_ST_PMU_Started	HS-03.I	Каскад 1	Смазочный насос	16M1	2024-09-11 12:44:35.660413+07	\N	1	1	2	15	21	f
528	2024-09-11 12:44:35.820475+07	140	DR.L1.SD1_OV_ST_PMU_Started	HS-04.I	Каскад 1	Охладитель вентилятора	17M1	2024-09-11 12:44:35.820275+07	\N	1	1	2	16	21	f
529	2024-09-11 12:44:35.990278+07	141	DR.L1.SD1_VN_ST_PMU_Started	HS-05.I	Каскад 1	Воздуходувка	18M1	2024-09-11 12:44:35.990102+07	\N	1	1	2	17	21	f
530	2024-09-11 12:44:36.16656+07	142	DR.L1.PMU2.Mode_Local	OI-02.I	Каскад 1	ПМУ	Cascad	2024-09-11 12:44:36.166373+07	\N	1	1	2	18	21	f
531	2024-09-11 12:44:36.351987+07	143	DR.L1.PMU2.EmergStop	OA-09.I	Каскад 1	ПМУ	Cascad	2024-09-11 12:44:36.351801+07	\N	1	1	2	19	21	f
532	2024-09-11 12:44:36.512345+07	144	DR.L1.GR2_PMU_ST_PMU_Started	HS-06.I	Каскад 1	ПМУ	22M1	2024-09-11 12:44:36.512166+07	\N	1	1	2	20	21	f
533	2024-09-11 12:44:36.704772+07	145	DR.L1.PMU3.Local	OI-03.I	Каскад 1	ПМУ	Cascad	2024-09-11 12:44:36.704593+07	\N	1	1	2	21	21	f
534	2024-09-11 12:44:36.866804+07	146	DR.L1.PMU3.EmergStop	OA-10.I	Каскад 1	ПМУ	Cascad	2024-09-11 12:44:36.866632+07	\N	1	1	2	22	21	f
535	2024-09-11 12:44:37.02845+07	147	DR.L1.MD1.ST_PMU_Started	HS-07.I	Каскад 1	Дробилка	M1	2024-09-11 12:44:37.028267+07	\N	1	1	2	23	21	f
536	2024-09-11 12:44:37.188943+07	148	DR.L1.MD1_NS1_ST_PMU_Started	HS-08.I	Каскад 1	Смазочный насос 1	27M1	2024-09-11 12:44:37.188757+07	\N	1	1	2	24	21	f
537	2024-09-11 12:44:37.351264+07	149	DR.L1.MD1_NS2_ST_PMU_Started	HS-09.I	Каскад 1	Смазочный насос 2	28M1	2024-09-11 12:44:37.351086+07	\N	1	1	2	25	21	f
539	2024-09-11 12:44:37.72252+07	151	DR.L1.MD1_OV2_ST_PMU_Started	HS-11.I	Каскад 1	Охладитель вентилятора 2	30M1	2024-09-11 12:44:37.722301+07	\N	1	1	2	27	21	f
540	2024-09-11 12:44:37.883122+07	152	DR.L1.MD1_VN_ST_PMU_Started	HS-12.I	Каскад 1	Воздуходувка	31M1	2024-09-11 12:44:37.882942+07	\N	1	1	2	28	21	f
541	2024-09-11 12:44:38.039184+07	153	DR.L1.K3A.ST_PMU_Started	HS-13.I	Каскад 1	Конвейер	24M1	2024-09-11 12:44:38.038962+07	\N	1	1	2	29	21	f
542	2024-09-11 12:44:38.210873+07	154	DR.L1.PMU.EmergStop	OA-11.I	Каскад 1	ПМУ	Cascad	2024-09-11 12:44:38.2107+07	\N	1	1	2	30	21	f
543	2024-09-11 12:44:38.371035+07	155	DR.L1.PMU.U_norm	ES.EV.I	Каскад 1	ПМУ	Cascad	2024-09-11 12:44:38.370819+07	\N	1	1	2	3	22	f
544	2024-09-11 12:44:38.535381+07	156	DR.L1.PMU.ST_EmergStop	ES.ON.I	Каскад 1	ПМУ	Cascad	2024-09-11 12:44:38.535208+07	\N	1	1	2	4	22	f
545	2024-09-11 12:44:38.716172+07	157	157	35M1.R.I	Каскад 1	Конвейер	35M1	2024-09-11 12:44:38.715993+07	\N	1	8	1	0	\N	f
546	2024-09-11 12:44:38.874628+07	158	DR.L1.K3_MS_CMD_Lmp_Started	10Q.LI.O	Каскад 1	Магнитный сепаратор	10Q	2024-09-11 12:44:38.874456+07	\N	1	1	6	1	24	f
547	2024-09-11 12:44:39.046958+07	159	159	AL-17.O	Каскад 1	ПМУ	Cascad	2024-09-11 12:44:39.046784+07	\N	1	1	6	2	24	f
548	2024-09-11 12:44:39.230145+07	160	DR.L1.PIT3_VR_VFD_CMD_Start	1M1.STR.O	Каскад 1	Пластинчатый питатель	1M1	2024-09-11 12:44:39.229972+07	\N	1	1	6	3	24	f
549	2024-09-11 12:44:39.398974+07	161	DR.L1.K3.CMD_Start	11M1.STR.O	Каскад 1	Конвейер	11M1	2024-09-11 12:44:39.398751+07	\N	1	1	6	4	24	f
550	2024-09-11 12:44:39.564434+07	162	162	AL-18.O	Каскад 1	ПМУ	Cascad	2024-09-11 12:44:39.564248+07	\N	1	1	6	5	24	f
551	2024-09-11 12:44:39.741127+07	163	DR.L1.GR1.CMD_Start	12M1.STR.O	Каскад 1	Грохот	12M1	2024-09-11 12:44:39.740935+07	\N	1	1	6	6	24	f
552	2024-09-11 12:44:39.904676+07	164	164	AL-19.O	Каскад 1	ПМУ	Cascad	2024-09-11 12:44:39.904493+07	\N	1	1	6	7	24	f
553	2024-09-11 12:44:40.066992+07	165	DR.L1.SD1.CMD_Start	14M1.STR.O	Каскад 1	Дробилка	14M1	2024-09-11 12:44:40.066806+07	\N	1	1	6	8	24	f
554	2024-09-11 12:44:40.226962+07	166	DR.L1.SD1.CMD_Start_Perm	14M1-RON.O	Каскад 1	Дробилка	14M1	2024-09-11 12:44:40.226772+07	\N	1	1	6	9	24	f
555	2024-09-11 12:44:40.387012+07	167	DR.L1.SD1_NS_CMD_Start	16M1.STR.O	Каскад 1	Смазочный насос	16M1	2024-09-11 12:44:40.386827+07	\N	1	1	6	10	24	f
556	2024-09-11 12:44:40.573727+07	168	DR.L1.SD1_NG_CMD_Start	15M1.STR.O	Каскад 1	Гидравлическая система	15M1	2024-09-11 12:44:40.573541+07	\N	1	1	6	11	24	f
557	2024-09-11 12:44:40.750269+07	169	DR.L1.SD1_OV_CMD_Start	17M1.STR.O	Каскад 1	Охладитель вентилятора	17M1	2024-09-11 12:44:40.750043+07	\N	1	1	6	12	24	f
558	2024-09-11 12:44:40.95397+07	170	DR.L1.SD1_VN_CMD_Start	18M1.STR.O	Каскад 1	Воздуходувка	18M1	2024-09-11 12:44:40.953792+07	\N	1	1	6	13	24	f
559	2024-09-11 12:44:41.12365+07	171	DR.L1.SD1_MSN_CMD_Start	19R1.STR.O	Каскад 1	Нагреватели масла	19R1	2024-09-11 12:44:41.123416+07	\N	1	1	6	14	24	f
560	2024-09-11 12:44:41.293943+07	172	DR.L1.K3A_VR_VFD_CMD_Start	24M1.STR.O	Каскад 1	Конвейер	24M1	2024-09-11 12:44:41.293735+07	\N	1	1	6	18	24	f
561	2024-09-11 12:44:41.492933+07	173	DR.L1.MD1.CMD_Start	M1.STR.O	Каскад 1	Дробилка	M1	2024-09-11 12:44:41.492717+07	\N	1	1	6	19	24	f
562	2024-09-11 12:44:41.690415+07	174	DR.L1.MD1.CMD_Start_Perm	M1-RON.O	Каскад 1	Дробилка	M1	2024-09-11 12:44:41.690231+07	\N	1	1	6	20	24	f
563	2024-09-11 12:44:41.87406+07	175	DR.L1.MD1_OV1_CMD_Start	29M1.STR.O	Каскад 1	Охладитель вентилятора 1	29M1	2024-09-11 12:44:41.873888+07	\N	1	1	6	21	24	f
564	2024-09-11 12:44:42.04558+07	176	DR.L1.MD1_OV2_CMD_Start	30M1.STR.O	Каскад 1	Охладитель вентилятора 2	30M1	2024-09-11 12:44:42.045406+07	\N	1	1	6	22	24	f
522	2024-09-11 12:44:34.833114+07	134	DR.L1.MD1_NG_ST_Started	26M1.R.I	Каскад 1	Гидравлический насос	26M1	2024-09-11 12:44:34.832929+07	\N	1	1	2	10	21	f
567	2024-09-11 12:44:42.540347+07	179	DR.L1.MD1_VN_CMD_Start	31M1.STR.O	Каскад 1	Воздуходувка	31M1	2024-09-11 12:44:42.540166+07	\N	1	1	6	25	24	f
568	2024-09-11 12:44:42.710524+07	180	DR.L1.MD1_MSN_CMD_Start	32R1.STR.O	Каскад 1	Нагреватели масла	32R1	2024-09-11 12:44:42.71033+07	\N	1	1	6	26	24	f
569	2024-09-11 12:44:42.894418+07	181	DR.L1.MD1_NG_CMD_Start	26M1.STR.O	Каскад 1	Гидравлический насос	26M1	2024-09-11 12:44:42.894233+07	\N	1	1	6	27	24	f
570	2024-09-11 12:44:43.090112+07	182	182	AL-20.O	Каскад 1	Конвейер	11M1	2024-09-11 12:44:43.089908+07	\N	1	1	6	28	24	f
571	2024-09-11 12:44:43.276478+07	183	183	AL-01.O	Каскад 1	ПМУ	12M1	2024-09-11 12:44:43.276283+07	\N	1	1	6	30	24	f
572	2024-09-11 12:44:43.466228+07	184	DR.L1.SD1.CMD_Lmp_Started	AL-02.O	Каскад 1	Дробилка	14M1	2024-09-11 12:44:43.466029+07	\N	1	1	6	31	24	f
573	2024-09-11 12:44:43.638939+07	185	DR.L1.PMU1.CMD_Snd	AL-03.O	Каскад 1	ПМУ	Cascad	2024-09-11 12:44:43.638753+07	\N	1	1	6	32	24	f
574	2024-09-11 12:44:43.81379+07	186	DR.L1.SD1_NS_CMD_Lmp_Started	AL-04.O	Каскад 1	Смазочный насос	16M1	2024-09-11 12:44:43.8136+07	\N	1	1	6	1	25	f
575	2024-09-11 12:44:43.996948+07	187	DR.L1.SD1_OV_CMD_Lmp_Started	AL-05.O	Каскад 1	Охладитель вентилятора	17M1	2024-09-11 12:44:43.996747+07	\N	1	1	6	2	25	f
576	2024-09-11 12:44:44.160286+07	188	DR.L1.SD1_VN_CMD_Lmp_Started	AL-06.O	Каскад 1	Воздуходувка	18M1	2024-09-11 12:44:44.160098+07	\N	1	1	6	3	25	f
577	2024-09-11 12:44:44.328864+07	189	DR.L1.PMU2.CMD_Snd	AL-07.O	Каскад 1	ПМУ	Cascad	2024-09-11 12:44:44.328665+07	\N	1	1	6	4	25	f
578	2024-09-11 12:44:44.514293+07	190	DR.L1.GR2_PMU_CMD_Lmp_Started	AL-08.O	Каскад 1	ПМУ	22M1	2024-09-11 12:44:44.513974+07	\N	1	1	6	5	25	f
579	2024-09-11 12:44:44.700973+07	191	DR.L1.PMU3.CMD_Snd	AL-09.O	Каскад 1	ПМУ	Cascad	2024-09-11 12:44:44.700785+07	\N	1	1	6	6	25	f
580	2024-09-11 12:44:44.897055+07	192	DR.L1.MD1.CMD_Lmp_Started	AL-10.O	Каскад 1	Дробилка	M1	2024-09-11 12:44:44.896879+07	\N	1	1	6	7	25	f
581	2024-09-11 12:44:45.1023+07	193	DR.L1.MD1_NS1_CMD_Lmp_Started	AL-11.O	Каскад 1	Смазочный насос 1	27M1	2024-09-11 12:44:45.102123+07	\N	1	1	6	8	25	f
582	2024-09-11 12:44:45.263542+07	194	DR.L1.MD1_NS2_CMD_Lmp_Started	AL-12.O	Каскад 1	Смазочный насос 2	28M1	2024-09-11 12:44:45.263356+07	\N	1	1	6	9	25	f
583	2024-09-11 12:44:45.427963+07	195	DR.L1.MD1_OV1_CMD_Lmp_Started	AL-13.O	Каскад 1	Охладитель вентилятора 1	29M1	2024-09-11 12:44:45.42776+07	\N	1	1	6	10	25	f
584	2024-09-11 12:44:45.592935+07	196	DR.L1.MD1_OV2_CMD_Lmp_Started	AL-14.O	Каскад 1	Охладитель вентилятора 2	30M1	2024-09-11 12:44:45.592764+07	\N	1	1	6	11	25	f
585	2024-09-11 12:44:45.781224+07	197	DR.L1.MD1_VN_CMD_Lmp_Started	AL-15.O	Каскад 1	Воздуходувка	31M1	2024-09-11 12:44:45.781005+07	\N	1	1	6	12	25	f
586	2024-09-11 12:44:45.941575+07	198	DR.L1.K3A.CMD_Lmp_Started	AL-16.O	Каскад 1	Конвейер	24M1	2024-09-11 12:44:45.941394+07	\N	1	1	6	13	25	f
587	2024-09-11 12:44:46.12701+07	199	DR.L1.SD1_GS.SOL1_CMD_On	SV1-01.O	Каскад 1	Гидравлическая система	SOL1	2024-09-11 12:44:46.126826+07	\N	1	1	6	14	25	f
588	2024-09-11 12:44:46.317529+07	200	DR.L1.SD1_GS.SOL2_CMD_On	SV1-02.O	Каскад 1	Гидравлическая система	SOL2	2024-09-11 12:44:46.317228+07	\N	1	1	6	15	25	f
589	2024-09-11 12:44:46.508742+07	201	DR.L1.SD1_GS.SOL3_CMD_On	SV1-03.O	Каскад 1	Гидравлическая система	SOL3	2024-09-11 12:44:46.508557+07	\N	1	1	6	16	25	f
590	2024-09-11 12:44:46.694403+07	202	DR.L1.SD1_GS.SOL4_CMD_On	SV1-04.O	Каскад 1	Гидравлическая система	SOL4	2024-09-11 12:44:46.69422+07	\N	1	1	6	17	25	f
591	2024-09-11 12:44:46.852496+07	203	DR.L1.SD1_GS.SOL5_CMD_On	SV1-05.O	Каскад 1	Гидравлическая система	SOL5	2024-09-11 12:44:46.852314+07	\N	1	1	6	18	25	f
592	2024-09-11 12:44:47.017297+07	204	DR.L1.SD1_GS.SOL6_CMD_On	SV1-06.O	Каскад 1	Гидравлическая система	SOL6	2024-09-11 12:44:47.017123+07	\N	1	1	6	19	25	f
593	2024-09-11 12:44:47.19646+07	205	DR.L1.SD1_GS.SOL7_CMD_On	SV1-07.O	Каскад 1	Гидравлическая система	SOL7	2024-09-11 12:44:47.196274+07	\N	1	1	6	20	25	f
594	2024-09-11 12:44:47.364014+07	206	DR.L1.SD1_GS.SOL8_CMD_On	SV1-08.O	Каскад 1	Гидравлическая система	SOL8	2024-09-11 12:44:47.36368+07	\N	1	1	6	21	25	f
595	2024-09-11 12:44:47.527726+07	207	DR.L1.PMU.CMD_EmergStop_Ack	ES.RST.O	Каскад 1	ПМУ	Cascad	2024-09-11 12:44:47.52755+07	\N	1	1	6	22	25	f
596	2024-09-11 12:44:47.689268+07	208	208	22M1.STR.O	Каскад 1	Грохот	22M1	2024-09-11 12:44:47.689084+07	\N	1	1	6	7	26	f
597	2024-09-11 12:44:47.851539+07	209	209	22M1ASK.O	Каскад 1	Грохот	22M1	2024-09-11 12:44:47.851358+07	\N	1	1	6	8	26	f
598	2024-09-11 12:44:48.017185+07	210	210	22M1C1.O	Каскад 1	Очистка 1	22M1C1	2024-09-11 12:44:48.016997+07	\N	1	1	6	9	26	f
599	2024-09-11 12:44:48.219546+07	211	211	22M1C2.O	Каскад 1	Очистка 2	22M1C2	2024-09-11 12:44:48.219345+07	\N	1	1	6	10	26	f
600	2024-09-11 12:44:48.397859+07	212	212	22M1EN.O	Каскад 1	Энкодер	22M1EN	2024-09-11 12:44:48.397676+07	\N	1	1	6	11	26	f
425	2024-09-11 12:44:18.105862+07	37	DR.L1.MD1_MSS_FED_T	TT-10.I	Каскад 1	Маслосистема	M1	2024-09-11 12:44:18.105691+07	\N	1	5	2	7	14	f
434	2024-09-11 12:44:19.67903+07	46	DR.L1.SD1_PDV_VB1	VT-05.I	Каскад 1	Подшипники двигателя	14M1	2024-09-11 12:44:19.678753+07	\N	1	5	6	5	17	f
478	2024-09-11 12:44:27.154541+07	90	DR.L1.SD1_NS_CB_ST_On	16M1.SF.I	Каскад 1	Смазочный насос	16M1	2024-09-11 12:44:27.154283+07	\N	1	1	2	17	19	f
520	2024-09-11 12:44:34.48267+07	132	DR.L1.MD1_MSN_ST_Started	32R1.R.I	Каскад 1	Нагреватели масла	32R1	2024-09-11 12:44:34.482488+07	\N	1	1	2	8	21	f
521	2024-09-11 12:44:34.666326+07	133	DR.L1.MD1_NG_CB_ST_On	26M1.SF.I	Каскад 1	Гидравлический насос	26M1	2024-09-11 12:44:34.666118+07	\N	1	1	2	9	21	f
566	2024-09-11 12:44:42.378924+07	178	DR.L1.MD1_NS2_CMD_Start	28M1.STR.O	Каскад 1	Смазочный насос 2	28M1	2024-09-11 12:44:42.378713+07	\N	1	1	6	24	24	f
389	2024-09-11 12:44:11.243669+07	1	1	PT-07.I	Каскад 1	Маслосистема	14M1	2024-11-19 15:00:10.060549+07	1	1	5	2	5	8	f
601	2024-09-11 12:50:05.120714+07	213	DR.L1.MD1_GS_FB_EmergStop	PB1.PB3.I	Каскад 1	Шкаф гидравлики	SOL1..9	2024-09-11 12:50:05.120518+07	\N	1	1	2	1	27	f
602	2024-09-11 12:50:05.281793+07	214	DR.L1.MD1_GS_Manual	SS6.I	Каскад 1	Шкаф гидравлики	SOL1..9	2024-09-11 12:50:05.281609+07	\N	1	1	2	2	27	f
603	2024-09-11 12:50:05.442811+07	215	DR.L1.MD1_GS_SS2_1	SS2.1.I	Каскад 1	Шкаф гидравлики	SOL5	2024-09-11 12:50:05.442634+07	\N	1	1	2	3	27	f
604	2024-09-11 12:50:05.605396+07	216	DR.L1.MD1_GS_SS2_2	SS2.2.I	Каскад 1	Шкаф гидравлики	SOL6	2024-09-11 12:50:05.605209+07	\N	1	1	2	4	27	f
605	2024-09-11 12:50:05.767671+07	217	DR.L1.MD1_GS_SS7_1	SS7.1.I	Каскад 1	Шкаф гидравлики	SOL2	2024-09-11 12:50:05.767473+07	\N	1	1	2	5	27	f
606	2024-09-11 12:50:05.93053+07	218	DR.L1.MD1_GS_SS3	SS3.I	Каскад 1	Шкаф гидравлики	SOL8	2024-09-11 12:50:05.930349+07	\N	1	1	2	6	27	f
607	2024-09-11 12:50:06.123342+07	219	DR.L1.MD1_GS_SS7_2	SS7.2.I	Каскад 1	Шкаф гидравлики	SOL3	2024-09-11 12:50:06.123122+07	\N	1	1	2	7	27	f
608	2024-09-11 12:50:06.320324+07	220	DR.L1.MD1_GS_PB2	PB2.I	Каскад 1	Шкаф гидравлики	SOL7	2024-09-11 12:50:06.320152+07	\N	1	1	2	8	27	f
609	2024-09-11 12:50:06.483272+07	221	DR.L1.MD1_GS_SS4	SS4.I	Каскад 1	Шкаф гидравлики	SOL4	2024-09-11 12:50:06.483094+07	\N	1	1	2	9	27	f
610	2024-09-11 12:50:06.647956+07	222	DR.L1.MD1_GS_HA_m	LSL-1.I	Каскад 1	Шкаф гидравлики	SOL1..9	2024-09-11 12:50:06.647745+07	\N	1	1	2	11	27	f
611	2024-09-11 12:50:06.812122+07	223	DR.L1.MD1_GS_P	DPSH-1.I	Каскад 1	Шкаф гидравлики	SOL1..9	2024-09-11 12:50:06.811945+07	\N	1	1	2	12	27	f
612	2024-09-11 12:50:06.990365+07	224	DR.L1.MD1_GS_Local	HU.LD.I	Каскад 1	Шкаф гидравлики	SOL1..9	2024-09-11 12:50:06.99019+07	\N	1	1	2	13	27	f
613	2024-09-11 12:50:07.160385+07	225	225	JMP.I	Каскад 1	Шкаф гидравлики	SOL1..9	2024-09-11 12:50:07.160208+07	\N	1	1	2	22	27	f
614	2024-09-11 12:50:07.338849+07	226	DR.L1.MD1_GS_ZSO1	ZSO-1.I	Каскад 1	Шкаф гидравлики	SOL1..9	2024-09-11 12:50:07.338663+07	\N	1	1	2	23	27	f
615	2024-09-11 12:50:07.499218+07	227	227	+24V-ON.1.I	Каскад 1	Шкаф гидравлики	SOL1..9	2024-09-11 12:50:07.499043+07	\N	1	1	2	26	27	f
616	2024-09-11 12:50:07.668638+07	228	228	+24V-ON.2.I	Каскад 1	Шкаф гидравлики	SOL1..9	2024-09-11 12:50:07.668451+07	\N	1	1	2	27	27	f
617	2024-09-11 12:50:07.830793+07	229	229	+24V-ON.3.I	Каскад 1	Шкаф гидравлики	SOL1..9	2024-09-11 12:50:07.830618+07	\N	1	1	2	28	27	f
618	2024-09-11 12:50:07.998242+07	230	DR.L1.MD1_GS.SOL1_CMD_On	SOL1.O	Каскад 1	Шкаф гидравлики	SOL1	2024-09-11 12:50:07.99807+07	\N	1	1	6	2	28	f
619	2024-09-11 12:50:08.164317+07	231	DR.L1.MD1_GS.SOL2_CMD_On	SOL2.O	Каскад 1	Шкаф гидравлики	SOL2	2024-09-11 12:50:08.164119+07	\N	1	1	6	3	28	f
620	2024-09-11 12:50:08.347566+07	232	DR.L1.MD1_GS.SOL3_CMD_On	SOL3.O	Каскад 1	Шкаф гидравлики	SOL3	2024-09-11 12:50:08.347378+07	\N	1	1	6	4	28	f
621	2024-09-11 12:50:08.513356+07	233	DR.L1.MD1_GS.SOL4_CMD_On	SOL4.O	Каскад 1	Шкаф гидравлики	SOL4	2024-09-11 12:50:08.513168+07	\N	1	1	6	5	28	f
622	2024-09-11 12:50:08.678689+07	234	DR.L1.MD1_GS.SOL5_CMD_On	SOL5.O	Каскад 1	Шкаф гидравлики	SOL5	2024-09-11 12:50:08.678501+07	\N	1	1	6	6	28	f
623	2024-09-11 12:50:08.854049+07	235	DR.L1.MD1_GS.SOL6_CMD_On	SOL6.O	Каскад 1	Шкаф гидравлики	SOL6	2024-09-11 12:50:08.853842+07	\N	1	1	6	7	28	f
624	2024-09-11 12:50:09.019553+07	236	DR.L1.MD1_GS.SOL7_CMD_On	SOL7.O	Каскад 1	Шкаф гидравлики	SOL7	2024-09-11 12:50:09.019353+07	\N	1	1	6	8	28	f
625	2024-09-11 12:50:09.17884+07	237	DR.L1.MD1_GS.SOL8_CMD_On	SOL8.O	Каскад 1	Шкаф гидравлики	SOL8	2024-09-11 12:50:09.178666+07	\N	1	1	6	9	28	f
626	2024-09-11 12:50:09.368838+07	238	DR.L1.MD1_GS.SOL9_CMD_On	SOL9.O	Каскад 1	Шкаф гидравлики	SOL9	2024-09-11 12:50:09.368662+07	\N	1	1	6	10	28	f
627	2024-09-11 12:50:09.555098+07	239	DR.L1.MD1_GS_CMD_Lmp_On_HA_m	LT4.O	Каскад 1	Шкаф гидравлики	SOL1..9	2024-09-11 12:50:09.554923+07	\N	1	1	6	11	28	f
629	2024-09-11 12:50:09.881634+07	241	DR.L1.MD1_GS_LT2	LT2.O	Каскад 1	Шкаф гидравлики	SOL1..9	2024-09-11 12:50:09.881457+07	\N	1	1	6	15	28	f
630	2024-09-11 12:50:10.060713+07	242	DR.L1.MD1_GS_LT3	LT3.O	Каскад 1	Шкаф гидравлики	SOL1..9	2024-09-11 12:50:10.060534+07	\N	1	1	6	16	28	f
631	2024-09-11 12:50:10.226436+07	243	DR.L1.MD1_GS_CMD_Lmp_On_TA_m	LT5.O	Каскад 1	Шкаф гидравлики	SOL1..9	2024-09-11 12:50:10.226251+07	\N	1	1	6	17	28	f
632	2024-09-11 12:50:10.409332+07	244	DR.L1.MD1_GS_P_Zazh	PIT-1.I	Каскад 1	Шкаф гидравлики	SOL1..9	2024-09-11 12:50:10.409158+07	\N	1	5	2	1	29	f
633	2024-09-11 12:50:10.577956+07	245	DR.L1.MD1_GS_P_Vigr	PIT-2.I	Каскад 1	Шкаф гидравлики	SOL1..9	2024-09-11 12:50:10.57777+07	\N	1	5	2	2	29	f
634	2024-09-11 12:50:10.744896+07	246	DR.L1.MD1_GS_FK	PIT-6.I	Каскад 1	Шкаф гидравлики	SOL1..9	2024-09-11 12:50:10.744713+07	\N	1	5	2	3	29	f
635	2024-09-11 12:50:10.906768+07	247	DR.L1.MD1_GS_T_m	TIT-1.I	Каскад 1	Шкаф гидравлики	SOL1..9	2024-09-11 12:50:10.906588+07	\N	1	5	2	4	29	f
636	2024-09-11 12:50:11.086161+07	248	248	FIC-01.SP	Каскад 1	ПИД	1PID	2024-09-11 12:50:11.085973+07	\N	1	8	1	0	\N	f
637	2024-09-11 12:50:11.24728+07	249	249	1M1.MVSP	Каскад 1	ПИД	1PID	2024-09-11 12:50:11.247106+07	\N	1	8	1	0	\N	f
638	2024-09-11 12:50:11.428502+07	250	250	11M1.SP	Каскад 1	ПИД	11PID	2024-09-11 12:50:11.428319+07	\N	1	8	1	0	\N	f
639	2024-09-11 12:50:11.592315+07	251	251	11M1.MVSP	Каскад 1	ПИД	11PID	2024-09-11 12:50:11.592145+07	\N	1	8	1	0	\N	f
640	2024-09-11 12:50:11.757196+07	252	252	LIC-03.SP	Каскад 1	ПИД	24PID	2024-09-11 12:50:11.756998+07	\N	1	8	1	0	\N	f
641	2024-09-11 12:50:11.921752+07	253	253	24M1.MVSP	Каскад 1	ПИД	24PID	2024-09-11 12:50:11.921564+07	\N	1	8	1	0	\N	f
642	2024-09-11 12:50:12.083674+07	254	254	ALARML	Каскад 1	Последовательность	1.Cascad	2024-09-11 12:50:12.083488+07	\N	1	8	7	0	\N	f
643	2024-09-11 12:50:12.254073+07	255	255	DT-14-11.F	Каскад 1	Маслосистема	M1	2024-09-11 12:50:12.253884+07	\N	1	8	7	0	\N	f
644	2024-09-11 12:50:12.43359+07	256	256	2ZS_BOTH_OPCL	Каскад 1	Маслосистема	M1	2024-09-11 12:50:12.433381+07	\N	1	8	7	0	\N	f
468	2024-09-11 12:44:25.458763+07	80	DR.L1.SD1_MSS.FTR1_Clog	XS-01.I	Каскад 1	Гидравлическая система	SV1-01..8	2024-09-11 12:44:25.458588+07	\N	1	1	2	6	19	f
479	2024-09-11 12:44:27.315358+07	91	DR.L1.SD1_NS_ST_Started	16M1.R.I	Каскад 1	Смазочный насос	16M1	2024-09-11 12:44:27.315145+07	\N	1	1	2	18	19	f
538	2024-09-11 12:44:37.516712+07	150	DR.L1.MD1_OV1_ST_PMU_Started	HS-10.I	Каскад 1	Охладитель вентилятора 1	29M1	2024-09-11 12:44:37.516541+07	\N	1	1	2	26	21	f
565	2024-09-11 12:44:42.215204+07	177	DR.L1.MD1_NS1_CMD_Start	27M1.STR.O	Каскад 1	Смазочный насос 1	27M1	2024-09-11 12:44:42.215029+07	\N	1	1	6	23	24	f
628	2024-09-11 12:50:09.717793+07	240	DR.L1.MD1_GS.FTR_CMD_Lmp_On_Clog	LT6.O	Каскад 1	Шкаф гидравлики	SOL1..9	2024-09-11 12:50:09.717608+07	\N	1	1	6	12	28	f
647	2024-09-11 12:50:12.949578+07	259	DR.L1.SEQ.Mode_Local	LOCAL	Каскад 1	Последовательность	1.Cascad	2024-09-11 12:50:12.949391+07	\N	1	8	7	0	\N	f
649	2024-09-11 12:57:37.713451+07	261	DR.L1.SD1_GS.Gap_Calib_Perm	MS-01.K	Каскад 1	Гидравлическая система	SV1-01..8	2024-09-11 12:57:37.713264+07	\N	1	8	1	0	\N	f
650	2024-09-11 12:57:37.902349+07	262	DR.L1.MD1_GS.Gap_Calib_Perm	MS-03.K	Каскад 1	Шкаф гидравлики	SOL1..9	2024-09-11 12:57:37.902177+07	\N	1	8	1	0	\N	f
651	2024-09-11 12:57:38.10571+07	263	DR.L1.SD1_GS_Gap_SP	MS-01.SP	Каскад 1	Гидравлическая система	SV1-01..8	2024-09-11 12:57:38.105433+07	\N	1	8	1	0	\N	f
652	2024-09-11 12:57:38.269715+07	264	DR.L1.MD1_GS.Gap_SP	MS-03.SP	Каскад 1	Шкаф гидравлики	SOL1..9	2024-09-11 12:57:38.269522+07	\N	1	8	1	0	\N	f
653	2024-09-11 12:57:38.435795+07	265	DR.L1.SD1_GS.Gap_PV	MS-01.ME	Каскад 1	Гидравлическая система	SV1-01..8	2024-09-11 12:57:38.435536+07	\N	1	8	1	0	\N	f
654	2024-09-11 12:57:38.64317+07	266	DR.L1.MD1_GS.Gap_PV	MS-03.ME	Каскад 1	Шкаф гидравлики	SOL1..9	2024-09-11 12:57:38.642985+07	\N	1	8	1	0	\N	f
655	2024-09-11 12:57:38.835184+07	267	DR.L1.SD1_GS.Gap_Corr_Perm	MS-01.OP	Каскад 1	Гидравлическая система	SV1-01..8	2024-09-11 12:57:38.834954+07	\N	1	8	1	0	\N	f
656	2024-09-11 12:57:39.000533+07	268	DR.L1.MD1_GS.Gap_Corr_Perm	MS-03.OP	Каскад 1	Шкаф гидравлики	SOL1..9	2024-09-11 12:57:39.000328+07	\N	1	8	1	0	\N	f
657	2024-09-11 12:57:39.186075+07	269	DR.L1.SD1_GS.Underlay_Thickness	MS-01.d0	Каскад 1	Гидравлическая система	SV1-01..8	2024-09-11 12:57:39.185891+07	\N	1	8	1	0	\N	f
658	2024-09-11 12:57:39.357993+07	270	DR.L1.MD1_GS.Underlay_Thickness	MS-03.d0	Каскад 1	Шкаф гидравлики	SOL1..9	2024-09-11 12:57:39.357787+07	\N	1	8	1	0	\N	f
659	2024-09-11 12:57:39.52442+07	271	DR.L1.SD1_GS.Gap_Calc	MS-01.C	Каскад 1	Гидравлическая система	SV1-01..8	2024-09-11 12:57:39.524159+07	\N	1	8	7	0	\N	f
660	2024-09-11 12:57:39.692459+07	272	DR.L1.MD1_GS.Gap_Calc	MS-03.C	Каскад 1	Шкаф гидравлики	SOL1..9	2024-09-11 12:57:39.692282+07	\N	1	8	7	0	\N	f
661	2024-09-11 12:57:39.85693+07	273	DR.L1.SD1_GS.Delta_PV_SP	MS-01.D	Каскад 1	Гидравлическая система	SV1-01..8	2024-09-11 12:57:39.856743+07	\N	1	8	7	0	\N	f
662	2024-09-11 12:57:40.027592+07	274	DR.L1.MD1_GS.Delta_PV_SP	MS-03.D	Каскад 1	Шкаф гидравлики	SOL1..9	2024-09-11 12:57:40.027389+07	\N	1	8	7	0	\N	f
663	2024-09-11 12:57:40.240402+07	275	DR.L1.MD1_GS.CMD_Start_Zazh_Manual	SS4.M	Каскад 1	Шкаф гидравлики	SOL9	2024-09-11 12:57:40.240231+07	\N	1	8	7	0	\N	f
664	2024-09-11 12:57:40.41371+07	276	DR.L1.MD1_GS.P_FK_Max	PIT-6.M	Каскад 1	Шкаф гидравлики	SOL3	2024-09-11 12:57:40.413526+07	\N	1	8	7	0	\N	f
665	2024-09-11 12:57:40.57777+07	277	DR.L1.MD1_GS.FK_On	PIT-6.S	Каскад 1	Шкаф гидравлики	SOL3	2024-09-11 12:57:40.577586+07	\N	1	8	7	0	\N	f
666	2024-09-11 12:57:40.745205+07	278	DR.L1.MD1_GS.CMD_Lmp_m_HL	LT4.С	Каскад 1	Шкаф гидравлики	SOL1..9	2024-09-11 12:57:40.745033+07	\N	1	8	7	0	\N	f
667	2024-09-11 12:57:40.922521+07	279	DR.L1.MD1_GS.CMD_Lmp_FTR_Clog	LT6.С	Каскад 1	Шкаф гидравлики	SOL1..9	2024-09-11 12:57:40.922346+07	\N	1	8	7	0	\N	f
669	2024-09-11 12:57:41.296296+07	281	DR.L1.MD1_GS.CMD_Lmp_Razh_HL	LT3.С	Каскад 1	Шкаф гидравлики	SOL1..9	2024-09-11 12:57:41.296079+07	\N	1	8	7	0	\N	f
670	2024-09-11 12:57:41.475966+07	282	DR.L1.MD1_GS.CMD_Lmp_m_TA	LT5.С	Каскад 1	Шкаф гидравлики	SOL1..9	2024-09-11 12:57:41.475758+07	\N	1	8	7	0	\N	f
671	2024-09-11 12:57:41.64083+07	283	DR.L1.SD1_GS.ST_Started	MS-01.M	Каскад 1	Гидравлическая система	SV1-01..8	2024-09-11 12:57:41.640654+07	\N	1	8	1	0	\N	f
672	2024-09-11 12:57:41.816399+07	284	DR.L1.MD1_GS.ST_Started	MS-03.M	Каскад 1	Шкаф гидравлики	SOL1..9	2024-09-11 12:57:41.816228+07	\N	1	8	1	0	\N	f
673	2024-09-11 12:57:41.983223+07	285	DR.L1.MD1_GS.CMD_Start_Zazh_Auto	PIT-1.C	Каскад 1	Шкаф гидравлики	SOL1..9	2024-10-16 11:33:50.874815+07	1	1	8	7	0	\N	f
668	2024-09-11 12:57:41.112266+07	280	DR.L1.MD1_GS.CMD_Lmp_Zazh_HL	LT2.С	Каскад 1	Шкаф гидравлики	SOL1..9	2024-09-23 13:54:45.634025+07	1	1	8	7	0	\N	f
648	2024-09-11 12:50:13.114658+07	260	DR.L1.PIT3.L	LIC-02.HILO	Каскад 1	ПИД	1PID	2024-11-15 11:40:25.187289+07	1	1	8	7	0	\N	f
\.


--
-- TOC entry 3777 (class 0 OID 17926)
-- Dependencies: 248
-- Data for Name: variables_cnfvariabledatatype; Type: TABLE DATA; Schema: public; Owner: postgres
--

COPY public.variables_cnfvariabledatatype (id, n_type_value, c_type_name, c_type_desc) FROM stdin;
1	1	DATA_REF_TYPE_BOOL	BOOL (0x01)
2	2	DATA_REF_TYPE_BYTE	BYTE (0x02)
3	3	DATA_REF_TYPE_CHAR	CHAR (0x03)
4	4	DATA_REF_TYPE_WORD	WORD (0x04)
5	5	DATA_REF_TYPE_INT	INT (0x05)
6	6	DATA_REF_TYPE_DWORD	WORD (0x06)
7	7	DATA_REF_TYPE_DINT	DINT (0x07)
8	8	DATA_REF_TYPE_REAL	REAL (0x08)
\.


--
-- TOC entry 3779 (class 0 OID 17934)
-- Dependencies: 250
-- Data for Name: variables_cnfvariabletype; Type: TABLE DATA; Schema: public; Owner: postgres
--

COPY public.variables_cnfvariabletype (id, n_type_value, c_type_name, c_type_desc) FROM stdin;
1	1	TYPE_INTERNAL	Внутренняя (без источника)
2	2	TYPE_PI	Источник - образ процесса  (входные модули)
3	3	TYPE_RDB	Источник - разделяемый блок данных (Чтение)
6	6	TYPE_PO	Приемник - образ процесса (выходные модули)
7	7	TYPE_CALC	Расчетная
8	8	TYPE_RPM	Источник -  внутренние регистры
9	9	TYPE_WPM	Приемник - внутренние регистры
10	10	TYPE_WDB	Приемник - разделяемый блок данных (Запись)
\.


--
-- TOC entry 3781 (class 0 OID 17942)
-- Dependencies: 252
-- Data for Name: variables_cnfvariablevalue; Type: TABLE DATA; Schema: public; Owner: postgres
--

COPY public.variables_cnfvariablevalue (id, f_value, c_note, c_formula, n_attribute_id, n_variable_id) FROM stdin;
20992	0	---		27	563
20994	0	---		29	563
20995	0	---		30	563
20996	0	---		32	563
20997	0	---		34	563
20998	0	---		35	563
20999	1	---		36	563
21000	0	---		41	563
21001	1	---		42	563
21002	0	---		43	563
21003	2059	---		64	563
21004	0	---		37	563
21005	0	---		38	563
21006	0	---		39	563
21007	0	---		40	563
21008	0	---		130	563
21009	1	---		44	563
21011	0	---		46	563
21012	1	---		47	563
21013	0	---		48	563
21014	0	---		49	563
21015	0	---		50	563
21016	0	---		51	563
21017	0	---		52	563
21018	0	---		53	563
21019	0	---		54	563
21020	1	---		55	563
21021	0	---		56	563
21022	0	---		57	563
21023	0	---		58	563
21024	0	---		59	563
21025	0	---		60	563
21026	0	---		61	563
21028	0	---		63	563
21029	0	---		25	564
21030	0	---		26	564
21031	0	---		27	564
21032	0	---		28	564
21033	0	---		29	564
21034	0	---		30	564
21035	0	---		32	564
21036	0	---		34	564
21037	0	---		35	564
21038	1	---		36	564
21039	0	---		41	564
21040	1	---		42	564
21041	0	---		43	564
21042	2059	---		64	564
21043	0	---		37	564
21045	0	---		39	564
21046	0	---		40	564
21047	0	---		130	564
21048	1	---		44	564
21049	1	---		45	564
21050	0	---		46	564
21051	1	---		47	564
21052	0	---		48	564
21053	0	---		49	564
21054	0	---		50	564
21055	0	---		51	564
21056	0	---		52	564
21057	0	---		53	564
21058	0	---		54	564
21059	1	---		55	564
21060	0	---		56	564
21062	0	---		58	564
21063	0	---		59	564
21064	0	---		60	564
21065	0	---		61	564
21066	0	---		62	564
21067	0	---		63	564
21068	0	---		25	565
21069	0	---		26	565
21070	0	---		27	565
21071	0	---		28	565
21072	0	---		29	565
21073	0	---		30	565
21074	0	---		32	565
21075	0	---		34	565
21076	0	---		35	565
21077	1	---		36	565
21079	1	---		42	565
21080	0	---		43	565
21081	2059	---		64	565
21082	0	---		37	565
21083	0	---		38	565
21084	0	---		39	565
21085	0	---		40	565
21086	0	---		130	565
21087	1	---		44	565
21088	1	---		45	565
21089	0	---		46	565
21090	1	---		47	565
21091	0	---		48	565
21092	0	---		49	565
21093	0	---		50	565
21094	0	---		51	565
21096	0	---		53	565
21097	0	---		54	565
21098	1	---		55	565
21099	0	---		56	565
21100	0	---		57	565
21101	0	---		58	565
21102	0	---		59	565
21103	0	---		60	565
21104	0	---		61	565
21105	0	---		62	565
21106	0	---		63	565
21107	0	---		25	566
21108	0	---		26	566
21109	0	---		27	566
14366	0	---		32	393
21112	0	---		30	566
21114	0	---		34	566
21115	0	---		35	566
21116	1	---		36	566
21117	0	---		41	566
21118	1	---		42	566
21119	0	---		43	566
21120	2059	---		64	566
21121	0	---		37	566
21122	0	---		38	566
21123	0	---		39	566
21124	0	---		40	566
21125	0	---		130	566
21126	1	---		44	566
21127	1	---		45	566
21128	0	---		46	566
21129	1	---		47	566
21131	0	---		49	566
21132	0	---		50	566
21133	0	---		51	566
21134	0	---		52	566
21135	0	---		53	566
21136	0	---		54	566
21137	1	---		55	566
21138	0	---		56	566
21139	0	---		57	566
21140	0	---		58	566
21141	0	---		59	566
21142	0	---		60	566
21143	0	---		61	566
21144	0	---		62	566
21145	0	---		63	566
21146	0	---		25	567
21148	0	---		27	567
21149	0	---		28	567
21150	0	---		29	567
21151	0	---		30	567
21152	0	---		32	567
21153	0	---		34	567
21154	0	---		35	567
21155	1	---		36	567
21156	0	---		41	567
21157	1	---		42	567
21158	0	---		43	567
21159	2059	---		64	567
21160	0	---		37	567
21161	0	---		38	567
21162	0	---		39	567
21163	0	---		40	567
21165	1	---		44	567
21166	1	---		45	567
21167	0	---		46	567
21168	1	---		47	567
21169	0	---		48	567
21170	0	---		49	567
21171	0	---		50	567
21172	0	---		51	567
21173	0	---		52	567
21174	0	---		53	567
21175	0	---		54	567
21176	1	---		55	567
21177	0	---		56	567
21178	0	---		57	567
21179	0	---		58	567
21180	0	---		59	567
21182	0	---		61	567
21183	0	---		62	567
21184	0	---		63	567
21185	0	---		25	568
21186	0	---		26	568
21187	0	---		27	568
21188	0	---		28	568
21189	0	---		29	568
21190	0	---		30	568
21191	0	---		32	568
21192	0	---		34	568
21193	0	---		35	568
21194	1	---		36	568
21195	0	---		41	568
21196	1	---		42	568
21197	0	---		43	568
21199	0	---		37	568
21200	0	---		38	568
21201	0	---		39	568
21202	0	---		40	568
21203	0	---		130	568
21204	1	---		44	568
21205	1	---		45	568
21206	0	---		46	568
21207	1	---		47	568
21208	0	---		48	568
21209	0	---		49	568
21210	0	---		50	568
21211	0	---		51	568
21212	0	---		52	568
21213	0	---		53	568
21214	0	---		54	568
21216	0	---		56	568
21217	0	---		57	568
21218	0	---		58	568
21219	0	---		59	568
21220	0	---		60	568
21221	0	---		61	568
21222	0	---		62	568
21223	0	---		63	568
21224	0	---		25	569
21225	0	---		26	569
21226	0	---		27	569
21227	0	---		28	569
21228	0	---		29	569
21229	0	---		30	569
14403	32767	---		29	394
14660	0	---		52	400
21232	0	---		35	569
21234	0	---		41	569
21235	1	---		42	569
21236	0	---		43	569
21237	2059	---		64	569
21238	0	---		37	569
21239	0	---		38	569
21240	0	---		39	569
21241	0	---		40	569
21242	0	---		130	569
21243	1	---		44	569
21244	1	---		45	569
21245	0	---		46	569
21246	1	---		47	569
21247	0	---		48	569
21248	0	---		49	569
21249	0	---		50	569
21251	0	---		52	569
21252	0	---		53	569
21253	0	---		54	569
21254	1	---		55	569
21255	0	---		56	569
21256	0	---		57	569
21257	0	---		58	569
21258	0	---		59	569
21259	0	---		60	569
21260	0	---		61	569
21261	0	---		62	569
21262	0	---		63	569
21263	0	---		25	570
21264	0	---		26	570
21265	0	---		27	570
21266	0	---		28	570
21268	0	---		30	570
21269	0	---		32	570
21270	0	---		34	570
21271	0	---		35	570
21272	1	---		36	570
21273	0	---		41	570
21274	1	---		42	570
21275	0	---		43	570
21276	2059	---		64	570
21277	0	---		37	570
21278	0	---		38	570
21279	0	---		39	570
21280	0	---		40	570
21281	0	---		130	570
21282	1	---		44	570
21283	1	---		45	570
21285	1	---		47	570
21286	0	---		48	570
21287	0	---		49	570
21288	0	---		50	570
21289	0	---		51	570
21290	0	---		52	570
21291	0	---		53	570
21292	0	---		54	570
21293	1	---		55	570
21294	0	---		56	570
21295	0	---		57	570
21296	0	---		58	570
21297	0	---		59	570
21298	0	---		60	570
21299	0	---		61	570
21300	0	---		62	570
21302	0	---		25	571
21303	0	---		26	571
21304	0	---		27	571
21305	0	---		28	571
21306	0	---		29	571
21307	0	---		30	571
21308	0	---		32	571
21309	0	---		34	571
21310	0	---		35	571
21311	1	---		36	571
21312	0	---		41	571
21313	1	---		42	571
21314	0	---		43	571
21315	2059	---		64	571
21316	0	---		37	571
21317	0	---		38	571
21319	0	---		40	571
21320	0	---		130	571
21321	1	---		44	571
21322	1	---		45	571
21323	0	---		46	571
21324	1	---		47	571
21325	0	---		48	571
21326	0	---		49	571
21327	0	---		50	571
21328	0	---		51	571
21329	0	---		52	571
21330	0	---		53	571
21331	0	---		54	571
21332	1	---		55	571
21333	0	---		56	571
21334	0	---		57	571
21336	0	---		59	571
21337	0	---		60	571
21338	0	---		61	571
21339	0	---		62	571
21340	0	---		63	571
21341	0	---		25	572
21342	0	---		26	572
21343	0	---		27	572
21344	0	---		28	572
21345	0	---		29	572
21346	0	---		30	572
21347	0	---		32	572
21348	0	---		34	572
21349	0	---		35	572
14917	93	---		42	407
21352	1	---		42	572
21354	2059	---		64	572
21355	0	---		37	572
21356	0	---		38	572
21357	0	---		39	572
21358	0	---		40	572
21359	0	---		130	572
21360	1	---		44	572
21361	1	---		45	572
21362	0	---		46	572
21363	1	---		47	572
21364	0	---		48	572
21365	0	---		49	572
21366	0	---		50	572
21367	0	---		51	572
21368	0	---		52	572
21369	0	---		53	572
21371	1	---		55	572
21372	0	---		56	572
21373	0	---		57	572
21374	0	---		58	572
21375	0	---		59	572
21376	0	---		60	572
21377	0	---		61	572
21378	0	---		62	572
21379	0	---		63	572
21380	0	---		25	573
21381	0	---		26	573
21382	0	---		27	573
21383	0	---		28	573
21384	0	---		29	573
21385	0	---		30	573
21386	0	---		32	573
21388	0	---		35	573
21389	1	---		36	573
21390	0	---		41	573
21391	1	---		42	573
21392	0	---		43	573
21393	2059	---		64	573
21394	0	---		37	573
21395	0	---		38	573
21396	0	---		39	573
21397	0	---		40	573
21398	0	---		130	573
21399	1	---		44	573
21400	1	---		45	573
21401	0	---		46	573
21402	1	---		47	573
21403	0	---		48	573
21405	0	---		50	573
21406	0	---		51	573
21407	0	---		52	573
21408	0	---		53	573
21409	0	---		54	573
21410	1	---		55	573
21411	0	---		56	573
21412	0	---		57	573
21413	0	---		58	573
21414	0	---		59	573
21415	0	---		60	573
21416	0	---		61	573
21417	0	---		62	573
21418	0	---		63	573
21419	0	---		25	574
21420	0	---		26	574
21422	0	---		28	574
21423	0	---		29	574
21424	0	---		30	574
21425	0	---		32	574
21426	0	---		34	574
21427	0	---		35	574
21428	1	---		36	574
21429	0	---		41	574
21430	1	---		42	574
21431	0	---		43	574
21432	2059	---		64	574
21433	0	---		37	574
21434	0	---		38	574
21435	0	---		39	574
21436	0	---		40	574
21437	0	---		130	574
21439	1	---		45	574
21440	0	---		46	574
21441	1	---		47	574
21442	0	---		48	574
21443	0	---		49	574
21444	0	---		50	574
21445	0	---		51	574
21446	0	---		52	574
21447	0	---		53	574
21448	0	---		54	574
21449	1	---		55	574
21450	0	---		56	574
21451	0	---		57	574
21452	0	---		58	574
21453	0	---		59	574
21454	0	---		60	574
21456	0	---		62	574
21457	0	---		63	574
21458	0	---		25	575
21459	0	---		26	575
21460	0	---		27	575
21461	0	---		28	575
21462	0	---		29	575
21463	0	---		30	575
21464	0	---		32	575
21465	0	---		34	575
21466	0	---		35	575
21467	1	---		36	575
21468	0	---		41	575
21469	1	---		42	575
15174	0	---		59	413
21472	0	---		37	575
21474	0	---		39	575
21475	0	---		40	575
21476	0	---		130	575
21477	1	---		44	575
21478	1	---		45	575
21479	0	---		46	575
21480	1	---		47	575
21481	0	---		48	575
21482	0	---		49	575
21483	0	---		50	575
21484	0	---		51	575
21485	0	---		52	575
21486	0	---		53	575
21487	0	---		54	575
21488	1	---		55	575
21489	0	---		56	575
21491	0	---		58	575
21492	0	---		59	575
21493	0	---		60	575
21494	0	---		61	575
21495	0	---		62	575
21496	0	---		63	575
21497	0	---		25	576
21498	0	---		26	576
21499	0	---		27	576
21500	0	---		28	576
21501	0	---		29	576
21502	0	---		30	576
21503	0	---		32	576
21504	0	---		34	576
21505	0	---		35	576
21506	1	---		36	576
21508	1	---		42	576
21509	0	---		43	576
21510	2059	---		64	576
21511	0	---		37	576
21512	0	---		38	576
21513	0	---		39	576
21514	0	---		40	576
21515	0	---		130	576
21516	1	---		44	576
21517	1	---		45	576
21518	0	---		46	576
21519	1	---		47	576
21520	0	---		48	576
21521	0	---		49	576
21522	0	---		50	576
21523	0	---		51	576
21525	0	---		53	576
21526	0	---		54	576
21527	1	---		55	576
21528	0	---		56	576
21529	0	---		57	576
21530	0	---		58	576
21531	0	---		59	576
21532	0	---		60	576
21533	0	---		61	576
21534	0	---		62	576
21535	0	---		63	576
21536	0	---		25	577
21537	0	---		26	577
21538	0	---		27	577
21539	0	---		28	577
21540	0	---		29	577
21542	0	---		32	577
21543	0	---		34	577
21544	0	---		35	577
21545	1	---		36	577
21546	0	---		41	577
21547	1	---		42	577
21548	0	---		43	577
21549	2059	---		64	577
21550	0	---		37	577
21551	0	---		38	577
21552	0	---		39	577
21553	0	---		40	577
21554	0	---		130	577
21555	1	---		44	577
21556	1	---		45	577
21557	0	---		46	577
21559	0	---		48	577
21560	0	---		49	577
21561	0	---		50	577
21562	0	---		51	577
21563	0	---		52	577
21564	0	---		53	577
21565	0	---		54	577
21566	1	---		55	577
21567	0	---		56	577
21568	0	---		57	577
21569	0	---		58	577
21570	0	---		59	577
21571	0	---		60	577
21572	0	---		61	577
21573	0	---		62	577
21574	0	---		63	577
21576	0	---		26	578
21577	0	---		27	578
21578	0	---		28	578
21579	0	---		29	578
21580	0	---		30	578
21581	0	---		32	578
21582	0	---		34	578
21583	0	---		35	578
21584	1	---		36	578
21585	0	---		41	578
21586	1	---		42	578
21587	0	---		43	578
21588	2059	---		64	578
21589	0	---		37	578
15431	0	---		130	420
21592	0	---		40	578
21594	1	---		44	578
21595	1	---		45	578
21596	0	---		46	578
21597	1	---		47	578
21598	0	---		48	578
21599	0	---		49	578
21600	0	---		50	578
21601	0	---		51	578
21602	0	---		52	578
21603	0	---		53	578
21604	0	---		54	578
21605	1	---		55	578
21606	0	---		56	578
21607	0	---		57	578
21608	0	---		58	578
21609	0	---		59	578
21611	0	---		61	578
21612	0	---		62	578
21613	0	---		63	578
21614	0	---		25	579
21615	0	---		26	579
21616	0	---		27	579
21617	0	---		28	579
21618	0	---		29	579
21619	0	---		30	579
21620	0	---		32	579
21621	0	---		34	579
21622	0	---		35	579
21623	1	---		36	579
21624	0	---		41	579
21625	1	---		42	579
21626	0	---		43	579
21628	0	---		37	579
21629	0	---		38	579
21630	0	---		39	579
21631	0	---		40	579
21632	0	---		130	579
21633	1	---		44	579
21634	1	---		45	579
21635	0	---		46	579
21636	1	---		47	579
21637	0	---		48	579
21638	0	---		49	579
21639	0	---		50	579
21640	0	---		51	579
21641	0	---		52	579
21642	0	---		53	579
21643	0	---		54	579
21645	0	---		56	579
21646	0	---		57	579
21647	0	---		58	579
21648	0	---		59	579
21649	0	---		60	579
21650	0	---		61	579
21651	0	---		62	579
21652	0	---		63	579
21653	0	---		25	580
21654	0	---		26	580
21655	0	---		27	580
21656	0	---		28	580
21657	0	---		29	580
21658	0	---		30	580
21659	0	---		32	580
21660	0	---		34	580
21662	1	---		36	580
21663	0	---		41	580
21664	1	---		42	580
21665	0	---		43	580
21666	2059	---		64	580
21667	0	---		37	580
21668	0	---		38	580
21669	0	---		39	580
21670	0	---		40	580
21671	0	---		130	580
21672	1	---		44	580
21673	1	---		45	580
21674	0	---		46	580
21675	1	---		47	580
21676	0	---		48	580
21677	0	---		49	580
21679	0	---		51	580
21680	0	---		52	580
21681	0	---		53	580
21682	0	---		54	580
21683	1	---		55	580
21684	0	---		56	580
21685	0	---		57	580
21686	0	---		58	580
21687	0	---		59	580
21688	0	---		60	580
21689	0	---		61	580
21690	0	---		62	580
21691	0	---		63	580
21692	0	---		25	581
21693	0	---		26	581
21694	0	---		27	581
21696	0	---		29	581
21697	0	---		30	581
21698	0	---		32	581
21699	1	---		34	581
21700	0	---		35	581
21701	1	---		36	581
21702	1	---		41	581
21703	1	---		42	581
21704	0	---		43	581
21705	2059	---		64	581
21706	0	---		37	581
21707	0	---		38	581
21708	0	---		39	581
21709	0	---		40	581
15686	0.5	---		25	427
21712	1	---		45	581
21714	1	---		47	581
21715	0	---		48	581
21716	0	---		49	581
21717	0	---		50	581
21718	0	---		51	581
21719	0	---		52	581
21720	0	---		53	581
21721	0	---		54	581
21722	1	---		55	581
21723	0	---		56	581
21724	0	---		57	581
21725	0	---		58	581
21726	0	---		59	581
21727	0	---		60	581
21728	0	---		61	581
21729	0	---		62	581
21731	0	---		25	582
21732	0	---		26	582
21733	0	---		27	582
21734	0	---		28	582
21735	0	---		29	582
21736	0	---		30	582
21737	0	---		32	582
21738	0	---		34	582
21739	0	---		35	582
21740	1	---		36	582
21741	0	---		41	582
21742	1	---		42	582
21743	0	---		43	582
21744	2059	---		64	582
21745	0	---		37	582
21746	0	---		38	582
21748	0	---		40	582
21749	0	---		130	582
21750	1	---		44	582
21751	1	---		45	582
21752	0	---		46	582
21753	1	---		47	582
21754	0	---		48	582
21755	0	---		49	582
21756	0	---		50	582
21757	0	---		51	582
21758	0	---		52	582
21759	0	---		53	582
21760	0	---		54	582
21761	1	---		55	582
21762	0	---		56	582
21763	0	---		57	582
21765	0	---		59	582
21766	0	---		60	582
21767	0	---		61	582
21768	0	---		62	582
21769	0	---		63	582
21770	0	---		25	583
21771	0	---		26	583
21772	0	---		27	583
21773	0	---		28	583
21774	0	---		29	583
21775	0	---		30	583
21776	0	---		32	583
21777	0	---		34	583
21778	0	---		35	583
21779	1	---		36	583
21780	0	---		41	583
21782	0	---		43	583
21783	2059	---		64	583
21784	0	---		37	583
21785	0	---		38	583
21786	0	---		39	583
21787	0	---		40	583
21788	0	---		130	583
21789	1	---		44	583
21790	1	---		45	583
21791	0	---		46	583
21792	1	---		47	583
21793	0	---		48	583
21794	0	---		49	583
21795	0	---		50	583
21796	0	---		51	583
21797	0	---		52	583
21799	0	---		54	583
21800	1	---		55	583
21801	0	---		56	583
21802	0	---		57	583
21803	0	---		58	583
21804	0	---		59	583
21805	0	---		60	583
21806	0	---		61	583
21807	0	---		62	583
21808	0	---		63	583
21809	0	---		25	584
21810	0	---		26	584
21811	0	---		27	584
21812	0	---		28	584
21813	0	---		29	584
21814	0	---		30	584
21816	0	---		34	584
21817	0	---		35	584
21818	1	---		36	584
21819	0	---		41	584
21820	1	---		42	584
21821	0	---		43	584
21822	2059	---		64	584
21823	0	---		37	584
21824	0	---		38	584
21825	0	---		39	584
21826	0	---		40	584
21827	0	---		130	584
21828	1	---		44	584
21829	1	---		45	584
15929	1500	---		36	433
21832	0	---		48	584
21834	0	---		50	584
21835	0	---		51	584
21836	0	---		52	584
21837	0	---		53	584
21838	0	---		54	584
21839	1	---		55	584
21840	0	---		56	584
21841	0	---		57	584
21842	0	---		58	584
21843	0	---		59	584
21844	0	---		60	584
21845	0	---		61	584
21846	0	---		62	584
21847	0	---		63	584
21848	0	---		25	585
21849	0	---		26	585
21851	0	---		28	585
21852	0	---		29	585
21853	0	---		30	585
21854	0	---		32	585
21855	0	---		34	585
21856	0	---		35	585
21857	1	---		36	585
21858	0	---		41	585
21859	1	---		42	585
21860	0	---		43	585
21861	2059	---		64	585
21862	0	---		37	585
21863	0	---		38	585
21864	0	---		39	585
21865	0	---		40	585
21866	0	---		130	585
21868	1	---		45	585
21869	0	---		46	585
21870	1	---		47	585
21871	0	---		48	585
21872	0	---		49	585
21873	0	---		50	585
21874	0	---		51	585
21875	0	---		52	585
21876	0	---		53	585
21877	0	---		54	585
21878	1	---		55	585
21879	0	---		56	585
21880	0	---		57	585
21881	0	---		58	585
21882	0	---		59	585
21883	0	---		60	585
21885	0	---		62	585
21886	0	---		63	585
21887	0	---		25	586
21888	0	---		26	586
21889	0	---		27	586
21890	0	---		28	586
21891	0	---		29	586
21892	0	---		30	586
21893	0	---		32	586
21894	0	---		34	586
21895	0	---		35	586
21896	1	---		36	586
21897	0	---		41	586
21898	1	---		42	586
21899	0	---		43	586
21900	2059	---		64	586
21902	0	---		38	586
21903	0	---		39	586
21904	0	---		40	586
21905	0	---		130	586
21906	1	---		44	586
21907	1	---		45	586
21908	0	---		46	586
21909	1	---		47	586
21910	0	---		48	586
21911	0	---		49	586
21912	0	---		50	586
21913	0	---		51	586
21914	0	---		52	586
21915	0	---		53	586
21916	0	---		54	586
21917	1	---		55	586
21919	0	---		57	586
21920	0	---		58	586
21921	0	---		59	586
21922	0	---		60	586
21923	0	---		61	586
21924	0	---		62	586
21925	0	---		63	586
21926	0	---		25	587
21927	0	---		26	587
21928	0	---		27	587
21929	0	---		28	587
21930	0	---		29	587
21931	0	---		30	587
21932	0	---		32	587
21933	0	---		34	587
21934	0	---		35	587
21936	0	---		41	587
21937	1	---		42	587
21938	0	---		43	587
21939	2059	---		64	587
21940	0	---		37	587
21941	0	---		38	587
21942	0	---		39	587
21943	0	---		40	587
21944	0	---		130	587
21945	1	---		44	587
21946	1	---		45	587
21947	0	---		46	587
21948	1	---		47	587
21949	0	---		48	587
14205	0	---		26	389
14243	0.5	---		25	390
14244	0	---		26	390
14245	32000	---		27	390
21950	0	---		49	587
21951	0	---		50	587
21952	0	---		51	587
21953	0	---		52	587
21954	0	---		53	587
21955	0	---		54	587
21956	1	---		55	587
21957	0	---		56	587
21958	0	---		57	587
21959	0	---		58	587
21960	0	---		59	587
21961	0	---		60	587
21963	0	---		62	587
21964	0	---		63	587
21965	0	---		25	588
21966	0	---		26	588
21967	0	---		27	588
21968	0	---		28	588
21969	0	---		29	588
21970	0	---		30	588
21971	0	---		32	588
21972	0	---		34	588
21973	0	---		35	588
21974	1	---		36	588
21975	0	---		41	588
21976	1	---		42	588
21977	0	---		43	588
21978	2059	---		64	588
21980	0	---		38	588
21981	0	---		39	588
21982	0	---		40	588
21983	0	---		130	588
21984	1	---		44	588
21985	1	---		45	588
21986	0	---		46	588
21987	1	---		47	588
21988	0	---		48	588
21989	0	---		49	588
21990	0	---		50	588
21991	0	---		51	588
21992	0	---		52	588
21993	0	---		53	588
21994	0	---		54	588
21995	1	---		55	588
21997	0	---		57	588
21998	0	---		58	588
21999	0	---		59	588
22000	0	---		60	588
22001	0	---		61	588
22002	0	---		62	588
22003	0	---		63	588
22004	0	---		25	589
22005	0	---		26	589
22006	0	---		27	589
22007	0	---		28	589
22008	0	---		29	589
22009	0	---		30	589
22010	0	---		32	589
22011	0	---		34	589
22012	0	---		35	589
22014	0	---		41	589
22015	1	---		42	589
22016	0	---		43	589
22017	2059	---		64	589
22018	0	---		37	589
22019	0	---		38	589
22020	0	---		39	589
22021	0	---		40	589
22022	0	---		130	589
22023	1	---		44	589
22024	1	---		45	589
22025	0	---		46	589
22026	1	---		47	589
22027	0	---		48	589
14360	0.5	---		25	393
14361	0	---		26	393
14362	32000	---		27	393
14363	-767	---		28	393
14364	32767	---		29	393
14365	0	---		30	393
14247	32767	---		29	390
14301	1	---		44	391
14303	1	---		46	391
14304	0	---		47	391
14308	0	---		51	391
14312	1	---		55	391
14313	1	---		56	391
14282	0.5	---		25	391
14284	32000	---		27	391
14285	-767	---		28	391
14286	32767	---		29	391
14287	0	---		30	391
14288	0	---		32	391
14289	0	---		34	391
14290	0	---		35	391
14291	1000	---		36	391
14292	0	---		41	391
14293	1000	---		42	391
14294	0	---		43	391
14295	34	---		64	391
14296	0	---		37	391
14297	0	---		38	391
14298	138	---		39	391
14299	0	---		40	391
14302	1	---		45	391
14305	0	---		48	391
14306	1	---		49	391
14307	0	---		50	391
14309	0	---		52	391
14310	0	---		53	391
14311	0	---		54	391
14314	0	---		57	391
14315	0	---		58	391
14318	0	---		61	391
14321	0.5	---		25	392
14322	0	---		26	392
14323	32000	---		27	392
14324	-767	---		28	392
14325	32767	---		29	392
14326	0	---		30	392
14327	0	---		32	392
14328	30	---		34	392
14329	0	---		35	392
14330	150	---		36	392
14331	30	---		41	392
14332	150	---		42	392
14333	0	---		43	392
14335	43.4	---		37	392
14336	76	---		38	392
14337	21.7	---		39	392
14338	3.6	---		40	392
14339	15	---		130	392
14341	1	---		45	392
14344	1	---		48	392
14345	1	---		49	392
14346	0	---		50	392
14340	1	---		44	392
14348	0	---		52	392
14342	1	---		46	392
14343	0	---		47	392
14349	0	---		53	392
14350	0	---		54	392
14353	0	---		57	392
14347	0	---		51	392
14354	0	---		58	392
14356	1	---		60	392
14357	1	---		61	392
14352	1	---		56	392
14358	1	---		62	392
14359	1	---		63	392
14355	0	---		59	392
14399	0.5	---		25	394
14400	0	---		26	394
14401	32000	---		27	394
14402	-767	---		28	394
14404	0	---		30	394
14405	0	---		32	394
14406	0	---		34	394
14407	0	---		35	394
14408	100	---		36	394
14409	0	---		41	394
14410	100	---		42	394
14379	1	---		44	393
14411	0	---		43	394
14381	1	---		46	393
14382	0	---		47	393
14412	34	---		64	394
14413	54	---		37	394
14414	65	---		38	394
14415	18	---		39	394
14416	17	---		40	394
14417	15	---		130	394
14390	1	---		55	393
14391	1	---		56	393
14419	1	---		45	394
14422	0	---		48	394
14394	0	---		59	393
14423	1	---		49	394
14424	0	---		50	394
14426	0	---		52	394
14427	0	---		53	394
14367	0	---		34	393
14418	1	---		44	394
14421	0	---		47	394
14425	0	---		51	394
14429	1	---		55	394
14430	1	---		56	394
14433	0	---		59	394
14438	0.5	---		25	395
14439	0	---		26	395
14440	32000	---		27	395
14441	-767	---		28	395
14442	32767	---		29	395
14443	0	---		30	395
14444	0	---		32	395
14445	22	---		34	395
14446	0	---		35	395
14447	100.1	---		36	395
14448	22	---		41	395
14449	100	---		42	395
14450	0	---		43	395
14451	34	---		64	395
14452	25	---		37	395
14453	45	---		38	395
14455	15	---		40	395
14456	15	---		130	395
14457	1	---		44	395
14458	1	---		45	395
14459	1	---		46	395
14460	0	---		47	395
14461	0	---		48	395
14462	1	---		49	395
14463	0	---		50	395
14464	0	---		51	395
14465	0	---		52	395
14466	0	---		53	395
14467	0	---		54	395
14468	1	---		55	395
14469	1	---		56	395
14470	0	---		57	395
14472	0	---		59	395
14473	1	---		60	395
14474	1	---		61	395
14475	1	---		62	395
14476	1	---		63	395
14477	0.5	---		25	396
14478	0	---		26	396
14479	32000	---		27	396
14480	-767	---		28	396
14481	32767	---		29	396
14482	0	---		30	396
14483	0	---		32	396
14484	0	---		34	396
14485	0	---		35	396
14487	0	---		41	396
14488	100	---		42	396
14490	6183	---		64	396
14491	90	---		37	396
14492	99	---		38	396
14493	30	---		39	396
14494	15	---		40	396
14495	15	---		130	396
14496	1	---		44	396
14497	1	---		45	396
14498	1	---		46	396
14499	0	---		47	396
14500	0	---		48	396
14501	1	---		49	396
14502	0	---		50	396
14503	0	---		51	396
14504	0	---		52	396
14505	0	---		53	396
14507	1	---		55	396
14508	1	---		56	396
14509	0	---		57	396
14510	0	---		58	396
14511	0	---		59	396
14512	1	---		60	396
14513	1	---		61	396
14514	1	---		62	396
14515	1	---		63	396
14516	0.5	---		25	397
14517	0	---		26	397
14518	32000	---		27	397
14519	-767	---		28	397
14520	32767	---		29	397
14521	0	---		30	397
14522	0	---		32	397
14524	0	---		35	397
14525	112	---		36	397
14526	0	---		41	397
14527	112	---		42	397
14528	0	---		43	397
14529	6183	---		64	397
14530	65	---		37	397
14531	95.7	---		38	397
14532	0	---		39	397
14533	0	---		40	397
14534	3	---		130	397
14535	1	---		44	397
14536	1	---		45	397
14537	1	---		46	397
14538	0	---		47	397
14539	0	---		48	397
14541	0	---		50	397
14542	0	---		51	397
14543	0	---		52	397
14544	0	---		53	397
14545	0	---		54	397
14546	1	---		55	397
14547	1	---		56	397
14548	0	---		57	397
14549	0	---		58	397
14550	0	---		59	397
14551	1	---		60	397
14552	1	---		61	397
14553	0	---		62	397
14554	0	---		63	397
14555	0.5	---		25	398
14556	0	---		26	398
14558	-767	---		28	398
14559	32767	---		29	398
14560	0	---		30	398
14561	0	---		32	398
14562	50	---		34	398
14563	0	---		35	398
14564	100	---		36	398
14565	50	---		41	398
14566	100	---		42	398
14567	0	---		43	398
14568	6183	---		64	398
14569	55	---		37	398
14570	70	---		38	398
14571	25	---		39	398
14572	5	---		40	398
14573	15	---		130	398
14575	1	---		45	398
14576	1	---		46	398
14577	0	---		47	398
14578	0	---		48	398
14579	1	---		49	398
14580	0	---		50	398
14581	0	---		51	398
14582	0	---		52	398
14583	0	---		53	398
14584	0	---		54	398
14585	1	---		55	398
14586	1	---		56	398
14587	0	---		57	398
14588	0	---		58	398
14589	0	---		59	398
14590	1	---		60	398
14592	1	---		62	398
14593	1	---		63	398
14594	0.5	---		25	399
14595	0	---		26	399
14596	32000	---		27	399
14597	-767	---		28	399
14598	32767	---		29	399
14599	0	---		30	399
14600	0	---		32	399
14601	0	---		34	399
14602	0	---		35	399
14603	200	---		36	399
14604	0	---		41	399
14605	200	---		42	399
14607	6183	---		64	399
14608	65	---		37	399
14610	0	---		39	399
14611	0	---		40	399
14612	3	---		130	399
14613	1	---		44	399
14614	1	---		45	399
14615	1	---		46	399
14616	0	---		47	399
14617	0	---		48	399
14618	1	---		49	399
14619	0	---		50	399
14620	0	---		51	399
14621	0	---		52	399
14622	0	---		53	399
14623	0	---		54	399
14624	1	---		55	399
14625	1	---		56	399
14627	0	---		58	399
14628	0	---		59	399
14629	1	---		60	399
14630	1	---		61	399
14631	0	---		62	399
14632	0	---		63	399
14633	0.5	---		25	400
14634	0	---		26	400
14635	32000	---		27	400
14636	-767	---		28	400
14637	32767	---		29	400
14638	0	---		30	400
14639	0	---		32	400
14640	0	---		34	400
14641	0	---		35	400
14642	20	---		36	400
14644	20	---		42	400
14645	0	---		43	400
14646	6183	---		64	400
14647	8	---		37	400
14648	11	---		38	400
14649	4	---		39	400
14650	0	---		40	400
14651	7	---		130	400
14652	1	---		44	400
14653	1	---		45	400
14654	1	---		46	400
14655	0	---		47	400
14656	0	---		48	400
14657	1	---		49	400
14658	0	---		50	400
14659	0	---		51	400
14661	0	---		53	400
14662	0	---		54	400
14663	1	---		55	400
14664	1	---		56	400
14665	0	---		57	400
14666	0	---		58	400
14667	0	---		59	400
14668	1	---		60	400
14669	1	---		61	400
14670	1	---		62	400
14671	0	---		63	400
14672	0.5	---		25	401
14673	0	---		26	401
14674	32000	---		27	401
14675	-767	---		28	401
14676	32767	---		29	401
14678	0	---		32	401
14679	0	---		34	401
14680	0	---		35	401
14681	20	---		36	401
14682	0	---		41	401
14683	20	---		42	401
14684	0	---		43	401
14685	6183	---		64	401
14686	8	---		37	401
14687	11	---		38	401
14688	0	---		39	401
14689	0	---		40	401
14690	3	---		130	401
14691	1	---		44	401
14692	1	---		45	401
14693	1	---		46	401
14695	0	---		48	401
14696	1	---		49	401
14697	0	---		50	401
14698	0	---		51	401
14699	0	---		52	401
14700	0	---		53	401
14701	0	---		54	401
14702	1	---		55	401
14703	1	---		56	401
14704	0	---		57	401
14705	0	---		58	401
14706	0	---		59	401
14707	1	---		60	401
14708	1	---		61	401
14709	0	---		62	401
14710	0	---		63	401
14712	0	---		26	402
14713	32000	---		27	402
14714	-767	---		28	402
14715	32767	---		29	402
14716	0	---		30	402
14717	0	---		32	402
14718	0	---		34	402
14719	0	---		35	402
14720	20	---		36	402
14721	0	---		41	402
14722	20	---		42	402
14723	0	---		43	402
14724	6183	---		64	402
14725	8	---		37	402
14727	0	---		39	402
14728	0	---		40	402
14730	1	---		44	402
14731	1	---		45	402
14732	1	---		46	402
14733	0	---		47	402
14734	0	---		48	402
14735	1	---		49	402
14736	0	---		50	402
14737	0	---		51	402
14738	0	---		52	402
14739	0	---		53	402
14740	0	---		54	402
14741	1	---		55	402
14742	1	---		56	402
14743	0	---		57	402
14744	0	---		58	402
14745	0	---		59	402
14747	1	---		61	402
14748	0	---		62	402
14749	0	---		63	402
14750	0.5	---		25	403
14789	0.5	---		25	404
14790	0	---		26	404
14791	32000	---		27	404
14792	-767	---		28	404
14793	32767	---		29	404
14794	0	---		30	404
14795	0	---		32	404
14796	0	---		34	404
14798	690	---		36	404
14799	0	---		41	404
14800	690	---		42	404
14801	0	---		43	404
14802	6183	---		64	404
14803	241	---		37	404
14804	276	---		38	404
14805	45385	---		39	404
14806	0	---		40	404
14807	7	---		130	404
14808	1	---		44	404
14809	1	---		45	404
14810	1	---		46	404
14811	0	---		47	404
14812	0	---		48	404
14813	1	---		49	404
14815	0	---		51	404
14816	0	---		52	404
14817	0	---		53	404
14818	0	---		54	404
14819	1	---		55	404
14820	1	---		56	404
14821	0	---		57	404
14822	0	---		58	404
14823	0	---		59	404
14824	1	---		60	404
14825	1	---		61	404
14826	1	---		62	404
14827	0	---		63	404
14828	0.5	---		25	405
14829	0	---		26	405
14830	32000	---		27	405
14832	32767	---		29	405
14833	0	---		30	405
14834	0	---		32	405
14835	0	---		34	405
14836	-40	---		35	405
14837	150	---		36	405
14838	0	---		41	405
14839	150	---		42	405
14840	-40	---		43	405
14841	6183	---		64	405
14842	0	---		37	405
14843	0	---		38	405
14844	21	---		39	405
14845	0	---		40	405
14847	1	---		44	405
14848	1	---		45	405
14850	0	---		47	405
14851	0	---		48	405
14852	1	---		49	405
14853	0	---		50	405
14854	0	---		51	405
14855	0	---		52	405
14856	0	---		53	405
14857	0	---		54	405
14858	1	---		55	405
14859	1	---		56	405
14860	0	---		57	405
14861	0	---		58	405
14862	0	---		59	405
14863	0	---		60	405
14864	0	---		61	405
14865	1	---		62	405
14867	0.5	---		25	406
14868	0	---		26	406
14869	32000	---		27	406
14870	-767	---		28	406
14871	32767	---		29	406
14872	0	---		30	406
14873	0	---		32	406
14874	200	---		34	406
14875	0	---		35	406
14876	1000	---		36	406
14877	200	---		41	406
14878	1000	---		42	406
14879	0	---		43	406
14880	6199	---		64	406
14881	0	---		37	406
14882	0	---		38	406
14884	103	---		40	406
14885	12	---		130	406
14886	1	---		44	406
14887	1	---		45	406
14888	1	---		46	406
14889	0	---		47	406
14890	1	---		48	406
14891	1	---		49	406
14892	0	---		50	406
14893	0	---		51	406
14894	0	---		52	406
14895	0	---		53	406
14896	0	---		54	406
14897	1	---		55	406
14898	1	---		56	406
14899	0	---		57	406
14901	0	---		59	406
14902	0	---		60	406
14903	0	---		61	406
14904	1	---		62	406
14905	1	---		63	406
14906	0.5	---		25	407
14907	0	---		26	407
14908	32000	---		27	407
14909	-767	---		28	407
14910	32767	---		29	407
14911	0	---		30	407
14912	0	---		32	407
14913	0	---		34	407
14914	-18	---		35	407
14915	93	---		36	407
14916	0	---		41	407
14918	-18	---		43	407
14919	6183	---		64	407
14920	54	---		37	407
14921	60	---		38	407
14922	0	---		39	407
14923	0	---		40	407
14924	3	---		130	407
14925	1	---		44	407
14926	1	---		45	407
14927	1	---		46	407
14928	0	---		47	407
14929	0	---		48	407
14930	1	---		49	407
14931	0	---		50	407
14932	0	---		51	407
14933	0	---		52	407
14935	0	---		54	407
14936	1	---		55	407
14937	1	---		56	407
14938	0	---		57	407
14939	0	---		58	407
14940	0	---		59	407
14941	1	---		60	407
14942	1	---		61	407
14943	0	---		62	407
14944	0	---		63	407
14945	0.5	---		25	408
14946	0	---		26	408
14947	32000	---		27	408
14948	-767	---		28	408
14949	32767	---		29	408
14950	0	---		30	408
14952	90	---		34	408
14953	0	---		35	408
14954	100	---		36	408
14955	90	---		41	408
14956	100	---		42	408
14957	0	---		43	408
14958	6199	---		64	408
14959	0	---		37	408
14960	0	---		38	408
14961	80	---		39	408
14962	0	---		40	408
14963	4	---		130	408
14964	1	---		44	408
14965	1	---		45	408
14967	0	---		47	408
14968	1	---		48	408
14970	0	---		50	408
14971	0	---		51	408
14972	0	---		52	408
14973	0	---		53	408
14974	0	---		54	408
14975	1	---		55	408
14976	1	---		56	408
14977	0	---		57	408
14978	0	---		58	408
14979	0	---		59	408
14980	0	---		60	408
14981	0	---		61	408
14982	1	---		62	408
14983	0	---		63	408
14984	0.5	---		25	409
14985	0	---		26	409
14987	-767	---		28	409
14988	32767	---		29	409
14989	0	---		30	409
14990	0	---		32	409
14991	700	---		34	409
14992	0	---		35	409
14993	1136	---		36	409
14994	700	---		41	409
14995	1136	---		42	409
14996	0	---		43	409
14997	6199	---		64	409
14998	0	---		37	409
14999	0	---		38	409
15000	606	---		39	409
15001	568	---		40	409
15002	12	---		130	409
15004	1	---		45	409
15005	1	---		46	409
15006	0	---		47	409
15007	1	---		48	409
15008	1	---		49	409
15009	0	---		50	409
15010	0	---		51	409
15011	0	---		52	409
15012	0	---		53	409
15013	0	---		54	409
15014	1	---		55	409
15015	1	---		56	409
15016	0	---		57	409
15017	0	---		58	409
15018	0	---		59	409
15019	0	---		60	409
15021	1	---		62	409
15022	1	---		63	409
15023	0.5	---		25	410
15024	0	---		26	410
15025	32000	---		27	410
15026	-767	---		28	410
15027	32767	---		29	410
15028	0	---		30	410
15029	0	---		32	410
15030	0	---		34	410
15031	0	---		35	410
15032	200	---		36	410
15033	0	---		41	410
15034	200	---		42	410
15035	0	---		43	410
15036	6183	---		64	410
15038	130	---		38	410
15039	0	---		39	410
15040	0	---		40	410
15041	3	---		130	410
15042	1	---		44	410
15043	1	---		45	410
15044	1	---		46	410
15045	0	---		47	410
15046	0	---		48	410
15047	1	---		49	410
15048	0	---		50	410
15049	0	---		51	410
15050	0	---		52	410
15051	0	---		53	410
15052	0	---		54	410
15053	1	---		55	410
15055	0	---		57	410
15056	0	---		58	410
15057	0	---		59	410
15058	1	---		60	410
15059	1	---		61	410
15060	0	---		62	410
15061	0	---		63	410
15062	0.5	---		25	411
15063	0	---		26	411
15064	32000	---		27	411
15065	-767	---		28	411
15066	32767	---		29	411
15067	0	---		30	411
15068	0	---		32	411
15069	0	---		34	411
15070	0	---		35	411
15072	0	---		41	411
15073	200	---		42	411
15074	0	---		43	411
15075	6183	---		64	411
15076	120	---		37	411
15077	130	---		38	411
15078	0	---		39	411
15079	0	---		40	411
15080	3	---		130	411
15081	1	---		44	411
15082	1	---		45	411
15083	1	---		46	411
15084	0	---		47	411
15085	0	---		48	411
15087	0	---		50	411
15088	0	---		51	411
15090	0	---		53	411
15091	0	---		54	411
15092	1	---		55	411
15093	1	---		56	411
15094	0	---		57	411
15095	0	---		58	411
15096	0	---		59	411
15097	1	---		60	411
15098	1	---		61	411
15099	0	---		62	411
15100	0	---		63	411
15101	0.5	---		25	412
15102	0	---		26	412
15103	32000	---		27	412
15104	-767	---		28	412
15105	32767	---		29	412
15107	0	---		32	412
15108	0	---		34	412
15109	0	---		35	412
15110	200	---		36	412
15111	0	---		41	412
15112	200	---		42	412
15113	0	---		43	412
15114	6183	---		64	412
15115	120	---		37	412
15116	130	---		38	412
15117	0	---		39	412
15118	0	---		40	412
15119	3	---		130	412
15120	1	---		44	412
15121	1	---		45	412
15122	1	---		46	412
15124	0	---		48	412
15125	1	---		49	412
15126	0	---		50	412
15127	0	---		51	412
15128	0	---		52	412
15129	0	---		53	412
15130	0	---		54	412
15131	1	---		55	412
15132	1	---		56	412
15133	0	---		57	412
15134	0	---		58	412
15135	0	---		59	412
15136	1	---		60	412
15137	1	---		61	412
15138	0	---		62	412
15139	0	---		63	412
15141	0	---		26	413
15142	32000	---		27	413
15143	-767	---		28	413
15144	32767	---		29	413
15145	0	---		30	413
15146	0	---		32	413
15147	0	---		34	413
15148	0	---		35	413
15149	20	---		36	413
15150	0	---		41	413
15151	20	---		42	413
15152	0	---		43	413
15153	6183	---		64	413
15154	8	---		37	413
15155	11	---		38	413
15156	0	---		39	413
15158	3	---		130	413
15159	1	---		44	413
15160	1	---		45	413
15161	1	---		46	413
15162	0	---		47	413
15163	0	---		48	413
15164	1	---		49	413
15165	0	---		50	413
15166	0	---		51	413
15167	0	---		52	413
15168	0	---		53	413
15169	0	---		54	413
15170	1	---		55	413
15171	1	---		56	413
15172	0	---		57	413
15173	0	---		58	413
15175	1	---		60	413
15176	1	---		61	413
15177	0	---		62	413
15178	0	---		63	413
15179	0.5	---		25	414
15198	1	---		44	414
15200	1	---		46	414
15201	0	---		47	414
15205	0	---		51	414
15207	0	---		53	414
15210	1	---		56	414
15213	0	---		59	414
15218	0.5	---		25	415
15219	0	---		26	415
15220	32000	---		27	415
15221	-767	---		28	415
15222	32767	---		29	415
15223	0	---		30	415
15224	0	---		32	415
15225	0	---		34	415
15227	200	---		36	415
15228	0	---		41	415
15229	200	---		42	415
15230	0	---		43	415
15231	6183	---		64	415
15232	65	---		37	415
15233	70	---		38	415
15234	0	---		39	415
15235	0	---		40	415
15236	3	---		130	415
15237	1	---		44	415
15238	1	---		45	415
15239	1	---		46	415
15240	0	---		47	415
15241	0	---		48	415
15242	1	---		49	415
15244	0	---		51	415
15245	0	---		52	415
15246	0	---		53	415
15247	0	---		54	415
15248	1	---		55	415
15249	1	---		56	415
15250	0	---		57	415
15251	0	---		58	415
15252	0	---		59	415
15253	1	---		60	415
15254	1	---		61	415
15255	0	---		62	415
15256	0	---		63	415
15257	0.5	---		25	416
15258	0	---		26	416
15259	32000	---		27	416
15261	32767	---		29	416
15262	0	---		30	416
15263	0	---		32	416
15264	0	---		34	416
15265	0	---		35	416
15266	200	---		36	416
15267	0	---		41	416
15268	200	---		42	416
15269	0	---		43	416
15270	6183	---		64	416
15271	120	---		37	416
15272	130	---		38	416
15273	0	---		39	416
15274	0	---		40	416
15275	3	---		130	416
15276	1	---		44	416
15278	1	---		46	416
15279	0	---		47	416
15280	0	---		48	416
15281	1	---		49	416
15282	0	---		50	416
15283	0	---		51	416
15284	0	---		52	416
15285	0	---		53	416
15286	0	---		54	416
15287	1	---		55	416
15288	1	---		56	416
15289	0	---		57	416
15290	0	---		58	416
15291	0	---		59	416
15292	1	---		60	416
15293	1	---		61	416
15295	0	---		63	416
15296	0.5	---		25	417
15297	0	---		26	417
15298	32000	---		27	417
15299	-767	---		28	417
15300	32767	---		29	417
15301	0	---		30	417
15302	0	---		32	417
15303	0	---		34	417
15304	0	---		35	417
15305	200	---		36	417
15306	0	---		41	417
15307	200	---		42	417
15308	0	---		43	417
15309	6183	---		64	417
15310	120	---		37	417
15312	0	---		39	417
15313	0	---		40	417
15314	3	---		130	417
15315	1	---		44	417
15316	1	---		45	417
15317	1	---		46	417
15318	0	---		47	417
15319	0	---		48	417
15320	1	---		49	417
15321	0	---		50	417
15322	0	---		51	417
15323	0	---		52	417
15324	0	---		53	417
15325	0	---		54	417
15327	1	---		56	417
15328	0	---		57	417
15330	0	---		59	417
15331	1	---		60	417
15332	1	---		61	417
15333	0	---		62	417
15334	0	---		63	417
15335	0.5	---		25	418
15336	0	---		26	418
15337	32000	---		27	418
15338	-767	---		28	418
15339	32767	---		29	418
15340	0	---		30	418
15341	0	---		32	418
15342	0	---		34	418
15343	0	---		35	418
15344	200	---		36	418
15345	0	---		41	418
15347	0	---		43	418
15348	6183	---		64	418
15349	120	---		37	418
15350	130	---		38	418
15351	0	---		39	418
15352	0	---		40	418
15353	3	---		130	418
15354	1	---		44	418
15355	1	---		45	418
15356	1	---		46	418
15357	0	---		47	418
15358	0	---		48	418
15359	1	---		49	418
15360	0	---		50	418
15361	0	---		51	418
15362	0	---		52	418
15364	0	---		54	418
15365	1	---		55	418
15366	1	---		56	418
15367	0	---		57	418
15368	0	---		58	418
15369	0	---		59	418
15370	1	---		60	418
15371	1	---		61	418
15372	0	---		62	418
15373	0	---		63	418
15374	0.5	---		25	419
15375	0	---		26	419
15376	32000	---		27	419
15377	-767	---		28	419
15378	32767	---		29	419
15379	0	---		30	419
15381	0	---		34	419
15382	0	---		35	419
15383	200	---		36	419
15384	0	---		41	419
15385	200	---		42	419
15386	0	---		43	419
15387	6183	---		64	419
15388	65	---		37	419
15389	70	---		38	419
15390	0	---		39	419
15391	0	---		40	419
15392	3	---		130	419
15393	1	---		44	419
15394	1	---		45	419
15395	1	---		46	419
15396	0	---		47	419
15398	1	---		49	419
15399	0	---		50	419
15400	0	---		51	419
15401	0	---		52	419
15402	0	---		53	419
15403	0	---		54	419
15404	1	---		55	419
15405	1	---		56	419
15406	0	---		57	419
15407	0	---		58	419
15408	0	---		59	419
15409	1	---		60	419
15410	1	---		61	419
15411	0	---		62	419
15412	0	---		63	419
15413	0.5	---		25	420
15415	32000	---		27	420
15416	-767	---		28	420
15417	32767	---		29	420
15418	0	---		30	420
15419	0	---		32	420
15420	0	---		34	420
15421	0	---		35	420
15422	100	---		36	420
15423	0	---		41	420
15424	100	---		42	420
15425	0	---		43	420
15426	6183	---		64	420
15427	0	---		37	420
15428	0	---		38	420
15429	0	---		39	420
15430	0	---		40	420
15432	1	---		44	420
15433	1	---		45	420
15434	1	---		46	420
15435	0	---		47	420
15436	0	---		48	420
15437	1	---		49	420
15438	0	---		50	420
15439	0	---		51	420
15440	0	---		52	420
15441	0	---		53	420
15442	0	---		54	420
15443	1	---		55	420
15444	1	---		56	420
15445	0	---		57	420
15447	0	---		59	420
15448	0	---		60	420
15450	0	---		62	420
15451	0	---		63	420
15452	0.5	---		25	421
15453	0	---		26	421
15454	32000	---		27	421
15455	-767	---		28	421
15456	32767	---		29	421
15457	0	---		30	421
15458	0	---		32	421
15459	0	---		34	421
15460	0	---		35	421
15461	100	---		36	421
15462	0	---		41	421
15463	100	---		42	421
15464	0	---		43	421
15465	6183	---		64	421
15467	95	---		38	421
15468	25	---		39	421
15469	5	---		40	421
15470	15	---		130	421
15471	1	---		44	421
15472	1	---		45	421
15473	1	---		46	421
15474	0	---		47	421
15475	0	---		48	421
15476	1	---		49	421
15477	0	---		50	421
15478	0	---		51	421
15479	0	---		52	421
15480	0	---		53	421
15481	0	---		54	421
15482	1	---		55	421
15484	0	---		57	421
15485	0	---		58	421
15486	0	---		59	421
15487	1	---		60	421
15488	1	---		61	421
15489	1	---		62	421
15490	1	---		63	421
15491	0.5	---		25	422
15492	0	---		26	422
15493	32000	---		27	422
15494	-767	---		28	422
15495	32767	---		29	422
15496	0	---		30	422
15497	0	---		32	422
15498	0	---		34	422
15499	0	---		35	422
15501	0	---		41	422
15502	100	---		42	422
15503	0	---		43	422
15504	6183	---		64	422
15505	0	---		37	422
15506	0	---		38	422
15507	0	---		39	422
15508	0	---		40	422
15509	0	---		130	422
15510	1	---		44	422
15511	1	---		45	422
15512	1	---		46	422
15513	0	---		47	422
15514	0	---		48	422
15515	1	---		49	422
15516	0	---		50	422
15518	0	---		52	422
15519	0	---		53	422
15520	0	---		54	422
15521	1	---		55	422
15522	1	---		56	422
15523	0	---		57	422
15524	0	---		58	422
15525	0	---		59	422
15526	0	---		60	422
15527	0	---		61	422
15528	0	---		62	422
15529	0	---		63	422
15530	0.5	---		25	423
15531	0	---		26	423
15532	32000	---		27	423
15533	-767	---		28	423
15535	0	---		30	423
15536	0	---		32	423
15537	30	---		34	423
15538	-18	---		35	423
15539	93	---		36	423
15540	30	---		41	423
15541	93	---		42	423
15542	-18	---		43	423
15543	6183	---		64	423
15544	38	---		37	423
15545	0	---		38	423
15546	32	---		39	423
15547	15	---		40	423
15548	13	---		130	423
15549	1	---		44	423
15550	1	---		45	423
15552	0	---		47	423
15553	0	---		48	423
15554	1	---		49	423
15555	0	---		50	423
15556	0	---		51	423
15557	0	---		52	423
15558	0	---		53	423
15559	0	---		54	423
15560	1	---		55	423
15561	1	---		56	423
15562	0	---		57	423
15563	0	---		58	423
15564	0	---		59	423
15565	1	---		60	423
15567	1	---		62	423
15568	1	---		63	423
15570	0	---		26	424
15571	32000	---		27	424
15572	-767	---		28	424
15573	32767	---		29	424
15574	0	---		30	424
15575	0	---		32	424
15576	45	---		34	424
15577	-18	---		35	424
15578	93	---		36	424
15579	45	---		41	424
15580	93	---		42	424
15581	-18	---		43	424
15582	6183	---		64	424
15583	46	---		37	424
15584	49	---		38	424
15585	43	---		39	424
15587	15	---		130	424
15588	1	---		44	424
15589	1	---		45	424
15590	1	---		46	424
15591	0	---		47	424
15592	0	---		48	424
15593	1	---		49	424
15594	0	---		50	424
15595	0	---		51	424
15596	0	---		52	424
15597	0	---		53	424
15598	0	---		54	424
15599	1	---		55	424
15600	1	---		56	424
15601	0	---		57	424
15602	0	---		58	424
15604	1	---		60	424
15605	1	---		61	424
15606	1	---		62	424
15607	1	---		63	424
15608	0.5	---		25	425
15609	0	---		26	425
15610	32000	---		27	425
15611	-767	---		28	425
15612	32767	---		29	425
15613	0	---		30	425
15614	0	---		32	425
15615	0	---		34	425
15616	-18	---		35	425
15617	93	---		36	425
15618	0	---		41	425
15619	93	---		42	425
15621	6183	---		64	425
15622	49	---		37	425
15623	52	---		38	425
15624	46	---		39	425
15625	43	---		40	425
15626	15	---		130	425
15627	1	---		44	425
15628	1	---		45	425
15629	1	---		46	425
15630	0	---		47	425
15631	0	---		48	425
15632	1	---		49	425
15633	0	---		50	425
15634	0	---		51	425
15635	0	---		52	425
15636	0	---		53	425
15638	1	---		55	425
15639	1	---		56	425
15640	0	---		57	425
15641	0	---		58	425
15642	0	---		59	425
15643	1	---		60	425
15644	1	---		61	425
15645	1	---		62	425
15646	1	---		63	425
15647	0.5	---		25	426
15648	0	---		26	426
15649	32000	---		27	426
15650	-767	---		28	426
15651	32767	---		29	426
15652	0	---		30	426
15653	0	---		32	426
15655	0	---		35	426
15656	2000	---		36	426
15657	0	---		41	426
15658	2000	---		42	426
15659	0	---		43	426
15660	6183	---		64	426
15661	0	---		37	426
15662	0	---		38	426
15663	0	---		39	426
15664	0	---		40	426
15665	0	---		130	426
15666	1	---		44	426
15667	1	---		45	426
15668	1	---		46	426
15669	0	---		47	426
15670	0	---		48	426
15672	0	---		50	426
15673	0	---		51	426
15674	0	---		52	426
15675	0	---		53	426
15676	0	---		54	426
15677	1	---		55	426
15678	1	---		56	426
15679	0	---		57	426
15680	0	---		58	426
15681	0	---		59	426
15682	0	---		60	426
15683	0	---		61	426
15684	0	---		62	426
15685	0	---		63	426
15687	0	---		26	427
15688	32000	---		27	427
15690	32767	---		29	427
15691	0	---		30	427
15692	0	---		32	427
15693	0	---		34	427
15694	0	---		35	427
15695	200	---		36	427
15696	0	---		41	427
15697	200	---		42	427
15698	0	---		43	427
15699	6183	---		64	427
15700	112	---		37	427
15701	168	---		38	427
15702	0	---		39	427
15703	0	---		40	427
15704	3	---		130	427
15705	1	---		44	427
15707	1	---		46	427
15708	0	---		47	427
15709	0	---		48	427
15710	1	---		49	427
15711	0	---		50	427
15712	0	---		51	427
15713	0	---		52	427
15714	0	---		53	427
15715	0	---		54	427
15716	1	---		55	427
15717	1	---		56	427
15718	0	---		57	427
15719	0	---		58	427
15720	0	---		59	427
15721	1	---		60	427
15722	1	---		61	427
15724	0	---		63	427
15725	0.5	---		25	428
15726	0	---		26	428
15727	32000	---		27	428
15728	-767	---		28	428
15729	32767	---		29	428
15730	0	---		30	428
15731	0	---		32	428
15732	0	---		34	428
15733	0	---		35	428
15734	100	---		36	428
15735	0	---		41	428
15736	100	---		42	428
15737	0	---		43	428
15738	6183	---		64	428
15739	50	---		37	428
15741	0	---		39	428
15742	0	---		40	428
15743	3	---		130	428
15744	1	---		44	428
15745	1	---		45	428
15746	1	---		46	428
15747	0	---		47	428
15748	0	---		48	428
15749	1	---		49	428
15750	0	---		50	428
15751	0	---		51	428
15752	0	---		52	428
15753	0	---		53	428
15754	0	---		54	428
15755	1	---		55	428
15756	1	---		56	428
15758	0	---		58	428
15759	0	---		59	428
15760	1	---		60	428
15761	1	---		61	428
15762	0	---		62	428
15763	0	---		63	428
15764	0.5	---		25	429
15765	0	---		26	429
15766	32000	---		27	429
15767	-767	---		28	429
15768	32767	---		29	429
15769	0	---		30	429
15770	0	---		32	429
15771	0	---		34	429
15772	0	---		35	429
15773	960	---		36	429
15775	960	---		42	429
15776	0	---		43	429
15777	6183	---		64	429
15778	450	---		37	429
15779	0	---		38	429
15780	0	---		39	429
15781	0	---		40	429
15782	1	---		130	429
15783	1	---		44	429
15784	1	---		45	429
15785	1	---		46	429
15786	0	---		47	429
15787	0	---		48	429
15788	1	---		49	429
15789	0	---		50	429
15790	0	---		51	429
15792	0	---		53	429
15793	0	---		54	429
15794	1	---		55	429
15795	1	---		56	429
15796	0	---		57	429
15797	0	---		58	429
15798	0	---		59	429
15799	1	---		60	429
15800	0	---		61	429
15801	0	---		62	429
15802	0	---		63	429
15803	0.5	---		25	430
15804	0	---		26	430
15805	32000	---		27	430
15807	32767	---		29	430
15808	0	---		30	430
15810	0	---		34	430
15811	0	---		35	430
15812	900	---		36	430
15813	0	---		41	430
15814	900	---		42	430
15815	0	---		43	430
15816	6183	---		64	430
15817	70	---		37	430
15818	95	---		38	430
15819	30	---		39	430
15820	5	---		40	430
15821	15	---		130	430
15822	1	---		44	430
15823	1	---		45	430
15824	1	---		46	430
15825	0	---		47	430
15827	1	---		49	430
15828	0	---		50	430
15829	0	---		51	430
15830	0	---		52	430
15831	0	---		53	430
15832	0	---		54	430
15833	1	---		55	430
15834	1	---		56	430
15835	0	---		57	430
15836	0	---		58	430
15837	0	---		59	430
15838	1	---		60	430
15839	1	---		61	430
15840	1	---		62	430
15841	1	---		63	430
15842	0.5	---		25	431
15844	32000	---		27	431
15845	0	---		28	431
15846	32767	---		29	431
15847	0	---		30	431
15848	0	---		32	431
15849	0	---		34	431
15850	0	---		35	431
15851	100	---		36	431
15852	0	---		41	431
15853	100	---		42	431
15854	0	---		43	431
15855	6187	---		64	431
15856	46	---		37	431
15857	0	---		38	431
15858	10	---		39	431
15859	0	---		40	431
15861	1	---		44	431
15862	1	---		45	431
15863	0	---		46	431
15864	1	---		47	431
15865	0	---		48	431
15866	1	---		49	431
15867	0	---		50	431
15868	0	---		51	431
15869	0	---		52	431
15870	0	---		53	431
15871	0	---		54	431
15872	1	---		55	431
15873	1	---		56	431
15874	0	---		57	431
15875	0	---		58	431
15876	0	---		59	431
15878	0	---		61	431
15879	1	---		62	431
15880	0	---		63	431
15881	0.5	---		25	432
15882	0	---		26	432
15883	32000	---		27	432
15884	0	---		28	432
15885	32767	---		29	432
15886	0	---		30	432
15887	0	---		32	432
15888	0	---		34	432
15889	0	---		35	432
15890	100	---		36	432
15891	0	---		41	432
15892	100	---		42	432
15893	0	---		43	432
15895	75	---		37	432
15896	0	---		38	432
15897	5	---		39	432
15898	0	---		40	432
15899	5	---		130	432
15900	1	---		44	432
15901	1	---		45	432
15902	0	---		46	432
15903	1	---		47	432
15904	0	---		48	432
15905	1	---		49	432
15906	0	---		50	432
15907	0	---		51	432
15908	0	---		52	432
15909	0	---		53	432
15910	0	---		54	432
15912	1	---		56	432
15913	0	---		57	432
15914	0	---		58	432
15915	0	---		59	432
15916	1	---		60	432
15917	0	---		61	432
15918	1	---		62	432
15919	0	---		63	432
15920	0.5	---		25	433
15921	0	---		26	433
15922	0	---		27	433
15923	0	---		28	433
15924	0	---		29	433
15925	0	---		30	433
15927	0	---		34	433
15928	0	---		35	433
15930	0	---		41	433
15931	1500	---		42	433
15932	0	---		43	433
15933	2091	---		64	433
15934	0	---		37	433
15935	0	---		38	433
15936	0	---		39	433
15937	0	---		40	433
15938	0	---		130	433
15939	1	---		44	433
15940	1	---		45	433
15941	0	---		46	433
15942	1	---		47	433
15943	0	---		48	433
15944	1	---		49	433
15945	0	---		50	433
15947	0	---		52	433
15948	0	---		53	433
15949	0	---		54	433
15950	1	---		55	433
15951	0	---		56	433
15952	0	---		57	433
15953	0	---		58	433
15954	0	---		59	433
15955	0	---		60	433
15956	0	---		61	433
15957	0	---		62	433
15958	0	---		63	433
15959	0.5	---		25	434
15960	0	---		26	434
15961	32000	---		27	434
15962	0	---		28	434
15964	0	---		30	434
15965	0	---		32	434
15966	0	---		34	434
15967	0	---		35	434
15968	20	---		36	434
15969	0	---		41	434
15970	20	---		42	434
15971	0	---		43	434
15972	6187	---		64	434
15973	8	---		37	434
15974	11	---		38	434
15975	0	---		39	434
15976	0	---		40	434
15977	3	---		130	434
15978	1	---		44	434
15979	1	---		45	434
15981	1	---		47	434
15982	0	---		48	434
15983	1	---		49	434
15984	0	---		50	434
15985	0	---		51	434
15986	0	---		52	434
15987	0	---		53	434
15988	0	---		54	434
15989	1	---		55	434
15990	1	---		56	434
15991	0	---		57	434
15992	0	---		58	434
15993	0	---		59	434
15994	1	---		60	434
15995	1	---		61	434
15996	0	---		62	434
15998	0.5	---		25	435
15999	0	---		26	435
16000	32000	---		27	435
16001	0	---		28	435
16002	32767	---		29	435
16003	0	---		30	435
16004	0	---		32	435
16005	0	---		34	435
16006	0	---		35	435
16007	20	---		36	435
16008	0	---		41	435
16009	20	---		42	435
16010	0	---		43	435
16011	6187	---		64	435
16012	8	---		37	435
16013	11	---		38	435
16015	0	---		40	435
16016	3	---		130	435
16017	1	---		44	435
16018	1	---		45	435
16019	0	---		46	435
16020	1	---		47	435
16021	0	---		48	435
16022	1	---		49	435
16023	0	---		50	435
16024	0	---		51	435
16025	0	---		52	435
16026	0	---		53	435
16027	0	---		54	435
16028	1	---		55	435
16029	1	---		56	435
16030	0	---		57	435
16032	0	---		59	435
16033	1	---		60	435
16034	1	---		61	435
16035	0	---		62	435
16036	0	---		63	435
16037	0.5	---		25	436
16038	0	---		26	436
16039	32000	---		27	436
16040	0	---		28	436
16041	32767	---		29	436
16042	0	---		30	436
16043	0	---		32	436
16044	0	---		34	436
16045	0	---		35	436
16047	0	---		41	436
16048	20	---		42	436
16050	6187	---		64	436
16051	8	---		37	436
16052	11	---		38	436
16053	0	---		39	436
16054	0	---		40	436
16055	3	---		130	436
16056	1	---		44	436
16057	1	---		45	436
16058	0	---		46	436
16059	1	---		47	436
16060	0	---		48	436
16061	1	---		49	436
16062	0	---		50	436
16063	0	---		51	436
16064	0	---		52	436
16065	0	---		53	436
16067	1	---		55	436
16068	1	---		56	436
16069	0	---		57	436
16070	0	---		58	436
16071	0	---		59	436
16072	1	---		60	436
16073	1	---		61	436
16074	0	---		62	436
16075	0	---		63	436
16076	0.5	---		25	437
16077	0	---		26	437
16078	32000	---		27	437
16079	0	---		28	437
16080	32767	---		29	437
16081	0	---		30	437
16082	0	---		32	437
16084	0	---		35	437
16085	100	---		36	437
16086	0	---		41	437
16087	100	---		42	437
16088	0	---		43	437
16089	6187	---		64	437
16090	50	---		37	437
16091	55	---		38	437
16092	0	---		39	437
16093	0	---		40	437
16094	3	---		130	437
16095	1	---		44	437
16096	1	---		45	437
16097	0	---		46	437
16098	1	---		47	437
16099	0	---		48	437
16101	0	---		50	437
16102	0	---		51	437
16103	0	---		52	437
16104	0	---		53	437
16105	0	---		54	437
16106	1	---		55	437
16107	1	---		56	437
16108	0	---		57	437
16109	0	---		58	437
16110	0	---		59	437
16111	1	---		60	437
16112	1	---		61	437
16113	0	---		62	437
16114	0	---		63	437
16115	0.5	---		25	438
16116	0	---		26	438
16118	0	---		28	438
16119	0	---		29	438
16120	0	---		30	438
16121	0	---		32	438
16122	0	---		34	438
16123	0	---		35	438
16124	1	---		36	438
16125	0	---		41	438
16126	1	---		42	438
16127	0	---		43	438
16128	2087	---		64	438
16129	0	---		37	438
16130	0	---		38	438
16131	0	---		39	438
16132	0	---		40	438
16133	0	---		130	438
16135	1	---		45	438
16136	1	---		46	438
16137	0	---		47	438
16138	0	---		48	438
16139	1	---		49	438
16140	0	---		50	438
16141	0	---		51	438
16142	0	---		52	438
16143	0	---		53	438
16144	0	---		54	438
16145	1	---		55	438
16146	0	---		56	438
16147	0	---		57	438
16148	0	---		58	438
16149	0	---		59	438
16150	0	---		60	438
16152	0	---		62	438
16153	0	---		63	438
16154	0.5	---		25	439
16155	0	---		26	439
16156	0	---		27	439
16157	0	---		28	439
16158	0	---		29	439
16159	0	---		30	439
16160	0	---		32	439
16161	0	---		34	439
16162	0	---		35	439
16163	1	---		36	439
16164	0	---		41	439
16165	1	---		42	439
16166	0	---		43	439
16168	0	---		37	439
16170	0	---		39	439
16171	0	---		40	439
16172	0	---		130	439
16173	1	---		44	439
16174	1	---		45	439
16175	1	---		46	439
16176	0	---		47	439
16177	0	---		48	439
16178	1	---		49	439
16179	0	---		50	439
16180	0	---		51	439
16181	0	---		52	439
16182	0	---		53	439
16183	0	---		54	439
16184	1	---		55	439
16185	0	---		56	439
16187	0	---		58	439
16188	0	---		59	439
16189	0	---		60	439
16190	0	---		61	439
16191	0	---		62	439
16192	0	---		63	439
16193	0.5	---		25	440
16194	0	---		26	440
16195	0	---		27	440
16196	0	---		28	440
16197	0	---		29	440
16198	0	---		30	440
16199	0	---		32	440
16200	0	---		34	440
16201	0	---		35	440
16202	1	---		36	440
16204	1	---		42	440
16205	0	---		43	440
16206	2087	---		64	440
16207	0	---		37	440
16208	0	---		38	440
16209	0	---		39	440
16210	0	---		40	440
16211	0	---		130	440
16212	1	---		44	440
16213	1	---		45	440
16214	1	---		46	440
16215	0	---		47	440
16216	0	---		48	440
16217	1	---		49	440
16218	0	---		50	440
16219	0	---		51	440
16221	0	---		53	440
16222	0	---		54	440
16223	1	---		55	440
16224	0	---		56	440
16225	0	---		57	440
16226	0	---		58	440
16227	0	---		59	440
16228	0	---		60	440
16229	0	---		61	440
16230	0	---		62	440
16231	0	---		63	440
16232	0.5	---		25	441
16233	0	---		26	441
16234	0	---		27	441
16235	0	---		28	441
16236	0	---		29	441
16238	0	---		32	441
16239	0	---		34	441
16240	0	---		35	441
16241	1	---		36	441
16242	0	---		41	441
16243	1	---		42	441
16244	0	---		43	441
16245	2087	---		64	441
16246	0	---		37	441
16247	0	---		38	441
16248	0	---		39	441
16249	0	---		40	441
16250	0	---		130	441
16251	1	---		44	441
16252	1	---		45	441
16253	1	---		46	441
16255	0	---		48	441
16256	1	---		49	441
16257	0	---		50	441
16258	0	---		51	441
16259	0	---		52	441
16260	0	---		53	441
16261	0	---		54	441
16262	1	---		55	441
16263	0	---		56	441
16264	0	---		57	441
16265	0	---		58	441
16266	0	---		59	441
16267	0	---		60	441
16268	0	---		61	441
16269	0	---		62	441
16270	0	---		63	441
16272	0	---		26	442
16273	0	---		27	442
16274	0	---		28	442
16275	0	---		29	442
16276	0	---		30	442
16277	0	---		32	442
16278	0	---		34	442
16279	0	---		35	442
16280	1	---		36	442
16281	0	---		41	442
16282	1	---		42	442
16283	0	---		43	442
16284	2087	---		64	442
16285	0	---		37	442
16167	2087	---		64	439
16288	0	---		40	442
16290	1	---		44	442
16291	1	---		45	442
16292	1	---		46	442
16293	0	---		47	442
16294	0	---		48	442
16295	1	---		49	442
16296	0	---		50	442
16297	0	---		51	442
16298	0	---		52	442
16299	0	---		53	442
16300	0	---		54	442
16301	1	---		55	442
16302	0	---		56	442
16303	0	---		57	442
16304	0	---		58	442
16305	0	---		59	442
16307	0	---		61	442
16308	0	---		62	442
16309	0	---		63	442
16310	0.5	---		25	443
16311	0	---		26	443
16312	0	---		27	443
16313	0	---		28	443
16314	0	---		29	443
16315	0	---		30	443
16316	0	---		32	443
16317	0	---		34	443
16318	0	---		35	443
16319	1	---		36	443
16320	0	---		41	443
16321	1	---		42	443
16322	0	---		43	443
16324	0	---		37	443
16325	0	---		38	443
16326	0	---		39	443
16327	0	---		40	443
16328	0	---		130	443
16329	1	---		44	443
16330	1	---		45	443
16331	1	---		46	443
16332	0	---		47	443
16333	0	---		48	443
16334	1	---		49	443
16335	0	---		50	443
16336	0	---		51	443
16337	0	---		52	443
16338	0	---		53	443
16339	0	---		54	443
16341	0	---		56	443
16342	0	---		57	443
16343	0	---		58	443
16344	0	---		59	443
16345	0	---		60	443
16346	0	---		61	443
16347	0	---		62	443
16348	0	---		63	443
16349	0.5	---		25	444
16350	0	---		26	444
16351	0	---		27	444
16352	0	---		28	444
16353	0	---		29	444
16354	0	---		30	444
16355	0	---		32	444
16356	0	---		34	444
16358	1	---		36	444
16359	0	---		41	444
16360	1	---		42	444
16361	0	---		43	444
16362	2087	---		64	444
16363	0	---		37	444
16364	0	---		38	444
16365	0	---		39	444
16366	0	---		40	444
16367	0	---		130	444
16368	1	---		44	444
16369	1	---		45	444
16370	1	---		46	444
16371	0	---		47	444
16372	0	---		48	444
16373	1	---		49	444
16375	0	---		51	444
16376	0	---		52	444
16377	0	---		53	444
16378	0	---		54	444
16379	1	---		55	444
16380	0	---		56	444
16381	0	---		57	444
16382	0	---		58	444
16383	0	---		59	444
16384	0	---		60	444
16385	0	---		61	444
16386	0	---		62	444
16387	0	---		63	444
16388	0.5	---		25	445
16389	0	---		26	445
16390	0	---		27	445
16392	0	---		29	445
16393	0	---		30	445
16394	0	---		32	445
16395	0	---		34	445
16396	0	---		35	445
16397	1	---		36	445
16398	0	---		41	445
16399	1	---		42	445
16400	0	---		43	445
16401	2087	---		64	445
16402	0	---		37	445
16403	0	---		38	445
16404	0	---		39	445
16405	0	---		40	445
16203	0	---		41	440
16408	1	---		45	445
16410	0	---		47	445
16411	0	---		48	445
16412	1	---		49	445
16413	0	---		50	445
16414	0	---		51	445
16415	0	---		52	445
16416	0	---		53	445
16417	0	---		54	445
16418	1	---		55	445
16419	0	---		56	445
16420	0	---		57	445
16421	0	---		58	445
16422	0	---		59	445
16423	0	---		60	445
16424	0	---		61	445
16425	0	---		62	445
16427	0.5	---		25	446
16428	0	---		26	446
16429	0	---		27	446
16430	0	---		28	446
16431	0	---		29	446
16432	0	---		30	446
16433	0	---		32	446
16434	0	---		34	446
16435	0	---		35	446
16436	1	---		36	446
16437	0	---		41	446
16438	1	---		42	446
16439	0	---		43	446
16440	2087	---		64	446
16441	0	---		37	446
16442	0	---		38	446
16444	0	---		40	446
16445	0	---		130	446
16446	1	---		44	446
16447	1	---		45	446
16448	1	---		46	446
16449	0	---		47	446
16450	0	---		48	446
16451	1	---		49	446
16452	0	---		50	446
16453	0	---		51	446
16454	0	---		52	446
16455	0	---		53	446
16456	0	---		54	446
16457	1	---		55	446
16458	0	---		56	446
16459	0	---		57	446
16461	0	---		59	446
16462	0	---		60	446
16463	0	---		61	446
16464	0	---		62	446
16465	0	---		63	446
16466	0.5	---		25	447
16467	0	---		26	447
16468	0	---		27	447
16469	0	---		28	447
16470	0	---		29	447
16471	0	---		30	447
16472	0	---		32	447
16473	0	---		34	447
16474	0	---		35	447
16475	1	---		36	447
16476	0	---		41	447
16478	0	---		43	447
16479	2087	---		64	447
16480	0	---		37	447
16481	0	---		38	447
16482	0	---		39	447
16483	0	---		40	447
16484	0	---		130	447
16485	1	---		44	447
16486	1	---		45	447
16487	1	---		46	447
16488	0	---		47	447
16489	0	---		48	447
16490	1	---		49	447
16491	0	---		50	447
16492	0	---		51	447
16493	0	---		52	447
16495	0	---		54	447
16496	1	---		55	447
16497	0	---		56	447
16498	0	---		57	447
16499	0	---		58	447
16500	0	---		59	447
16501	0	---		60	447
16502	0	---		61	447
16503	0	---		62	447
16504	0	---		63	447
16505	0.5	---		25	448
16506	0	---		26	448
16507	0	---		27	448
16508	0	---		28	448
16509	0	---		29	448
16510	0	---		30	448
16512	0	---		34	448
16513	0	---		35	448
16514	1	---		36	448
16515	0	---		41	448
16516	1	---		42	448
16517	0	---		43	448
16518	2087	---		64	448
16519	0	---		37	448
16520	0	---		38	448
16521	0	---		39	448
16522	0	---		40	448
16523	0	---		130	448
16524	1	---		44	448
16525	1	---		45	448
16287	0	---		39	442
16528	0	---		48	448
16530	0	---		50	448
16531	0	---		51	448
16532	0	---		52	448
16533	0	---		53	448
16534	0	---		54	448
16535	1	---		55	448
16536	0	---		56	448
16537	0	---		57	448
16538	0	---		58	448
16539	0	---		59	448
16540	0	---		60	448
16541	0	---		61	448
16542	0	---		62	448
16543	0	---		63	448
16544	0.5	---		25	449
16545	0	---		26	449
16547	0	---		28	449
16548	0	---		29	449
16549	0	---		30	449
16550	0	---		32	449
16551	0	---		34	449
16552	0	---		35	449
16553	1	---		36	449
16554	0	---		41	449
16555	1	---		42	449
16556	0	---		43	449
16557	2087	---		64	449
16558	0	---		37	449
16559	0	---		38	449
16560	0	---		39	449
16561	0	---		40	449
16562	0	---		130	449
16564	1	---		45	449
16565	1	---		46	449
16566	0	---		47	449
16567	0	---		48	449
16568	1	---		49	449
16569	0	---		50	449
16570	0	---		51	449
16571	0	---		52	449
16572	0	---		53	449
16573	0	---		54	449
16574	1	---		55	449
16575	0	---		56	449
16576	0	---		57	449
16577	0	---		58	449
16578	0	---		59	449
16579	0	---		60	449
16581	0	---		62	449
16582	0	---		63	449
16583	0.5	---		25	450
16584	0	---		26	450
16585	0	---		27	450
16586	0	---		28	450
16587	0	---		29	450
16588	0	---		30	450
16589	0	---		32	450
16590	1	---		34	450
16591	0	---		35	450
16592	1	---		36	450
16593	1	---		41	450
16594	1	---		42	450
16595	0	---		43	450
16596	2087	---		64	450
16598	0	---		38	450
16599	0	---		39	450
16600	0	---		40	450
16601	0	---		130	450
16602	1	---		44	450
16603	1	---		45	450
16604	1	---		46	450
16605	0	---		47	450
16606	0	---		48	450
16607	1	---		49	450
16608	0	---		50	450
16609	0	---		51	450
16610	0	---		52	450
16611	0	---		53	450
16612	0	---		54	450
16613	1	---		55	450
16615	0	---		57	450
16616	0	---		58	450
16617	0	---		59	450
16618	0	---		60	450
16619	0	---		61	450
16620	0	---		62	450
16621	0	---		63	450
16622	0.5	---		25	451
16623	0	---		26	451
16624	0	---		27	451
16625	0	---		28	451
16626	0	---		29	451
16627	0	---		30	451
16628	0	---		32	451
16629	0	---		34	451
16630	0	---		35	451
16632	0	---		41	451
16633	1	---		42	451
16634	0	---		43	451
16635	2087	---		64	451
16636	0	---		37	451
16637	0	---		38	451
16638	0	---		39	451
16639	0	---		40	451
16640	0	---		130	451
16641	1	---		44	451
16642	1	---		45	451
16643	1	---		46	451
16644	0	---		47	451
16645	0	---		48	451
16407	1	---		44	445
16648	0	---		51	451
16650	0	---		53	451
16651	0	---		54	451
16652	1	---		55	451
16653	0	---		56	451
16654	0	---		57	451
16655	0	---		58	451
16656	0	---		59	451
16657	0	---		60	451
16658	0	---		61	451
16659	0	---		62	451
16660	0	---		63	451
16661	0.5	---		25	452
16662	0	---		26	452
16663	0	---		27	452
16664	0	---		28	452
16665	0	---		29	452
16667	0	---		32	452
16668	0	---		34	452
16669	0	---		35	452
16670	1	---		36	452
16671	0	---		41	452
16672	1	---		42	452
16673	0	---		43	452
16674	2087	---		64	452
16675	0	---		37	452
16676	0	---		38	452
16677	0	---		39	452
16678	0	---		40	452
16679	0	---		130	452
16680	1	---		44	452
16681	1	---		45	452
16682	1	---		46	452
16684	0	---		48	452
16685	1	---		49	452
16686	0	---		50	452
16687	0	---		51	452
16688	0	---		52	452
16689	0	---		53	452
16690	0	---		54	452
16691	1	---		55	452
16692	0	---		56	452
16693	0	---		57	452
16694	0	---		58	452
16695	0	---		59	452
16696	0	---		60	452
16697	0	---		61	452
16698	0	---		62	452
16699	0	---		63	452
16701	0	---		26	453
16702	0	---		27	453
16703	0	---		28	453
16704	0	---		29	453
16705	0	---		30	453
16706	0	---		32	453
16707	0	---		34	453
16708	0	---		35	453
16709	1	---		36	453
16710	0	---		41	453
16711	1	---		42	453
16712	0	---		43	453
16713	2087	---		64	453
16714	0	---		37	453
16715	0	---		38	453
16716	0	---		39	453
16718	0	---		130	453
16719	1	---		44	453
16720	1	---		45	453
16721	1	---		46	453
16722	0	---		47	453
16723	0	---		48	453
16724	1	---		49	453
16725	0	---		50	453
16726	0	---		51	453
16727	0	---		52	453
16728	0	---		53	453
16729	0	---		54	453
16730	1	---		55	453
16731	0	---		56	453
16732	0	---		57	453
16733	0	---		58	453
16735	0	---		60	453
16736	0	---		61	453
16737	0	---		62	453
16738	0	---		63	453
16739	0.5	---		25	454
16740	0	---		26	454
16741	0	---		27	454
16742	0	---		28	454
16743	0	---		29	454
16744	0	---		30	454
16745	0	---		32	454
16746	0	---		34	454
16747	0	---		35	454
16748	1	---		36	454
16749	0	---		41	454
16750	1	---		42	454
16752	2087	---		64	454
16753	0	---		37	454
16754	0	---		38	454
16755	0	---		39	454
16756	0	---		40	454
16757	0	---		130	454
16758	1	---		44	454
16759	1	---		45	454
16760	1	---		46	454
16761	0	---		47	454
16762	0	---		48	454
16763	1	---		49	454
16764	0	---		50	454
16765	0	---		51	454
16460	0	---		58	446
16768	0	---		54	454
16770	0	---		56	454
16771	0	---		57	454
16772	0	---		58	454
16773	0	---		59	454
16774	0	---		60	454
16775	0	---		61	454
16776	0	---		62	454
16777	0	---		63	454
16778	0.5	---		25	455
16779	0	---		26	455
16780	0	---		27	455
16781	0	---		28	455
16782	0	---		29	455
16783	0	---		30	455
16784	0	---		32	455
16785	0	---		34	455
16787	1	---		36	455
16788	0	---		41	455
16789	1	---		42	455
16790	0	---		43	455
16791	2087	---		64	455
16792	0	---		37	455
16793	0	---		38	455
16794	0	---		39	455
16795	0	---		40	455
16796	0	---		130	455
16797	1	---		44	455
16798	1	---		45	455
16799	1	---		46	455
16800	0	---		47	455
16801	0	---		48	455
16802	1	---		49	455
16804	0	---		51	455
16805	0	---		52	455
16806	0	---		53	455
16807	0	---		54	455
16808	1	---		55	455
16809	0	---		56	455
16810	0	---		57	455
16811	0	---		58	455
16812	0	---		59	455
16813	0	---		60	455
16814	0	---		61	455
16815	0	---		62	455
16816	0	---		63	455
16817	0.5	---		25	456
16818	0	---		26	456
16819	0	---		27	456
16821	0	---		29	456
16822	0	---		30	456
16823	0	---		32	456
16824	0	---		34	456
16825	0	---		35	456
16826	1	---		36	456
16827	0	---		41	456
16828	1	---		42	456
16829	0	---		43	456
16830	2087	---		64	456
16831	0	---		37	456
16832	0	---		38	456
16833	0	---		39	456
16834	0	---		40	456
16835	0	---		130	456
16836	1	---		44	456
16838	1	---		46	456
16839	0	---		47	456
16840	0	---		48	456
16841	1	---		49	456
16842	0	---		50	456
16843	0	---		51	456
16844	0	---		52	456
16845	0	---		53	456
16846	0	---		54	456
16847	1	---		55	456
16848	0	---		56	456
16849	0	---		57	456
16850	0	---		58	456
16851	0	---		59	456
16852	0	---		60	456
16853	0	---		61	456
16855	0	---		63	456
16856	0.5	---		25	457
16857	0	---		26	457
16858	0	---		27	457
16859	0	---		28	457
16860	0	---		29	457
16861	0	---		30	457
16862	0	---		32	457
16863	0	---		34	457
16864	0	---		35	457
16865	1	---		36	457
16866	0	---		41	457
16867	1	---		42	457
16868	0	---		43	457
16869	2087	---		64	457
16870	0	---		37	457
16872	0	---		39	457
16873	0	---		40	457
16874	0	---		130	457
16875	1	---		44	457
16876	1	---		45	457
16877	1	---		46	457
16878	0	---		47	457
16879	0	---		48	457
16880	1	---		49	457
16881	0	---		50	457
16882	0	---		51	457
16883	0	---		52	457
16884	0	---		53	457
16885	0	---		54	457
16527	0	---		47	448
16888	0	---		57	457
16890	0	---		59	457
16891	0	---		60	457
16892	0	---		61	457
16893	0	---		62	457
16894	0	---		63	457
16895	0.5	---		25	458
16896	0	---		26	458
16897	0	---		27	458
16898	0	---		28	458
16899	0	---		29	458
16900	0	---		30	458
16901	0	---		32	458
16902	0	---		34	458
16903	0	---		35	458
16904	1	---		36	458
16905	0	---		41	458
16907	0	---		43	458
16908	2087	---		64	458
16909	0	---		37	458
16910	0	---		38	458
16911	0	---		39	458
16912	0	---		40	458
16913	0	---		130	458
16914	1	---		44	458
16915	1	---		45	458
16916	1	---		46	458
16917	0	---		47	458
16918	0	---		48	458
16919	1	---		49	458
16920	0	---		50	458
16921	0	---		51	458
16922	0	---		52	458
16924	0	---		54	458
16925	1	---		55	458
16926	0	---		56	458
16927	0	---		57	458
16928	0	---		58	458
16929	0	---		59	458
16930	0	---		60	458
16931	0	---		61	458
16932	0	---		62	458
16933	0	---		63	458
16934	0.5	---		25	459
16935	0	---		26	459
16936	0	---		27	459
16937	0	---		28	459
16938	0	---		29	459
16939	0	---		30	459
16941	0	---		34	459
16942	0	---		35	459
16943	1	---		36	459
16944	0	---		41	459
16945	1	---		42	459
16946	0	---		43	459
16947	2087	---		64	459
16948	0	---		37	459
16949	0	---		38	459
16950	0	---		39	459
16951	0	---		40	459
16952	0	---		130	459
16953	1	---		44	459
16954	1	---		45	459
16955	1	---		46	459
16956	0	---		47	459
16958	1	---		49	459
16959	0	---		50	459
16960	0	---		51	459
16961	0	---		52	459
16962	0	---		53	459
16963	0	---		54	459
16964	1	---		55	459
16965	0	---		56	459
16966	0	---		57	459
16967	0	---		58	459
16968	0	---		59	459
16969	0	---		60	459
16970	0	---		61	459
16971	0	---		62	459
16972	0	---		63	459
16973	0.5	---		25	460
16975	0	---		27	460
16976	0	---		28	460
16977	0	---		29	460
16978	0	---		30	460
16979	0	---		32	460
16980	0	---		34	460
16981	0	---		35	460
16982	1	---		36	460
16983	0	---		41	460
16984	1	---		42	460
16985	0	---		43	460
16986	2087	---		64	460
16987	0	---		37	460
16988	0	---		38	460
16989	0	---		39	460
16990	0	---		40	460
16992	1	---		44	460
16993	1	---		45	460
16994	1	---		46	460
16995	0	---		47	460
16996	0	---		48	460
16997	1	---		49	460
16998	0	---		50	460
16999	0	---		51	460
17000	0	---		52	460
17001	0	---		53	460
17002	0	---		54	460
17003	1	---		55	460
17004	0	---		56	460
17005	0	---		57	460
16647	0	---		50	451
17008	0	---		60	460
17010	0	---		62	460
17011	0	---		63	460
17012	0.5	---		25	461
17013	0	---		26	461
17014	0	---		27	461
17015	0	---		28	461
17016	0	---		29	461
17017	0	---		30	461
17018	0	---		32	461
17019	0	---		34	461
17020	0	---		35	461
17021	1	---		36	461
17022	0	---		41	461
17023	1	---		42	461
17024	0	---		43	461
17025	2087	---		64	461
17027	0	---		38	461
17028	0	---		39	461
17029	0	---		40	461
17030	0	---		130	461
17031	1	---		44	461
17032	1	---		45	461
17033	1	---		46	461
17034	0	---		47	461
17035	0	---		48	461
17036	1	---		49	461
17037	0	---		50	461
17038	0	---		51	461
17039	0	---		52	461
17040	0	---		53	461
17041	0	---		54	461
17042	1	---		55	461
17044	0	---		57	461
17045	0	---		58	461
17046	0	---		59	461
17047	0	---		60	461
17048	0	---		61	461
17049	0	---		62	461
17050	0	---		63	461
17051	0.5	---		25	462
17052	0	---		26	462
17053	0	---		27	462
17054	0	---		28	462
17055	0	---		29	462
17056	0	---		30	462
17057	0	---		32	462
17058	0	---		34	462
17059	0	---		35	462
17061	0	---		41	462
17062	1	---		42	462
17063	0	---		43	462
17064	2087	---		64	462
17065	0	---		37	462
17066	0	---		38	462
17067	0	---		39	462
17068	0	---		40	462
17069	0	---		130	462
17070	1	---		44	462
17071	1	---		45	462
17072	1	---		46	462
17073	0	---		47	462
17074	0	---		48	462
17075	1	---		49	462
17076	0	---		50	462
17078	0	---		52	462
17079	0	---		53	462
17080	0	---		54	462
17081	1	---		55	462
17082	0	---		56	462
17083	0	---		57	462
17084	0	---		58	462
17085	0	---		59	462
17086	0	---		60	462
17087	0	---		61	462
17088	0	---		62	462
17089	0	---		63	462
17090	0.5	---		25	463
17091	0	---		26	463
17092	0	---		27	463
17093	0	---		28	463
17095	0	---		30	463
17096	0	---		32	463
17097	0	---		34	463
17098	0	---		35	463
17099	1	---		36	463
17100	0	---		41	463
17101	1	---		42	463
17102	0	---		43	463
17103	2087	---		64	463
17104	0	---		37	463
17105	0	---		38	463
17106	0	---		39	463
17107	0	---		40	463
17108	0	---		130	463
17109	1	---		44	463
17110	1	---		45	463
17112	0	---		47	463
17113	0	---		48	463
17114	1	---		49	463
17115	0	---		50	463
17116	0	---		51	463
17117	0	---		52	463
17118	0	---		53	463
17119	0	---		54	463
17120	1	---		55	463
17121	0	---		56	463
17122	0	---		57	463
17123	0	---		58	463
17124	0	---		59	463
17125	0	---		60	463
16717	0	---		40	453
17128	0	---		63	463
17130	0	---		26	464
17131	0	---		27	464
17132	0	---		28	464
17133	0	---		29	464
17134	0	---		30	464
17135	0	---		32	464
17136	1	---		34	464
17137	0	---		35	464
17138	1	---		36	464
17139	1	---		41	464
17140	1	---		42	464
17141	0	---		43	464
17142	2087	---		64	464
17143	0	---		37	464
17144	0	---		38	464
17145	0	---		39	464
17147	0	---		130	464
17148	1	---		44	464
17149	1	---		45	464
17150	1	---		46	464
17151	0	---		47	464
17152	0	---		48	464
17153	1	---		49	464
17154	0	---		50	464
17155	0	---		51	464
17156	0	---		52	464
17157	0	---		53	464
17158	0	---		54	464
17159	1	---		55	464
17160	0	---		56	464
17161	0	---		57	464
17162	0	---		58	464
17164	0	---		60	464
17165	0	---		61	464
17166	0	---		62	464
17167	0	---		63	464
17168	0.5	---		25	465
17169	0	---		26	465
17170	0	---		27	465
17171	0	---		28	465
17172	0	---		29	465
17173	0	---		30	465
17174	0	---		32	465
17175	0	---		34	465
17176	0	---		35	465
17177	1	---		36	465
17178	0	---		41	465
17179	1	---		42	465
17181	2087	---		64	465
17182	0	---		37	465
17183	0	---		38	465
17184	0	---		39	465
17185	0	---		40	465
17186	0	---		130	465
17187	1	---		44	465
17188	1	---		45	465
17189	1	---		46	465
17190	0	---		47	465
17191	0	---		48	465
17192	1	---		49	465
17193	0	---		50	465
17194	0	---		51	465
17195	0	---		52	465
17196	0	---		53	465
17198	1	---		55	465
17199	0	---		56	465
17200	0	---		57	465
17201	0	---		58	465
17202	0	---		59	465
17203	0	---		60	465
17204	0	---		61	465
17205	0	---		62	465
17206	0	---		63	465
17207	0.5	---		25	466
17208	0	---		26	466
17209	0	---		27	466
17210	0	---		28	466
17211	0	---		29	466
17212	0	---		30	466
17213	0	---		32	466
17215	0	---		35	466
17216	1	---		36	466
17217	0	---		41	466
17218	1	---		42	466
17219	0	---		43	466
17220	2087	---		64	466
17221	0	---		37	466
17222	0	---		38	466
17223	0	---		39	466
17224	0	---		40	466
17225	0	---		130	466
17226	1	---		44	466
17227	1	---		45	466
17228	1	---		46	466
17229	0	---		47	466
17230	0	---		48	466
17232	0	---		50	466
17233	0	---		51	466
17234	0	---		52	466
17235	0	---		53	466
17236	0	---		54	466
17237	1	---		55	466
17238	0	---		56	466
17239	0	---		57	466
17240	0	---		58	466
17241	0	---		59	466
17242	0	---		60	466
17243	0	---		61	466
17244	0	---		62	466
17245	0	---		63	466
16767	0	---		53	454
17248	0	---		27	467
17250	0	---		29	467
17251	0	---		30	467
17252	0	---		32	467
17253	0	---		34	467
17254	0	---		35	467
17255	1	---		36	467
17256	0	---		41	467
17257	1	---		42	467
17258	0	---		43	467
17259	2087	---		64	467
17260	0	---		37	467
17261	0	---		38	467
17262	0	---		39	467
17263	0	---		40	467
17264	0	---		130	467
17265	1	---		44	467
17267	1	---		46	467
17268	0	---		47	467
17269	0	---		48	467
17270	1	---		49	467
17271	0	---		50	467
17272	0	---		51	467
17273	0	---		52	467
17274	0	---		53	467
17275	0	---		54	467
17276	1	---		55	467
17277	0	---		56	467
17278	0	---		57	467
17279	0	---		58	467
17280	0	---		59	467
17281	0	---		60	467
17282	0	---		61	467
17284	0	---		63	467
17285	0.5	---		25	468
17286	0	---		26	468
17287	0	---		27	468
17288	0	---		28	468
17289	0	---		29	468
17290	0	---		30	468
17291	0	---		32	468
17292	0	---		34	468
17293	0	---		35	468
17294	1	---		36	468
17295	0	---		41	468
17296	1	---		42	468
17297	0	---		43	468
17298	2087	---		64	468
17299	0	---		37	468
17301	0	---		39	468
17302	0	---		40	468
17303	0	---		130	468
17304	1	---		44	468
17305	1	---		45	468
17306	1	---		46	468
17307	0	---		47	468
17308	0	---		48	468
17309	1	---		49	468
17310	0	---		50	468
17311	0	---		51	468
17312	0	---		52	468
17313	0	---		53	468
17314	0	---		54	468
17315	1	---		55	468
17316	0	---		56	468
17318	0	---		58	468
17319	0	---		59	468
17320	0	---		60	468
17321	0	---		61	468
17322	0	---		62	468
17323	0	---		63	468
17324	0.5	---		25	469
17325	0	---		26	469
17326	0	---		27	469
17327	0	---		28	469
17328	0	---		29	469
17329	0	---		30	469
17330	0	---		32	469
17331	0	---		34	469
17332	0	---		35	469
17333	1	---		36	469
17335	1	---		42	469
17336	0	---		43	469
17337	2087	---		64	469
17338	0	---		37	469
17339	0	---		38	469
17340	0	---		39	469
17341	0	---		40	469
17342	0	---		130	469
17343	1	---		44	469
17344	1	---		45	469
17345	1	---		46	469
17346	0	---		47	469
17347	0	---		48	469
17348	1	---		49	469
17349	0	---		50	469
17350	0	---		51	469
17352	0	---		53	469
17353	0	---		54	469
17354	1	---		55	469
17355	0	---		56	469
17356	0	---		57	469
17357	0	---		58	469
17358	0	---		59	469
17359	0	---		60	469
17360	0	---		61	469
17361	0	---		62	469
17362	0	---		63	469
17363	0.5	---		25	470
17364	0	---		26	470
17365	0	---		27	470
16887	0	---		56	457
17368	0	---		30	470
17370	0	---		34	470
17371	0	---		35	470
17372	1	---		36	470
17373	0	---		41	470
17374	1	---		42	470
17375	0	---		43	470
17376	2087	---		64	470
17377	0	---		37	470
17378	0	---		38	470
17379	0	---		39	470
17380	0	---		40	470
17381	0	---		130	470
17382	1	---		44	470
17383	1	---		45	470
17384	1	---		46	470
17385	0	---		47	470
17387	1	---		49	470
17388	0	---		50	470
17389	0	---		51	470
17390	0	---		52	470
17391	0	---		53	470
17392	0	---		54	470
17393	1	---		55	470
17394	0	---		56	470
17395	0	---		57	470
17396	0	---		58	470
17397	0	---		59	470
17398	0	---		60	470
17399	0	---		61	470
17400	0	---		62	470
17401	0	---		63	470
17402	0.5	---		25	471
17404	0	---		27	471
17405	0	---		28	471
17406	0	---		29	471
17407	0	---		30	471
17408	0	---		32	471
17409	0	---		34	471
17410	0	---		35	471
17411	1	---		36	471
17412	0	---		41	471
17413	1	---		42	471
17414	0	---		43	471
17415	2087	---		64	471
17416	0	---		37	471
17417	0	---		38	471
17418	0	---		39	471
17419	0	---		40	471
17421	1	---		44	471
17422	1	---		45	471
17423	1	---		46	471
17424	0	---		47	471
17425	0	---		48	471
17426	1	---		49	471
17427	0	---		50	471
17428	0	---		51	471
17429	0	---		52	471
17430	0	---		53	471
17431	0	---		54	471
17432	1	---		55	471
17433	0	---		56	471
17434	0	---		57	471
17435	0	---		58	471
17436	0	---		59	471
17438	0	---		61	471
17439	0	---		62	471
17440	0	---		63	471
17441	0.5	---		25	472
17442	0	---		26	472
17443	0	---		27	472
17444	0	---		28	472
17445	0	---		29	472
17446	0	---		30	472
17447	0	---		32	472
17448	0	---		34	472
17449	0	---		35	472
17450	1	---		36	472
17451	0	---		41	472
17452	1	---		42	472
17453	0	---		43	472
17455	0	---		37	472
17456	0	---		38	472
17457	0	---		39	472
17458	0	---		40	472
17459	0	---		130	472
17460	1	---		44	472
17461	1	---		45	472
17462	1	---		46	472
17463	0	---		47	472
17464	0	---		48	472
17465	1	---		49	472
17466	0	---		50	472
17467	0	---		51	472
17468	0	---		52	472
17469	0	---		53	472
17470	0	---		54	472
17472	0	---		56	472
17473	0	---		57	472
17474	0	---		58	472
17475	0	---		59	472
17476	0	---		60	472
17477	0	---		61	472
17478	0	---		62	472
17479	0	---		63	472
17480	0.5	---		25	473
17481	0	---		26	473
17482	0	---		27	473
17483	0	---		28	473
17484	0	---		29	473
17485	0	---		30	473
16974	0	---		26	460
17488	0	---		35	473
17490	0	---		41	473
17491	1	---		42	473
17492	0	---		43	473
17493	2087	---		64	473
17494	0	---		37	473
17495	0	---		38	473
17496	0	---		39	473
17497	0	---		40	473
17498	0	---		130	473
17499	1	---		44	473
17500	1	---		45	473
17501	1	---		46	473
17502	0	---		47	473
17503	0	---		48	473
17504	1	---		49	473
17505	0	---		50	473
17507	0	---		52	473
17508	0	---		53	473
17509	0	---		54	473
17510	1	---		55	473
17511	0	---		56	473
17512	0	---		57	473
17513	0	---		58	473
17514	0	---		59	473
17515	0	---		60	473
17516	0	---		61	473
17517	0	---		62	473
17518	0	---		63	473
17519	0.5	---		25	474
17520	0	---		26	474
17521	0	---		27	474
17522	0	---		28	474
17524	0	---		30	474
17525	0	---		32	474
17526	0	---		34	474
17527	0	---		35	474
17528	1	---		36	474
17529	0	---		41	474
17530	1	---		42	474
17531	0	---		43	474
17532	2087	---		64	474
17533	0	---		37	474
17534	0	---		38	474
17535	0	---		39	474
17536	0	---		40	474
17537	0	---		130	474
17538	1	---		44	474
17539	1	---		45	474
17541	0	---		47	474
17542	0	---		48	474
17543	1	---		49	474
17544	0	---		50	474
17545	0	---		51	474
17546	0	---		52	474
17547	0	---		53	474
17548	0	---		54	474
17549	1	---		55	474
17550	0	---		56	474
17551	0	---		57	474
17552	0	---		58	474
17553	0	---		59	474
17554	0	---		60	474
17555	0	---		61	474
17556	0	---		62	474
17558	0.5	---		25	475
17559	0	---		26	475
17560	0	---		27	475
17561	0	---		28	475
17562	0	---		29	475
17563	0	---		30	475
17564	0	---		32	475
17565	0	---		34	475
17566	0	---		35	475
17567	1	---		36	475
17568	0	---		41	475
17569	1	---		42	475
17570	0	---		43	475
17571	2087	---		64	475
17572	0	---		37	475
17573	0	---		38	475
17575	0	---		40	475
17576	0	---		130	475
17577	1	---		44	475
17578	1	---		45	475
17579	1	---		46	475
17580	0	---		47	475
17581	0	---		48	475
17582	1	---		49	475
17583	0	---		50	475
17584	0	---		51	475
17585	0	---		52	475
17586	0	---		53	475
17587	0	---		54	475
17588	1	---		55	475
17589	0	---		56	475
17590	0	---		57	475
17592	0	---		59	475
17593	0	---		60	475
17594	0	---		61	475
17595	0	---		62	475
17596	0	---		63	475
17597	0.5	---		25	476
17598	0	---		26	476
17599	0	---		27	476
17600	0	---		28	476
17601	0	---		29	476
17602	0	---		30	476
17603	0	---		32	476
17604	0	---		34	476
17605	0	---		35	476
17007	0	---		59	460
17608	1	---		42	476
17610	2087	---		64	476
17611	0	---		37	476
17612	0	---		38	476
17613	0	---		39	476
17614	0	---		40	476
17615	0	---		130	476
17616	1	---		44	476
17617	1	---		45	476
17618	1	---		46	476
17619	0	---		47	476
17620	0	---		48	476
17621	1	---		49	476
17622	0	---		50	476
17623	0	---		51	476
17624	0	---		52	476
17625	0	---		53	476
17627	1	---		55	476
17628	0	---		56	476
17629	0	---		57	476
17630	0	---		58	476
17631	0	---		59	476
17632	0	---		60	476
17633	0	---		61	476
17634	0	---		62	476
17635	0	---		63	476
17636	0.5	---		25	477
17637	0	---		26	477
17638	0	---		27	477
17639	0	---		28	477
17640	0	---		29	477
17641	0	---		30	477
17642	0	---		32	477
17644	0	---		35	477
17645	1	---		36	477
17646	0	---		41	477
17647	1	---		42	477
17648	0	---		43	477
17649	2087	---		64	477
17650	0	---		37	477
17651	0	---		38	477
17652	0	---		39	477
17653	0	---		40	477
17654	0	---		130	477
17655	1	---		44	477
17656	1	---		45	477
17657	1	---		46	477
17658	0	---		47	477
17659	0	---		48	477
17661	0	---		50	477
17662	0	---		51	477
17663	0	---		52	477
17664	0	---		53	477
17665	0	---		54	477
17666	1	---		55	477
17667	0	---		56	477
17668	0	---		57	477
17669	0	---		58	477
17670	0	---		59	477
17671	0	---		60	477
17672	0	---		61	477
17673	0	---		62	477
17674	0	---		63	477
17675	0.5	---		25	478
17676	0	---		26	478
17678	0	---		28	478
17679	0	---		29	478
17680	0	---		30	478
17681	0	---		32	478
17682	0	---		34	478
17683	0	---		35	478
17684	1	---		36	478
17685	0	---		41	478
17686	1	---		42	478
17687	0	---		43	478
17688	2087	---		64	478
17689	0	---		37	478
17690	0	---		38	478
17691	0	---		39	478
17692	0	---		40	478
17693	0	---		130	478
17695	1	---		45	478
17696	1	---		46	478
17697	0	---		47	478
17698	0	---		48	478
17699	1	---		49	478
17700	0	---		50	478
17701	0	---		51	478
17702	0	---		52	478
17703	0	---		53	478
17704	0	---		54	478
17705	1	---		55	478
17706	0	---		56	478
17707	0	---		57	478
17708	0	---		58	478
17709	0	---		59	478
17710	0	---		60	478
17712	0	---		62	478
17713	0	---		63	478
17714	0.5	---		25	479
17715	0	---		26	479
17716	0	---		27	479
17717	0	---		28	479
17718	0	---		29	479
17719	0	---		30	479
17720	0	---		32	479
17721	0	---		34	479
17722	0	---		35	479
17723	1	---		36	479
17724	0	---		41	479
17725	1	---		42	479
17127	0	---		62	463
17728	0	---		37	479
17730	0	---		39	479
17731	0	---		40	479
17732	0	---		130	479
17733	1	---		44	479
17734	1	---		45	479
17735	1	---		46	479
17736	0	---		47	479
17737	0	---		48	479
17738	1	---		49	479
17739	0	---		50	479
17740	0	---		51	479
17741	0	---		52	479
17742	0	---		53	479
17743	0	---		54	479
17744	1	---		55	479
17745	0	---		56	479
17747	0	---		58	479
17748	0	---		59	479
17749	0	---		60	479
17750	0	---		61	479
17751	0	---		62	479
17752	0	---		63	479
17753	0.5	---		25	480
17754	0	---		26	480
17755	0	---		27	480
17756	0	---		28	480
17757	0	---		29	480
17758	0	---		30	480
17759	0	---		32	480
17760	0	---		34	480
17761	0	---		35	480
17762	1	---		36	480
17764	1	---		42	480
17765	0	---		43	480
17766	2087	---		64	480
17767	0	---		37	480
17768	0	---		38	480
17769	0	---		39	480
17770	0	---		40	480
17771	0	---		130	480
17772	1	---		44	480
17773	1	---		45	480
17774	1	---		46	480
17775	0	---		47	480
17776	0	---		48	480
17777	1	---		49	480
17778	0	---		50	480
17779	0	---		51	480
17781	0	---		53	480
17782	0	---		54	480
17783	1	---		55	480
17784	0	---		56	480
17785	0	---		57	480
17786	0	---		58	480
17787	0	---		59	480
17788	0	---		60	480
17789	0	---		61	480
17790	0	---		62	480
17791	0	---		63	480
17792	0.5	---		25	481
17793	0	---		26	481
17794	0	---		27	481
17795	0	---		28	481
17796	0	---		29	481
17798	0	---		32	481
17799	0	---		34	481
17800	0	---		35	481
17801	1	---		36	481
17802	0	---		41	481
17803	1	---		42	481
17804	0	---		43	481
17805	2087	---		64	481
17806	0	---		37	481
17807	0	---		38	481
17808	0	---		39	481
17809	0	---		40	481
17810	0	---		130	481
17811	1	---		44	481
17812	1	---		45	481
17813	1	---		46	481
17815	0	---		48	481
17816	1	---		49	481
17817	0	---		50	481
17818	0	---		51	481
17819	0	---		52	481
17820	0	---		53	481
17821	0	---		54	481
17822	1	---		55	481
17823	0	---		56	481
17824	0	---		57	481
17825	0	---		58	481
17826	0	---		59	481
17827	0	---		60	481
17828	0	---		61	481
17829	0	---		62	481
17830	0	---		63	481
17832	0	---		26	482
17833	0	---		27	482
17834	0	---		28	482
17835	0	---		29	482
17836	0	---		30	482
17837	0	---		32	482
17838	0	---		34	482
17839	0	---		35	482
17840	1	---		36	482
17841	0	---		41	482
17842	1	---		42	482
17843	0	---		43	482
17844	2087	---		64	482
17845	0	---		37	482
17231	1	---		49	466
17848	0	---		40	482
17850	1	---		44	482
17851	1	---		45	482
17852	1	---		46	482
17853	0	---		47	482
17854	0	---		48	482
17855	1	---		49	482
17856	0	---		50	482
17857	0	---		51	482
17858	0	---		52	482
17859	0	---		53	482
17860	0	---		54	482
17861	1	---		55	482
17862	0	---		56	482
17863	0	---		57	482
17864	0	---		58	482
17865	0	---		59	482
17867	0	---		61	482
17868	0	---		62	482
17869	0	---		63	482
17870	0.5	---		25	483
17871	0	---		26	483
17872	0	---		27	483
17873	0	---		28	483
17874	0	---		29	483
17875	0	---		30	483
17876	0	---		32	483
17877	0	---		34	483
17878	0	---		35	483
17879	1	---		36	483
17880	0	---		41	483
17881	1	---		42	483
17882	0	---		43	483
17884	0	---		37	483
17885	0	---		38	483
17886	0	---		39	483
17887	0	---		40	483
17888	0	---		130	483
17889	1	---		44	483
17890	1	---		45	483
17891	1	---		46	483
17892	0	---		47	483
17893	0	---		48	483
17894	1	---		49	483
17895	0	---		50	483
17896	0	---		51	483
17897	0	---		52	483
17898	0	---		53	483
17899	0	---		54	483
17901	0	---		56	483
17902	0	---		57	483
17903	0	---		58	483
17904	0	---		59	483
17905	0	---		60	483
17906	0	---		61	483
17907	0	---		62	483
17908	0	---		63	483
17909	0.5	---		25	484
17910	0	---		26	484
17911	0	---		27	484
17912	0	---		28	484
17913	0	---		29	484
17914	0	---		30	484
17915	0	---		32	484
17916	0	---		34	484
17918	1	---		36	484
17919	0	---		41	484
17920	1	---		42	484
17921	0	---		43	484
17922	2087	---		64	484
17923	0	---		37	484
17924	0	---		38	484
17925	0	---		39	484
17926	0	---		40	484
17927	0	---		130	484
17928	1	---		44	484
17929	1	---		45	484
17930	1	---		46	484
17931	0	---		47	484
17932	0	---		48	484
17933	1	---		49	484
17935	0	---		51	484
17936	0	---		52	484
17937	0	---		53	484
17938	0	---		54	484
17939	1	---		55	484
17940	0	---		56	484
17941	0	---		57	484
17942	0	---		58	484
17943	0	---		59	484
17944	0	---		60	484
17945	0	---		61	484
17946	0	---		62	484
17947	0	---		63	484
17948	0.5	---		25	485
17949	0	---		26	485
17950	0	---		27	485
17952	0	---		29	485
17953	0	---		30	485
17954	0	---		32	485
17955	0	---		34	485
17956	0	---		35	485
17957	1	---		36	485
17958	0	---		41	485
17959	1	---		42	485
17960	0	---		43	485
17961	2087	---		64	485
17962	0	---		37	485
17963	0	---		38	485
17964	0	---		39	485
17965	0	---		40	485
17247	0	---		26	467
17968	1	---		45	485
17970	0	---		47	485
17971	0	---		48	485
17972	1	---		49	485
17973	0	---		50	485
17974	0	---		51	485
17975	0	---		52	485
17976	0	---		53	485
17977	0	---		54	485
17978	1	---		55	485
17979	0	---		56	485
17980	0	---		57	485
17981	0	---		58	485
17982	0	---		59	485
17983	0	---		60	485
17984	0	---		61	485
17985	0	---		62	485
17987	0.5	---		25	486
17988	0	---		26	486
17989	0	---		27	486
17990	0	---		28	486
17991	0	---		29	486
17992	0	---		30	486
17993	0	---		32	486
17994	0	---		34	486
17995	0	---		35	486
17996	1	---		36	486
17997	0	---		41	486
17998	1	---		42	486
17999	0	---		43	486
18000	2087	---		64	486
18001	0	---		37	486
18002	0	---		38	486
18004	0	---		40	486
18005	0	---		130	486
18006	1	---		44	486
18007	1	---		45	486
18008	1	---		46	486
18009	0	---		47	486
18010	0	---		48	486
18011	1	---		49	486
18012	0	---		50	486
18013	0	---		51	486
18014	0	---		52	486
18015	0	---		53	486
18016	0	---		54	486
18017	1	---		55	486
18018	0	---		56	486
18019	0	---		57	486
18021	0	---		59	486
18022	0	---		60	486
18023	0	---		61	486
18024	0	---		62	486
18025	0	---		63	486
18026	0.5	---		25	487
18027	0	---		26	487
18028	0	---		27	487
18029	0	---		28	487
18030	0	---		29	487
18031	0	---		30	487
18032	0	---		32	487
18033	0	---		34	487
18034	0	---		35	487
18035	1	---		36	487
18036	0	---		41	487
18038	0	---		43	487
18039	2087	---		64	487
18040	0	---		37	487
18041	0	---		38	487
18042	0	---		39	487
18043	0	---		40	487
18044	0	---		130	487
18045	1	---		44	487
18046	1	---		45	487
18047	1	---		46	487
18048	0	---		47	487
18049	0	---		48	487
18050	1	---		49	487
18051	0	---		50	487
18052	0	---		51	487
18053	0	---		52	487
18055	0	---		54	487
18056	1	---		55	487
18057	0	---		56	487
18058	0	---		57	487
18059	0	---		58	487
18060	0	---		59	487
18061	0	---		60	487
18062	0	---		61	487
18063	0	---		62	487
18064	0	---		63	487
18065	0.5	---		25	488
18066	0	---		26	488
18067	0	---		27	488
18068	0	---		28	488
18069	0	---		29	488
18070	0	---		30	488
18072	0	---		34	488
18073	0	---		35	488
18074	1	---		36	488
18075	0	---		41	488
18076	1	---		42	488
18077	0	---		43	488
18078	2087	---		64	488
18079	0	---		37	488
18080	0	---		38	488
18081	0	---		39	488
18082	0	---		40	488
18083	0	---		130	488
18084	1	---		44	488
18085	1	---		45	488
17367	0	---		29	470
18088	0	---		48	488
18090	0	---		50	488
18091	0	---		51	488
18092	0	---		52	488
18093	0	---		53	488
18094	0	---		54	488
18095	1	---		55	488
18096	0	---		56	488
18097	0	---		57	488
18098	0	---		58	488
18099	0	---		59	488
18100	0	---		60	488
18101	0	---		61	488
18102	0	---		62	488
18103	0	---		63	488
18104	0.5	---		25	489
18105	0	---		26	489
18107	0	---		28	489
18108	0	---		29	489
18109	0	---		30	489
18110	0	---		32	489
18111	0	---		34	489
18112	0	---		35	489
18113	1	---		36	489
18114	0	---		41	489
18115	1	---		42	489
18116	0	---		43	489
18117	2087	---		64	489
18118	0	---		37	489
18119	0	---		38	489
18120	0	---		39	489
18121	0	---		40	489
18122	0	---		130	489
18124	1	---		45	489
18125	1	---		46	489
18126	0	---		47	489
18127	0	---		48	489
18128	1	---		49	489
18129	0	---		50	489
18130	0	---		51	489
18131	0	---		52	489
18132	0	---		53	489
18133	0	---		54	489
18134	1	---		55	489
18135	0	---		56	489
18136	0	---		57	489
18137	0	---		58	489
18138	0	---		59	489
18139	0	---		60	489
18141	0	---		62	489
18142	0	---		63	489
18143	0.5	---		25	490
18144	0	---		26	490
18145	0	---		27	490
18146	0	---		28	490
18147	0	---		29	490
18148	0	---		30	490
18149	0	---		32	490
18150	0	---		34	490
18151	0	---		35	490
18152	1	---		36	490
18153	0	---		41	490
18154	1	---		42	490
18155	0	---		43	490
18156	2087	---		64	490
18158	0	---		38	490
18159	0	---		39	490
18160	0	---		40	490
18161	0	---		130	490
18162	1	---		44	490
18163	1	---		45	490
18164	1	---		46	490
18165	0	---		47	490
18166	0	---		48	490
18167	1	---		49	490
18168	0	---		50	490
18169	0	---		51	490
18170	0	---		52	490
18171	0	---		53	490
18172	0	---		54	490
18173	1	---		55	490
18175	0	---		57	490
18176	0	---		58	490
18177	0	---		59	490
18178	0	---		60	490
18179	0	---		61	490
18180	0	---		62	490
18181	0	---		63	490
18182	0.5	---		25	491
18183	0	---		26	491
18184	0	---		27	491
18185	0	---		28	491
18186	0	---		29	491
18187	0	---		30	491
18188	0	---		32	491
18189	0	---		34	491
18190	0	---		35	491
18192	0	---		41	491
18193	1	---		42	491
18194	0	---		43	491
18195	2087	---		64	491
18196	0	---		37	491
18197	0	---		38	491
18198	0	---		39	491
18199	0	---		40	491
18200	0	---		130	491
18201	1	---		44	491
18202	1	---		45	491
18203	1	---		46	491
18204	0	---		47	491
18205	0	---		48	491
17486	0	---		32	473
18208	0	---		51	491
18210	0	---		53	491
18211	0	---		54	491
18212	1	---		55	491
18213	0	---		56	491
18214	0	---		57	491
18215	0	---		58	491
18216	0	---		59	491
18217	0	---		60	491
18218	0	---		61	491
18219	0	---		62	491
18220	0	---		63	491
18221	0.5	---		25	492
18223	0	---		27	492
18224	0	---		28	492
18225	0	---		29	492
18226	0	---		30	492
18227	0	---		32	492
18228	0	---		34	492
18229	0	---		35	492
18230	1	---		36	492
18231	0	---		41	492
18232	1	---		42	492
18233	0	---		43	492
18234	2087	---		64	492
18235	0	---		37	492
18236	0	---		38	492
18237	0	---		39	492
18238	0	---		40	492
18239	0	---		130	492
18240	1	---		44	492
18241	1	---		45	492
18242	1	---		46	492
18244	0	---		48	492
18245	1	---		49	492
18246	0	---		50	492
18247	0	---		51	492
18248	0	---		52	492
18249	0	---		53	492
18250	0	---		54	492
18251	1	---		55	492
18252	0	---		56	492
18253	0	---		57	492
18254	0	---		58	492
18255	0	---		59	492
18256	0	---		60	492
18257	0	---		61	492
18258	0	---		62	492
18259	0	---		63	492
18261	0	---		26	493
18262	0	---		27	493
18263	0	---		28	493
18264	0	---		29	493
18265	0	---		30	493
18266	0	---		32	493
18267	0	---		34	493
18268	0	---		35	493
18269	1	---		36	493
18270	0	---		41	493
18271	1	---		42	493
18272	0	---		43	493
18273	2087	---		64	493
18274	0	---		37	493
18275	0	---		38	493
18276	0	---		39	493
18278	0	---		130	493
18279	1	---		44	493
18280	1	---		45	493
18281	1	---		46	493
18282	0	---		47	493
18283	0	---		48	493
18284	1	---		49	493
18285	0	---		50	493
18286	0	---		51	493
18287	0	---		52	493
18288	0	---		53	493
18289	0	---		54	493
18290	1	---		55	493
18291	0	---		56	493
18292	0	---		57	493
18293	0	---		58	493
18295	0	---		60	493
18296	0	---		61	493
18297	0	---		62	493
18298	0	---		63	493
18299	0.5	---		25	494
18300	0	---		26	494
18301	0	---		27	494
18302	0	---		28	494
18303	0	---		29	494
18304	0	---		30	494
18305	0	---		32	494
18306	0	---		34	494
18307	0	---		35	494
18308	1	---		36	494
18309	0	---		41	494
18310	1	---		42	494
18312	2087	---		64	494
18313	0	---		37	494
18314	0	---		38	494
18315	0	---		39	494
18316	0	---		40	494
18317	0	---		130	494
18318	1	---		44	494
18319	1	---		45	494
18320	1	---		46	494
18321	0	---		47	494
18322	0	---		48	494
18323	1	---		49	494
18324	0	---		50	494
18325	0	---		51	494
17487	0	---		34	473
18328	0	---		54	494
18330	0	---		56	494
18331	0	---		57	494
18332	0	---		58	494
18333	0	---		59	494
18334	0	---		60	494
18335	0	---		61	494
18336	0	---		62	494
18337	0	---		63	494
18338	0.5	---		25	495
18339	0	---		26	495
18340	0	---		27	495
18341	0	---		28	495
18342	0	---		29	495
18343	0	---		30	495
18344	0	---		32	495
18345	0	---		34	495
18347	1	---		36	495
18348	0	---		41	495
18349	1	---		42	495
18350	0	---		43	495
18351	2087	---		64	495
18352	0	---		37	495
18353	0	---		38	495
18354	0	---		39	495
18355	0	---		40	495
18356	0	---		130	495
18357	1	---		44	495
18358	1	---		45	495
18359	1	---		46	495
18360	0	---		47	495
18361	0	---		48	495
18362	1	---		49	495
18364	0	---		51	495
18365	0	---		52	495
18366	0	---		53	495
18367	0	---		54	495
18368	1	---		55	495
18369	0	---		56	495
18370	0	---		57	495
18371	0	---		58	495
18372	0	---		59	495
18373	0	---		60	495
18374	0	---		61	495
18375	0	---		62	495
18376	0	---		63	495
18377	0.5	---		25	496
18378	0	---		26	496
18379	0	---		27	496
18381	0	---		29	496
18382	0	---		30	496
18383	0	---		32	496
18384	0	---		34	496
18385	0	---		35	496
18386	1	---		36	496
18387	0	---		41	496
18388	1	---		42	496
18389	0	---		43	496
18390	2087	---		64	496
18391	0	---		37	496
18392	0	---		38	496
18393	0	---		39	496
18394	0	---		40	496
18395	0	---		130	496
18396	1	---		44	496
18398	1	---		46	496
18399	0	---		47	496
18400	0	---		48	496
18401	1	---		49	496
18402	0	---		50	496
18403	0	---		51	496
18404	0	---		52	496
18405	0	---		53	496
18406	0	---		54	496
18407	1	---		55	496
18408	0	---		56	496
18409	0	---		57	496
18410	0	---		58	496
18411	0	---		59	496
18412	0	---		60	496
18413	0	---		61	496
18415	0	---		63	496
18416	0.5	---		25	497
18417	0	---		26	497
18418	0	---		27	497
18419	0	---		28	497
18420	0	---		29	497
18421	0	---		30	497
18422	0	---		32	497
18423	0	---		34	497
18424	0	---		35	497
18425	1	---		36	497
18426	0	---		41	497
18427	1	---		42	497
18428	0	---		43	497
18429	2103	---		64	497
18430	0	---		37	497
18432	0	---		39	497
18433	0	---		40	497
18434	0	---		130	497
18435	1	---		44	497
18436	1	---		45	497
18437	1	---		46	497
18438	0	---		47	497
18439	1	---		48	497
18440	1	---		49	497
18441	0	---		50	497
18442	0	---		51	497
18443	0	---		52	497
18444	0	---		53	497
18445	0	---		54	497
17607	0	---		41	476
18448	0	---		57	497
18450	0	---		59	497
18451	0	---		60	497
18452	0	---		61	497
18453	0	---		62	497
18454	0	---		63	497
18455	0.5	---		25	498
18456	0	---		26	498
18457	0	---		27	498
18458	0	---		28	498
18459	0	---		29	498
18460	0	---		30	498
18461	0	---		32	498
18462	0	---		34	498
18463	0	---		35	498
18464	1	---		36	498
18465	0	---		41	498
18467	0	---		43	498
18468	2087	---		64	498
18469	0	---		37	498
18470	0	---		38	498
18471	0	---		39	498
18472	0	---		40	498
18473	0	---		130	498
18474	1	---		44	498
18475	1	---		45	498
18476	1	---		46	498
18477	0	---		47	498
18478	0	---		48	498
18479	1	---		49	498
18480	0	---		50	498
18481	0	---		51	498
18482	0	---		52	498
18484	0	---		54	498
18485	1	---		55	498
18486	0	---		56	498
18487	0	---		57	498
18488	0	---		58	498
18489	0	---		59	498
18490	0	---		60	498
18491	0	---		61	498
18492	0	---		62	498
18493	0	---		63	498
18494	0.5	---		25	499
18495	0	---		26	499
18496	0	---		27	499
18497	0	---		28	499
18498	0	---		29	499
18499	0	---		30	499
18501	1	---		34	499
18502	0	---		35	499
18503	1	---		36	499
18504	1	---		41	499
18505	1	---		42	499
18506	0	---		43	499
18507	2087	---		64	499
18508	0	---		37	499
18509	0	---		38	499
18510	0	---		39	499
18511	0	---		40	499
18512	0	---		130	499
18513	1	---		44	499
18514	1	---		45	499
18515	1	---		46	499
18516	0	---		47	499
18518	1	---		49	499
18519	0	---		50	499
18520	0	---		51	499
18521	0	---		52	499
18522	0	---		53	499
18523	0	---		54	499
18524	1	---		55	499
18525	0	---		56	499
18526	0	---		57	499
18527	0	---		58	499
18528	0	---		59	499
18529	0	---		60	499
18530	0	---		61	499
18531	0	---		62	499
18532	0	---		63	499
18533	0.5	---		25	500
18535	0	---		27	500
18536	0	---		28	500
18537	0	---		29	500
18538	0	---		30	500
18539	0	---		32	500
18540	0	---		34	500
18541	0	---		35	500
18542	1	---		36	500
18543	0	---		41	500
18544	1	---		42	500
18545	0	---		43	500
18546	2087	---		64	500
18547	0	---		37	500
18548	0	---		38	500
18549	0	---		39	500
18550	0	---		40	500
18552	1	---		44	500
18553	1	---		45	500
18554	1	---		46	500
18555	0	---		47	500
18556	0	---		48	500
18557	1	---		49	500
18558	0	---		50	500
18559	0	---		51	500
18560	0	---		52	500
18561	0	---		53	500
18562	0	---		54	500
18563	1	---		55	500
18564	0	---		56	500
18565	0	---		57	500
17727	2087	---		64	479
18568	0	---		60	500
18570	0	---		62	500
18571	0	---		63	500
18572	0.5	---		25	501
18573	0	---		26	501
18574	0	---		27	501
18575	0	---		28	501
18576	0	---		29	501
18577	0	---		30	501
18578	0	---		32	501
18579	0	---		34	501
18580	0	---		35	501
18581	1	---		36	501
18582	0	---		41	501
18583	1	---		42	501
18584	0	---		43	501
18585	2087	---		64	501
18587	0	---		38	501
18588	0	---		39	501
18589	0	---		40	501
18590	0	---		130	501
18591	1	---		44	501
18592	1	---		45	501
18593	1	---		46	501
18594	0	---		47	501
18595	0	---		48	501
18596	1	---		49	501
18597	0	---		50	501
18598	0	---		51	501
18599	0	---		52	501
18600	0	---		53	501
18601	0	---		54	501
18602	1	---		55	501
18604	0	---		57	501
18605	0	---		58	501
18606	0	---		59	501
18607	0	---		60	501
18608	0	---		61	501
18609	0	---		62	501
18610	0	---		63	501
18611	0.5	---		25	502
18612	0	---		26	502
18613	0	---		27	502
18614	0	---		28	502
18615	0	---		29	502
18616	0	---		30	502
18617	0	---		32	502
18618	0	---		34	502
18619	0	---		35	502
18621	0	---		41	502
18622	1	---		42	502
18623	0	---		43	502
18624	2087	---		64	502
18625	0	---		37	502
18626	0	---		38	502
18627	0	---		39	502
18628	0	---		40	502
18629	0	---		130	502
18630	1	---		44	502
18631	1	---		45	502
18632	1	---		46	502
18633	0	---		47	502
18634	0	---		48	502
18635	1	---		49	502
18636	0	---		50	502
18638	0	---		52	502
18639	0	---		53	502
18640	0	---		54	502
18641	1	---		55	502
18642	0	---		56	502
18643	0	---		57	502
18644	0	---		58	502
18645	0	---		59	502
18646	0	---		60	502
18647	0	---		61	502
18648	0	---		62	502
18649	0	---		63	502
18650	0.5	---		25	503
18651	0	---		26	503
18652	0	---		27	503
18653	0	---		28	503
18655	0	---		30	503
18656	0	---		32	503
18657	0	---		34	503
18658	0	---		35	503
18659	1	---		36	503
18660	0	---		41	503
18661	1	---		42	503
18662	0	---		43	503
18663	2087	---		64	503
18664	0	---		37	503
18665	0	---		38	503
18666	0	---		39	503
18667	0	---		40	503
18668	0	---		130	503
18669	1	---		44	503
18670	1	---		45	503
18672	0	---		47	503
18673	0	---		48	503
18674	1	---		49	503
18675	0	---		50	503
18676	0	---		51	503
18677	0	---		52	503
18678	0	---		53	503
18679	0	---		54	503
18680	1	---		55	503
18681	0	---		56	503
18682	0	---		57	503
18683	0	---		58	503
18684	0	---		59	503
18685	0	---		60	503
17729	0	---		38	479
18688	0	---		63	503
18690	0	---		26	504
18691	0	---		27	504
18692	0	---		28	504
18693	0	---		29	504
18694	0	---		30	504
18695	0	---		32	504
18696	1	---		34	504
18697	0	---		35	504
18698	1	---		36	504
18699	1	---		41	504
18700	1	---		42	504
18701	0	---		43	504
18702	2087	---		64	504
18703	0	---		37	504
18704	0	---		38	504
18705	0	---		39	504
18707	0	---		130	504
18708	1	---		44	504
18709	1	---		45	504
18710	1	---		46	504
18711	0	---		47	504
18712	0	---		48	504
18713	1	---		49	504
18714	0	---		50	504
18715	0	---		51	504
18716	0	---		52	504
18717	0	---		53	504
18718	0	---		54	504
18719	1	---		55	504
18720	0	---		56	504
18721	0	---		57	504
18722	0	---		58	504
18724	0	---		60	504
18725	0	---		61	504
18726	0	---		62	504
18727	0	---		63	504
18728	0.5	---		25	505
18729	0	---		26	505
18730	0	---		27	505
18731	0	---		28	505
18732	0	---		29	505
18733	0	---		30	505
18734	0	---		32	505
18735	0	---		34	505
18736	0	---		35	505
18737	1	---		36	505
18738	0	---		41	505
18739	1	---		42	505
18741	2087	---		64	505
18742	0	---		37	505
18743	0	---		38	505
18744	0	---		39	505
18745	0	---		40	505
18746	0	---		130	505
18747	1	---		44	505
18748	1	---		45	505
18749	1	---		46	505
18750	0	---		47	505
18751	0	---		48	505
18752	1	---		49	505
18753	0	---		50	505
18754	0	---		51	505
18755	0	---		52	505
18756	0	---		53	505
18758	1	---		55	505
18759	0	---		56	505
18760	0	---		57	505
18761	0	---		58	505
18762	0	---		59	505
18763	0	---		60	505
18764	0	---		61	505
18765	0	---		62	505
18766	0	---		63	505
18767	0.5	---		25	506
18768	0	---		26	506
18769	0	---		27	506
18770	0	---		28	506
18771	0	---		29	506
18772	0	---		30	506
18773	0	---		32	506
18775	0	---		35	506
18776	1	---		36	506
18777	0	---		41	506
18778	1	---		42	506
18779	0	---		43	506
18780	2087	---		64	506
18781	0	---		37	506
18782	0	---		38	506
18783	0	---		39	506
18784	0	---		40	506
18785	0	---		130	506
18786	1	---		44	506
18787	1	---		45	506
18788	1	---		46	506
18789	0	---		47	506
18790	0	---		48	506
18792	0	---		50	506
18793	0	---		51	506
18794	0	---		52	506
18795	0	---		53	506
18796	0	---		54	506
18797	1	---		55	506
18798	0	---		56	506
18799	0	---		57	506
18800	0	---		58	506
18801	0	---		59	506
18802	0	---		60	506
18803	0	---		61	506
18804	0	---		62	506
18805	0	---		63	506
17847	0	---		39	482
18808	0	---		27	507
18810	0	---		29	507
18811	0	---		30	507
18812	0	---		32	507
18813	0	---		34	507
18814	0	---		35	507
18815	1	---		36	507
18816	0	---		41	507
18817	1	---		42	507
18818	0	---		43	507
18819	2087	---		64	507
18820	0	---		37	507
18821	0	---		38	507
18822	0	---		39	507
18823	0	---		40	507
18824	0	---		130	507
18825	1	---		44	507
18827	1	---		46	507
18828	0	---		47	507
18829	0	---		48	507
18830	1	---		49	507
18831	0	---		50	507
18832	0	---		51	507
18833	0	---		52	507
18834	0	---		53	507
18835	0	---		54	507
18836	1	---		55	507
18837	0	---		56	507
18838	0	---		57	507
18839	0	---		58	507
18840	0	---		59	507
18841	0	---		60	507
18842	0	---		61	507
18844	0	---		63	507
18845	0.5	---		25	508
18846	0	---		26	508
18847	0	---		27	508
18848	0	---		28	508
18849	0	---		29	508
18850	0	---		30	508
18851	0	---		32	508
18852	0	---		34	508
18853	0	---		35	508
18854	1	---		36	508
18855	0	---		41	508
18856	1	---		42	508
18857	0	---		43	508
18858	2087	---		64	508
18859	0	---		37	508
18861	0	---		39	508
18862	0	---		40	508
18863	0	---		130	508
18864	1	---		44	508
18865	1	---		45	508
18866	1	---		46	508
18867	0	---		47	508
18868	0	---		48	508
18869	1	---		49	508
18870	0	---		50	508
18871	0	---		51	508
18872	0	---		52	508
18873	0	---		53	508
18874	0	---		54	508
18875	1	---		55	508
18876	0	---		56	508
18878	0	---		58	508
18879	0	---		59	508
18880	0	---		60	508
18881	0	---		61	508
18882	0	---		62	508
18883	0	---		63	508
18884	0.5	---		25	509
18885	0	---		26	509
18886	0	---		27	509
18887	0	---		28	509
18888	0	---		29	509
18889	0	---		30	509
18890	0	---		32	509
18891	0	---		34	509
18892	0	---		35	509
18893	1	---		36	509
18895	1	---		42	509
18896	0	---		43	509
18897	2087	---		64	509
18898	0	---		37	509
18899	0	---		38	509
18900	0	---		39	509
18901	0	---		40	509
18902	0	---		130	509
18903	1	---		44	509
18904	1	---		45	509
18905	1	---		46	509
18906	0	---		47	509
18907	0	---		48	509
18908	1	---		49	509
18909	0	---		50	509
18910	0	---		51	509
18912	0	---		53	509
18913	0	---		54	509
18914	1	---		55	509
18915	0	---		56	509
18916	0	---		57	509
18917	0	---		58	509
18918	0	---		59	509
18919	0	---		60	509
18920	0	---		61	509
18921	0	---		62	509
18922	0	---		63	509
18923	0.5	---		25	510
18924	0	---		26	510
18925	0	---		27	510
17966	0	---		130	485
18928	0	---		30	510
18930	0	---		34	510
18931	0	---		35	510
18932	1	---		36	510
18933	0	---		41	510
18934	1	---		42	510
18935	0	---		43	510
18936	2087	---		64	510
18937	0	---		37	510
18938	0	---		38	510
18939	0	---		39	510
18940	0	---		40	510
18941	0	---		130	510
18942	1	---		44	510
18943	1	---		45	510
18944	1	---		46	510
18945	0	---		47	510
18947	1	---		49	510
18948	0	---		50	510
18949	0	---		51	510
18950	0	---		52	510
18951	0	---		53	510
18952	0	---		54	510
18953	1	---		55	510
18954	0	---		56	510
18955	0	---		57	510
18956	0	---		58	510
18957	0	---		59	510
18958	0	---		60	510
18959	0	---		61	510
18960	0	---		62	510
18961	0	---		63	510
18962	0.5	---		25	511
18964	0	---		27	511
18965	0	---		28	511
18966	0	---		29	511
18967	0	---		30	511
18968	0	---		32	511
18969	0	---		34	511
18970	0	---		35	511
18971	1	---		36	511
18972	0	---		41	511
18973	1	---		42	511
18974	0	---		43	511
18975	2087	---		64	511
18976	0	---		37	511
18977	0	---		38	511
18978	0	---		39	511
18979	0	---		40	511
18981	1	---		44	511
18982	1	---		45	511
18983	1	---		46	511
18984	0	---		47	511
18985	0	---		48	511
18986	1	---		49	511
18987	0	---		50	511
18988	0	---		51	511
18989	0	---		52	511
18990	0	---		53	511
18991	0	---		54	511
18992	1	---		55	511
18993	0	---		56	511
18994	0	---		57	511
18995	0	---		58	511
18996	0	---		59	511
18998	0	---		61	511
18999	0	---		62	511
19000	0	---		63	511
19001	0.5	---		25	512
19002	0	---		26	512
19003	0	---		27	512
19004	0	---		28	512
19005	0	---		29	512
19006	0	---		30	512
19007	0	---		32	512
19008	0	---		34	512
19009	0	---		35	512
19010	1	---		36	512
19011	0	---		41	512
19012	1	---		42	512
19013	0	---		43	512
19015	0	---		37	512
19016	0	---		38	512
19017	0	---		39	512
19018	0	---		40	512
19019	0	---		130	512
19020	1	---		44	512
19021	1	---		45	512
19022	1	---		46	512
19023	0	---		47	512
19024	0	---		48	512
19025	1	---		49	512
19026	0	---		50	512
19027	0	---		51	512
19028	0	---		52	512
19029	0	---		53	512
19030	0	---		54	512
19032	0	---		56	512
19033	0	---		57	512
19034	0	---		58	512
19035	0	---		59	512
19036	0	---		60	512
19037	0	---		61	512
19038	0	---		62	512
19039	0	---		63	512
19040	0.5	---		25	513
19041	0	---		26	513
19042	0	---		27	513
19043	0	---		28	513
19044	0	---		29	513
19045	0	---		30	513
17967	1	---		44	485
19048	0	---		35	513
19050	0	---		41	513
19051	1	---		42	513
19052	0	---		43	513
19053	2087	---		64	513
19054	0	---		37	513
19055	0	---		38	513
19056	0	---		39	513
19057	0	---		40	513
19058	0	---		130	513
19059	1	---		44	513
19060	1	---		45	513
19061	1	---		46	513
19062	0	---		47	513
19063	0	---		48	513
19064	1	---		49	513
19065	0	---		50	513
19067	0	---		52	513
19068	0	---		53	513
19069	0	---		54	513
19070	1	---		55	513
19071	0	---		56	513
19072	0	---		57	513
19073	0	---		58	513
19074	0	---		59	513
19075	0	---		60	513
19076	0	---		61	513
19077	0	---		62	513
19078	0	---		63	513
19079	0.5	---		25	514
19080	0	---		26	514
19081	0	---		27	514
19082	0	---		28	514
19084	0	---		30	514
19085	0	---		32	514
19086	0	---		34	514
19087	0	---		35	514
19088	1	---		36	514
19089	0	---		41	514
19090	1	---		42	514
19091	0	---		43	514
19092	2087	---		64	514
19093	0	---		37	514
19094	0	---		38	514
19095	0	---		39	514
19096	0	---		40	514
19097	0	---		130	514
19098	1	---		44	514
19099	1	---		45	514
19101	0	---		47	514
19102	0	---		48	514
19103	1	---		49	514
19104	0	---		50	514
19105	0	---		51	514
19106	0	---		52	514
19107	0	---		53	514
19108	0	---		54	514
19109	1	---		55	514
19110	0	---		56	514
19111	0	---		57	514
19112	0	---		58	514
19113	0	---		59	514
19114	0	---		60	514
19115	0	---		61	514
19116	0	---		62	514
19118	0.5	---		25	515
19119	0	---		26	515
19120	0	---		27	515
19121	0	---		28	515
19122	0	---		29	515
19123	0	---		30	515
19124	0	---		32	515
19125	0	---		34	515
19126	0	---		35	515
19127	1	---		36	515
19128	0	---		41	515
19129	1	---		42	515
19130	0	---		43	515
19131	2087	---		64	515
19132	0	---		37	515
19133	0	---		38	515
19135	0	---		40	515
19136	0	---		130	515
19137	1	---		44	515
19138	1	---		45	515
19139	1	---		46	515
19140	0	---		47	515
19141	0	---		48	515
19142	1	---		49	515
19143	0	---		50	515
19144	0	---		51	515
19145	0	---		52	515
19146	0	---		53	515
19147	0	---		54	515
19148	1	---		55	515
19149	0	---		56	515
19150	0	---		57	515
19152	0	---		59	515
19153	0	---		60	515
19154	0	---		61	515
19155	0	---		62	515
19156	0	---		63	515
19157	0.5	---		25	516
19158	0	---		26	516
19159	0	---		27	516
19160	0	---		28	516
19161	0	---		29	516
19162	0	---		30	516
19163	0	---		32	516
19164	0	---		34	516
19165	0	---		35	516
18003	0	---		39	486
19168	1	---		42	516
19170	2087	---		64	516
19171	0	---		37	516
19172	0	---		38	516
19173	0	---		39	516
19174	0	---		40	516
19175	0	---		130	516
19176	1	---		44	516
19177	1	---		45	516
19178	1	---		46	516
19179	0	---		47	516
19180	0	---		48	516
19181	1	---		49	516
19182	0	---		50	516
19183	0	---		51	516
19184	0	---		52	516
19185	0	---		53	516
19187	1	---		55	516
19188	0	---		56	516
19189	0	---		57	516
19190	0	---		58	516
19191	0	---		59	516
19192	0	---		60	516
19193	0	---		61	516
19194	0	---		62	516
19195	0	---		63	516
19196	0.5	---		25	517
19197	0	---		26	517
19198	0	---		27	517
19199	0	---		28	517
19200	0	---		29	517
19201	0	---		30	517
19202	0	---		32	517
19204	0	---		35	517
19205	1	---		36	517
19206	0	---		41	517
19207	1	---		42	517
19208	0	---		43	517
19209	2087	---		64	517
19210	0	---		37	517
19211	0	---		38	517
19212	0	---		39	517
19213	0	---		40	517
19214	0	---		130	517
19215	1	---		44	517
19216	1	---		45	517
19217	1	---		46	517
19218	0	---		47	517
19219	0	---		48	517
19221	0	---		50	517
19222	0	---		51	517
19223	0	---		52	517
19224	0	---		53	517
19225	0	---		54	517
19226	1	---		55	517
19227	0	---		56	517
19228	0	---		57	517
19229	0	---		58	517
19230	0	---		59	517
19231	0	---		60	517
19232	0	---		61	517
19233	0	---		62	517
19234	0	---		63	517
19235	0.5	---		25	518
19236	0	---		26	518
19238	0	---		28	518
19239	0	---		29	518
19240	0	---		30	518
19241	0	---		32	518
19242	0	---		34	518
19243	0	---		35	518
19244	1	---		36	518
19245	0	---		41	518
19246	1	---		42	518
19247	0	---		43	518
19248	2087	---		64	518
19249	0	---		37	518
19250	0	---		38	518
19251	0	---		39	518
19252	0	---		40	518
19253	0	---		130	518
19255	1	---		45	518
19256	1	---		46	518
19257	0	---		47	518
19258	0	---		48	518
19259	1	---		49	518
19260	0	---		50	518
19261	0	---		51	518
19262	0	---		52	518
19263	0	---		53	518
19264	0	---		54	518
19265	1	---		55	518
19266	0	---		56	518
19267	0	---		57	518
19268	0	---		58	518
19269	0	---		59	518
19270	0	---		60	518
19272	0	---		62	518
19273	0	---		63	518
19274	0.5	---		25	519
19275	0	---		26	519
19276	0	---		27	519
19277	0	---		28	519
19278	0	---		29	519
19279	0	---		30	519
19280	0	---		32	519
19281	0	---		34	519
19282	0	---		35	519
19283	1	---		36	519
19284	0	---		41	519
19285	1	---		42	519
18087	0	---		47	488
19288	0	---		37	519
19290	0	---		39	519
19291	0	---		40	519
19292	0	---		130	519
19293	1	---		44	519
19294	1	---		45	519
19295	1	---		46	519
19296	0	---		47	519
19297	0	---		48	519
19298	1	---		49	519
19299	0	---		50	519
19300	0	---		51	519
19301	0	---		52	519
19302	0	---		53	519
19303	0	---		54	519
19304	1	---		55	519
19305	0	---		56	519
19307	0	---		58	519
19308	0	---		59	519
19309	0	---		60	519
19310	0	---		61	519
19311	0	---		62	519
19312	0	---		63	519
19313	0.5	---		25	520
19314	0	---		26	520
19315	0	---		27	520
19316	0	---		28	520
19317	0	---		29	520
19318	0	---		30	520
19319	0	---		32	520
19320	0	---		34	520
19321	0	---		35	520
19322	1	---		36	520
19324	1	---		42	520
19325	0	---		43	520
19326	2087	---		64	520
19327	0	---		37	520
19328	0	---		38	520
19329	0	---		39	520
19330	0	---		40	520
19331	0	---		130	520
19332	1	---		44	520
19333	1	---		45	520
19334	1	---		46	520
19335	0	---		47	520
19336	0	---		48	520
19337	1	---		49	520
19338	0	---		50	520
19339	0	---		51	520
19341	0	---		53	520
19342	0	---		54	520
19343	1	---		55	520
19344	0	---		56	520
19345	0	---		57	520
19346	0	---		58	520
19347	0	---		59	520
19348	0	---		60	520
19349	0	---		61	520
19350	0	---		62	520
19351	0	---		63	520
19352	0.5	---		25	521
19353	0	---		26	521
19354	0	---		27	521
19355	0	---		28	521
19356	0	---		29	521
19358	0	---		32	521
19359	0	---		34	521
19360	0	---		35	521
19361	1	---		36	521
19362	0	---		41	521
19363	1	---		42	521
19364	0	---		43	521
19365	2087	---		64	521
19366	0	---		37	521
19367	0	---		38	521
19368	0	---		39	521
19369	0	---		40	521
19370	0	---		130	521
19371	1	---		44	521
19372	1	---		45	521
19373	1	---		46	521
19375	0	---		48	521
19376	1	---		49	521
19377	0	---		50	521
19378	0	---		51	521
19379	0	---		52	521
19380	0	---		53	521
19381	0	---		54	521
19382	1	---		55	521
19383	0	---		56	521
19384	0	---		57	521
19385	0	---		58	521
19386	0	---		59	521
19387	0	---		60	521
19388	0	---		61	521
19389	0	---		62	521
19390	0	---		63	521
19392	0	---		26	522
19393	0	---		27	522
19394	0	---		28	522
19395	0	---		29	522
19396	0	---		30	522
19397	0	---		32	522
19398	0	---		34	522
19399	0	---		35	522
19400	1	---		36	522
19401	0	---		41	522
19402	1	---		42	522
19403	0	---		43	522
19404	2087	---		64	522
19405	0	---		37	522
18207	0	---		50	491
19408	0	---		40	522
19410	1	---		44	522
19411	1	---		45	522
19412	1	---		46	522
19413	0	---		47	522
19414	0	---		48	522
19415	1	---		49	522
19416	0	---		50	522
19417	0	---		51	522
19418	0	---		52	522
19419	0	---		53	522
19420	0	---		54	522
19421	1	---		55	522
19422	0	---		56	522
19423	0	---		57	522
19424	0	---		58	522
19425	0	---		59	522
19427	0	---		61	522
19428	0	---		62	522
19429	0	---		63	522
19430	0.5	---		25	523
19431	0	---		26	523
19432	0	---		27	523
19433	0	---		28	523
19434	0	---		29	523
19435	0	---		30	523
19436	0	---		32	523
19437	0	---		34	523
19438	0	---		35	523
19439	1	---		36	523
19440	0	---		41	523
19441	1	---		42	523
19442	0	---		43	523
19444	0	---		37	523
19445	0	---		38	523
19446	0	---		39	523
19447	0	---		40	523
19448	0	---		130	523
19449	1	---		44	523
19450	1	---		45	523
19451	1	---		46	523
19452	0	---		47	523
19453	0	---		48	523
19454	1	---		49	523
19455	0	---		50	523
19456	0	---		51	523
19457	0	---		52	523
19458	0	---		53	523
19459	0	---		54	523
19461	0	---		56	523
19462	0	---		57	523
19463	0	---		58	523
19464	0	---		59	523
19465	0	---		60	523
19466	0	---		61	523
19467	0	---		62	523
19468	0	---		63	523
19469	0.5	---		25	524
19470	0	---		26	524
19471	0	---		27	524
19472	0	---		28	524
19473	0	---		29	524
19474	0	---		30	524
19475	0	---		32	524
19476	0	---		34	524
19478	1	---		36	524
19479	0	---		41	524
19480	1	---		42	524
19481	0	---		43	524
19482	2087	---		64	524
19483	0	---		37	524
19484	0	---		38	524
19485	0	---		39	524
19486	0	---		40	524
19487	0	---		130	524
19488	1	---		44	524
19489	1	---		45	524
19490	1	---		46	524
19491	0	---		47	524
19492	0	---		48	524
19493	1	---		49	524
19495	0	---		51	524
19496	0	---		52	524
19497	0	---		53	524
19498	0	---		54	524
19499	1	---		55	524
19500	0	---		56	524
19501	0	---		57	524
19502	0	---		58	524
19503	0	---		59	524
19504	0	---		60	524
19505	0	---		61	524
19506	0	---		62	524
19507	0	---		63	524
19508	0.5	---		25	525
19509	0	---		26	525
19510	0	---		27	525
19512	0	---		29	525
19513	0	---		30	525
19514	0	---		32	525
19515	0	---		34	525
19516	0	---		35	525
19517	1	---		36	525
19518	0	---		41	525
19519	1	---		42	525
19520	0	---		43	525
19521	2087	---		64	525
19522	0	---		37	525
19523	0	---		38	525
19524	0	---		39	525
19525	0	---		40	525
18260	0.5	---		25	493
19528	1	---		45	525
19530	0	---		47	525
19531	0	---		48	525
19532	1	---		49	525
19533	0	---		50	525
19534	0	---		51	525
19535	0	---		52	525
19536	0	---		53	525
19537	0	---		54	525
19538	1	---		55	525
19539	0	---		56	525
19540	0	---		57	525
19541	0	---		58	525
19542	0	---		59	525
19543	0	---		60	525
19544	0	---		61	525
19545	0	---		62	525
19547	0.5	---		25	526
19548	0	---		26	526
19549	0	---		27	526
19550	0	---		28	526
19551	0	---		29	526
19552	0	---		30	526
19553	0	---		32	526
19554	0	---		34	526
19555	0	---		35	526
19556	1	---		36	526
19557	0	---		41	526
19558	1	---		42	526
19559	0	---		43	526
19560	2087	---		64	526
19561	0	---		37	526
19562	0	---		38	526
19564	0	---		40	526
19565	0	---		130	526
19566	1	---		44	526
19567	1	---		45	526
19568	1	---		46	526
19569	0	---		47	526
19570	0	---		48	526
19571	1	---		49	526
19572	0	---		50	526
19573	0	---		51	526
19574	0	---		52	526
19575	0	---		53	526
19576	0	---		54	526
19577	1	---		55	526
19578	0	---		56	526
19579	0	---		57	526
19581	0	---		59	526
19582	0	---		60	526
19583	0	---		61	526
19584	0	---		62	526
19585	0	---		63	526
19586	0.5	---		25	527
19587	0	---		26	527
19588	0	---		27	527
19589	0	---		28	527
19590	0	---		29	527
19591	0	---		30	527
19592	0	---		32	527
19593	0	---		34	527
19594	0	---		35	527
19595	1	---		36	527
19596	0	---		41	527
19598	0	---		43	527
19599	2087	---		64	527
19600	0	---		37	527
19601	0	---		38	527
19602	0	---		39	527
19603	0	---		40	527
19604	0	---		130	527
19605	1	---		44	527
19606	1	---		45	527
19607	1	---		46	527
19608	0	---		47	527
19609	0	---		48	527
19610	1	---		49	527
19611	0	---		50	527
19612	0	---		51	527
19613	0	---		52	527
19615	0	---		54	527
19616	1	---		55	527
19617	0	---		56	527
19618	0	---		57	527
19619	0	---		58	527
19620	0	---		59	527
19621	0	---		60	527
19622	0	---		61	527
19623	0	---		62	527
19624	0	---		63	527
19625	0.5	---		25	528
19626	0	---		26	528
19627	0	---		27	528
19628	0	---		28	528
19629	0	---		29	528
19630	0	---		30	528
19632	0	---		34	528
19633	0	---		35	528
19634	1	---		36	528
19635	0	---		41	528
19636	1	---		42	528
19637	0	---		43	528
19638	2087	---		64	528
19639	0	---		37	528
19640	0	---		38	528
19641	0	---		39	528
19642	0	---		40	528
19643	0	---		130	528
19644	1	---		44	528
19645	1	---		45	528
18327	0	---		53	494
19648	0	---		48	528
19650	0	---		50	528
19651	0	---		51	528
19652	0	---		52	528
19653	0	---		53	528
19654	0	---		54	528
19655	1	---		55	528
19656	0	---		56	528
19657	0	---		57	528
19658	0	---		58	528
19659	0	---		59	528
19660	0	---		60	528
19661	0	---		61	528
19662	0	---		62	528
19663	0	---		63	528
19664	0.5	---		25	529
19665	0	---		26	529
19667	0	---		28	529
19668	0	---		29	529
19669	0	---		30	529
19670	0	---		32	529
19671	0	---		34	529
19672	0	---		35	529
19673	1	---		36	529
19674	0	---		41	529
19675	1	---		42	529
19676	0	---		43	529
19677	2087	---		64	529
19678	0	---		37	529
19679	0	---		38	529
19680	0	---		39	529
19681	0	---		40	529
19682	0	---		130	529
19684	1	---		45	529
19685	1	---		46	529
19686	0	---		47	529
19687	0	---		48	529
19688	1	---		49	529
19689	0	---		50	529
19690	0	---		51	529
19691	0	---		52	529
19692	0	---		53	529
19693	0	---		54	529
19694	1	---		55	529
19695	0	---		56	529
19696	0	---		57	529
19697	0	---		58	529
19698	0	---		59	529
19699	0	---		60	529
19701	0	---		62	529
19702	0	---		63	529
19703	0.5	---		25	530
19704	0	---		26	530
19705	0	---		27	530
19706	0	---		28	530
19707	0	---		29	530
19708	0	---		30	530
19709	0	---		32	530
19710	0	---		34	530
19711	0	---		35	530
19712	1	---		36	530
19713	0	---		41	530
19714	1	---		42	530
19715	0	---		43	530
19716	2087	---		64	530
19718	0	---		38	530
19719	0	---		39	530
19720	0	---		40	530
19721	0	---		130	530
19722	1	---		44	530
19723	1	---		45	530
19724	1	---		46	530
19725	0	---		47	530
19726	0	---		48	530
19727	1	---		49	530
19728	0	---		50	530
19729	0	---		51	530
19730	0	---		52	530
19731	0	---		53	530
19732	0	---		54	530
19733	1	---		55	530
19735	0	---		57	530
19736	0	---		58	530
19737	0	---		59	530
19738	0	---		60	530
19739	0	---		61	530
19740	0	---		62	530
19741	0	---		63	530
19742	0.5	---		25	531
19743	0	---		26	531
19744	0	---		27	531
19745	0	---		28	531
19746	0	---		29	531
19747	0	---		30	531
19748	0	---		32	531
19749	0	---		34	531
19750	0	---		35	531
19752	0	---		41	531
19753	1	---		42	531
19754	0	---		43	531
19755	2087	---		64	531
19756	0	---		37	531
19757	0	---		38	531
19758	0	---		39	531
19759	0	---		40	531
19760	0	---		130	531
19761	1	---		44	531
19762	1	---		45	531
19763	1	---		46	531
19764	0	---		47	531
19765	0	---		48	531
18447	0	---		56	497
19768	0	---		51	531
19770	0	---		53	531
19771	0	---		54	531
19772	1	---		55	531
19773	0	---		56	531
19774	0	---		57	531
19775	0	---		58	531
19776	0	---		59	531
19777	0	---		60	531
19778	0	---		61	531
19779	0	---		62	531
19780	0	---		63	531
19781	0.5	---		25	532
19782	0	---		26	532
19783	0	---		27	532
19784	0	---		28	532
19785	0	---		29	532
19787	0	---		32	532
19788	0	---		34	532
19789	0	---		35	532
19790	1	---		36	532
19791	0	---		41	532
19792	1	---		42	532
19793	0	---		43	532
19794	2087	---		64	532
19795	0	---		37	532
19796	0	---		38	532
19797	0	---		39	532
19798	0	---		40	532
19799	0	---		130	532
19800	1	---		44	532
19801	1	---		45	532
19802	1	---		46	532
19804	0	---		48	532
19805	1	---		49	532
19806	0	---		50	532
19807	0	---		51	532
19808	0	---		52	532
19809	0	---		53	532
19810	0	---		54	532
19811	1	---		55	532
19812	0	---		56	532
19813	0	---		57	532
19814	0	---		58	532
19815	0	---		59	532
19816	0	---		60	532
19817	0	---		61	532
19818	0	---		62	532
19819	0	---		63	532
19821	0	---		26	533
19822	0	---		27	533
19823	0	---		28	533
19824	0	---		29	533
19825	0	---		30	533
19826	0	---		32	533
19827	0	---		34	533
19828	0	---		35	533
19829	1	---		36	533
19830	0	---		41	533
19831	1	---		42	533
19832	0	---		43	533
19833	2087	---		64	533
19834	0	---		37	533
19835	0	---		38	533
19836	0	---		39	533
19838	0	---		130	533
19839	1	---		44	533
19840	1	---		45	533
19841	1	---		46	533
19842	0	---		47	533
19843	0	---		48	533
19844	1	---		49	533
19845	0	---		50	533
19846	0	---		51	533
19847	0	---		52	533
19848	0	---		53	533
19849	0	---		54	533
19850	1	---		55	533
19851	0	---		56	533
19852	0	---		57	533
19853	0	---		58	533
19855	0	---		60	533
19856	0	---		61	533
19857	0	---		62	533
19858	0	---		63	533
19859	0.5	---		25	534
19860	0	---		26	534
19861	0	---		27	534
19862	0	---		28	534
19863	0	---		29	534
19864	0	---		30	534
19865	0	---		32	534
19866	0	---		34	534
19867	0	---		35	534
19868	1	---		36	534
19869	0	---		41	534
19870	1	---		42	534
19872	2087	---		64	534
19873	0	---		37	534
19874	0	---		38	534
19875	0	---		39	534
19876	0	---		40	534
19877	0	---		130	534
19878	1	---		44	534
19879	1	---		45	534
19880	1	---		46	534
19881	0	---		47	534
19882	0	---		48	534
19883	1	---		49	534
19884	0	---		50	534
19885	0	---		51	534
18517	0	---		48	499
19888	0	---		54	534
19890	0	---		56	534
19891	0	---		57	534
19892	0	---		58	534
19893	0	---		59	534
19894	0	---		60	534
19895	0	---		61	534
19896	0	---		62	534
19897	0	---		63	534
19898	0.5	---		25	535
19899	0	---		26	535
19900	0	---		27	535
19901	0	---		28	535
19902	0	---		29	535
19903	0	---		30	535
19904	0	---		32	535
19905	0	---		34	535
19907	1	---		36	535
19908	0	---		41	535
19909	1	---		42	535
19910	0	---		43	535
19911	2087	---		64	535
19912	0	---		37	535
19913	0	---		38	535
19914	0	---		39	535
19915	0	---		40	535
19916	0	---		130	535
19917	1	---		44	535
19918	1	---		45	535
19919	1	---		46	535
19920	0	---		47	535
19921	0	---		48	535
19922	1	---		49	535
19924	0	---		51	535
19925	0	---		52	535
19926	0	---		53	535
19927	0	---		54	535
19928	1	---		55	535
19929	0	---		56	535
19930	0	---		57	535
19931	0	---		58	535
19932	0	---		59	535
19933	0	---		60	535
19934	0	---		61	535
19935	0	---		62	535
19936	0	---		63	535
19937	0.5	---		25	536
19938	0	---		26	536
19939	0	---		27	536
19941	0	---		29	536
19942	0	---		30	536
19943	0	---		32	536
19944	0	---		34	536
19945	0	---		35	536
19946	1	---		36	536
19947	0	---		41	536
19948	1	---		42	536
19949	0	---		43	536
19950	2087	---		64	536
19951	0	---		37	536
19952	0	---		38	536
19953	0	---		39	536
19954	0	---		40	536
19955	0	---		130	536
19956	1	---		44	536
19958	1	---		46	536
19959	0	---		47	536
19960	0	---		48	536
19961	1	---		49	536
19962	0	---		50	536
19963	0	---		51	536
19964	0	---		52	536
19965	0	---		53	536
19966	0	---		54	536
19967	1	---		55	536
19968	0	---		56	536
19969	0	---		57	536
19970	0	---		58	536
19971	0	---		59	536
19972	0	---		60	536
19973	0	---		61	536
19975	0	---		63	536
19976	0.5	---		25	537
19977	0	---		26	537
19978	0	---		27	537
19979	0	---		28	537
19980	0	---		29	537
19981	0	---		30	537
19982	0	---		32	537
19983	0	---		34	537
19984	0	---		35	537
19985	1	---		36	537
19986	0	---		41	537
19987	1	---		42	537
19988	0	---		43	537
19989	2087	---		64	537
19990	0	---		37	537
19992	0	---		39	537
19993	0	---		40	537
19994	0	---		130	537
19995	1	---		44	537
19996	1	---		45	537
19997	1	---		46	537
19998	0	---		47	537
19999	0	---		48	537
20000	1	---		49	537
20001	0	---		50	537
20002	0	---		51	537
20003	0	---		52	537
20004	0	---		53	537
20005	0	---		54	537
18567	0	---		59	500
20008	0	---		57	537
20010	0	---		59	537
20011	0	---		60	537
20012	0	---		61	537
20013	0	---		62	537
20014	0	---		63	537
20015	0.5	---		25	538
20016	0	---		26	538
20017	0	---		27	538
20018	0	---		28	538
20019	0	---		29	538
20020	0	---		30	538
20021	0	---		32	538
20022	0	---		34	538
20023	0	---		35	538
20024	1	---		36	538
20025	0	---		41	538
20027	0	---		43	538
20028	2087	---		64	538
20029	0	---		37	538
20030	0	---		38	538
20031	0	---		39	538
20032	0	---		40	538
20033	0	---		130	538
20034	1	---		44	538
20035	1	---		45	538
20036	1	---		46	538
20037	0	---		47	538
20038	0	---		48	538
20039	1	---		49	538
20040	0	---		50	538
20041	0	---		51	538
20042	0	---		52	538
20044	0	---		54	538
20045	1	---		55	538
20046	0	---		56	538
20047	0	---		57	538
20048	0	---		58	538
20049	0	---		59	538
20050	0	---		60	538
20051	0	---		61	538
20052	0	---		62	538
20053	0	---		63	538
20054	0.5	---		25	539
20055	0	---		26	539
20056	0	---		27	539
20057	0	---		28	539
20058	0	---		29	539
20059	0	---		30	539
20061	0	---		34	539
20062	0	---		35	539
20063	1	---		36	539
20064	0	---		41	539
20065	1	---		42	539
20066	0	---		43	539
20067	2087	---		64	539
20068	0	---		37	539
20069	0	---		38	539
20070	0	---		39	539
20071	0	---		40	539
20072	0	---		130	539
20073	1	---		44	539
20074	1	---		45	539
20075	1	---		46	539
20076	0	---		47	539
20078	1	---		49	539
20079	0	---		50	539
20080	0	---		51	539
20081	0	---		52	539
20082	0	---		53	539
20083	0	---		54	539
20084	1	---		55	539
20085	0	---		56	539
20086	0	---		57	539
20087	0	---		58	539
20088	0	---		59	539
20089	0	---		60	539
20090	0	---		61	539
20091	0	---		62	539
20092	0	---		63	539
20093	0.5	---		25	540
20095	0	---		27	540
20096	0	---		28	540
20097	0	---		29	540
20098	0	---		30	540
20099	0	---		32	540
20100	0	---		34	540
20101	0	---		35	540
20102	1	---		36	540
20103	0	---		41	540
20104	1	---		42	540
20105	0	---		43	540
20106	2087	---		64	540
20107	0	---		37	540
20108	0	---		38	540
20109	0	---		39	540
20110	0	---		40	540
20112	1	---		44	540
20113	1	---		45	540
20114	1	---		46	540
20115	0	---		47	540
20116	0	---		48	540
20117	1	---		49	540
20118	0	---		50	540
20119	0	---		51	540
20120	0	---		52	540
20121	0	---		53	540
20122	0	---		54	540
20123	1	---		55	540
20124	0	---		56	540
20125	0	---		57	540
18687	0	---		62	503
20128	0	---		60	540
20130	0	---		62	540
20131	0	---		63	540
20132	0.5	---		25	541
20133	0	---		26	541
20134	0	---		27	541
20135	0	---		28	541
20136	0	---		29	541
20137	0	---		30	541
20138	0	---		32	541
20139	0	---		34	541
20140	0	---		35	541
20141	1	---		36	541
20142	0	---		41	541
20143	1	---		42	541
20144	0	---		43	541
20145	2087	---		64	541
20147	0	---		38	541
20148	0	---		39	541
20149	0	---		40	541
20150	0	---		130	541
20151	1	---		44	541
20152	1	---		45	541
20153	1	---		46	541
20154	0	---		47	541
20155	0	---		48	541
20156	1	---		49	541
20157	0	---		50	541
20158	0	---		51	541
20159	0	---		52	541
20160	0	---		53	541
20161	0	---		54	541
20162	1	---		55	541
20164	0	---		57	541
20165	0	---		58	541
20166	0	---		59	541
20167	0	---		60	541
20168	0	---		61	541
20169	0	---		62	541
20170	0	---		63	541
20171	0.5	---		25	542
20172	0	---		26	542
20173	0	---		27	542
20174	0	---		28	542
20175	0	---		29	542
20176	0	---		30	542
20177	0	---		32	542
20178	0	---		34	542
20179	0	---		35	542
20181	0	---		41	542
20182	1	---		42	542
20183	0	---		43	542
20184	2087	---		64	542
20185	0	---		37	542
20186	0	---		38	542
20187	0	---		39	542
20188	0	---		40	542
20189	0	---		130	542
20190	1	---		44	542
20191	1	---		45	542
20192	1	---		46	542
20193	0	---		47	542
20194	0	---		48	542
20195	1	---		49	542
20196	0	---		50	542
20198	0	---		52	542
20199	0	---		53	542
20200	0	---		54	542
20201	1	---		55	542
20202	0	---		56	542
20203	0	---		57	542
20204	0	---		58	542
20205	0	---		59	542
20206	0	---		60	542
20207	0	---		61	542
20208	0	---		62	542
20209	0	---		63	542
20210	0.5	---		25	543
20211	0	---		26	543
20212	0	---		27	543
20213	0	---		28	543
20215	0	---		30	543
20216	0	---		32	543
20217	0	---		34	543
20218	0	---		35	543
20219	1	---		36	543
20220	0	---		41	543
20221	1	---		42	543
20222	0	---		43	543
20223	2087	---		64	543
20224	0	---		37	543
20225	0	---		38	543
20226	0	---		39	543
20227	0	---		40	543
20228	0	---		130	543
20229	1	---		44	543
20230	1	---		45	543
20232	0	---		47	543
20233	0	---		48	543
20234	1	---		49	543
20235	0	---		50	543
20236	0	---		51	543
20237	0	---		52	543
20238	0	---		53	543
20239	0	---		54	543
20240	1	---		55	543
20241	0	---		56	543
20242	0	---		57	543
20243	0	---		58	543
20244	0	---		59	543
20245	0	---		60	543
18774	0	---		34	506
20248	0	---		63	543
20250	0	---		26	544
20251	0	---		27	544
20252	0	---		28	544
20253	0	---		29	544
20254	0	---		30	544
20255	0	---		32	544
20256	0	---		34	544
20257	0	---		35	544
20258	1	---		36	544
20259	0	---		41	544
20260	1	---		42	544
20261	0	---		43	544
20262	2087	---		64	544
20263	0	---		37	544
20264	0	---		38	544
20265	0	---		39	544
20267	0	---		130	544
20268	1	---		44	544
20269	1	---		45	544
20270	1	---		46	544
20271	0	---		47	544
20272	0	---		48	544
20273	1	---		49	544
20274	0	---		50	544
20275	0	---		51	544
20276	0	---		52	544
20277	0	---		53	544
20278	0	---		54	544
20279	1	---		55	544
20280	0	---		56	544
20281	0	---		57	544
20282	0	---		58	544
20284	0	---		60	544
20285	0	---		61	544
20286	0	---		62	544
20287	0	---		63	544
20288	0	---		25	545
20289	0	---		26	545
20290	0	---		27	545
20291	0	---		28	545
20292	0	---		29	545
20293	0	---		30	545
20294	0	---		32	545
20295	1	---		34	545
20296	0	---		35	545
20297	250	---		36	545
20298	1	---		41	545
20299	250	---		42	545
20301	19	---		64	545
20302	0	---		37	545
20303	0	---		38	545
20304	0	---		39	545
20305	0	---		40	545
20306	0	---		130	545
20307	1	---		44	545
20308	1	---		45	545
20309	0	---		46	545
20310	0	---		47	545
20311	1	---		48	545
20312	0	---		49	545
20313	0	---		50	545
20314	0	---		51	545
20315	0	---		52	545
20316	0	---		53	545
20318	0	---		55	545
20319	0	---		56	545
20320	0	---		57	545
20321	0	---		58	545
20322	0	---		59	545
20323	0	---		60	545
20324	0	---		61	545
20325	0	---		62	545
20326	0	---		63	545
20327	0	---		25	546
20328	0	---		26	546
20329	0	---		27	546
20330	0	---		28	546
20331	0	---		29	546
20332	0	---		30	546
20333	0	---		32	546
20335	0	---		35	546
20336	1	---		36	546
20337	0	---		41	546
20338	1	---		42	546
20339	0	---		43	546
20340	2059	---		64	546
20341	0	---		37	546
20342	0	---		38	546
20343	0	---		39	546
20344	0	---		40	546
20345	0	---		130	546
20346	1	---		44	546
20347	1	---		45	546
20348	0	---		46	546
20349	1	---		47	546
20350	0	---		48	546
20352	0	---		50	546
20353	0	---		51	546
20354	0	---		52	546
20355	0	---		53	546
20356	0	---		54	546
20357	1	---		55	546
20358	0	---		56	546
20359	0	---		57	546
20360	0	---		58	546
20361	0	---		59	546
20362	0	---		60	546
20363	0	---		61	546
20364	0	---		62	546
20365	0	---		63	546
18807	0	---		26	507
20368	0	---		27	547
20370	0	---		29	547
20371	0	---		30	547
20372	0	---		32	547
20373	0	---		34	547
20374	0	---		35	547
20375	1	---		36	547
20376	0	---		41	547
20377	1	---		42	547
20378	0	---		43	547
20379	2059	---		64	547
20380	0	---		37	547
20381	0	---		38	547
20382	0	---		39	547
20383	0	---		40	547
20384	0	---		130	547
20385	1	---		44	547
20387	0	---		46	547
20388	1	---		47	547
20389	0	---		48	547
20390	0	---		49	547
20391	0	---		50	547
20392	0	---		51	547
20393	0	---		52	547
20394	0	---		53	547
20395	0	---		54	547
20396	1	---		55	547
20397	0	---		56	547
20398	0	---		57	547
20399	0	---		58	547
20400	0	---		59	547
20401	0	---		60	547
20402	0	---		61	547
20404	0	---		63	547
20405	0	---		25	548
20406	0	---		26	548
20407	0	---		27	548
20408	0	---		28	548
20409	0	---		29	548
20410	0	---		30	548
20411	0	---		32	548
20412	0	---		34	548
20413	0	---		35	548
20414	1	---		36	548
20415	0	---		41	548
20416	1	---		42	548
20417	0	---		43	548
20418	2059	---		64	548
20419	0	---		37	548
20421	0	---		39	548
20422	0	---		40	548
20423	0	---		130	548
20424	1	---		44	548
20425	1	---		45	548
20426	0	---		46	548
20427	1	---		47	548
20428	0	---		48	548
20429	0	---		49	548
20430	0	---		50	548
20431	0	---		51	548
20432	0	---		52	548
20433	0	---		53	548
20434	0	---		54	548
20435	1	---		55	548
20436	0	---		56	548
20438	0	---		58	548
20439	0	---		59	548
20440	0	---		60	548
20441	0	---		61	548
20442	0	---		62	548
20443	0	---		63	548
20444	0	---		25	549
20445	0	---		26	549
20446	0	---		27	549
20447	0	---		28	549
20448	0	---		29	549
20449	0	---		30	549
20450	0	---		32	549
20451	0	---		34	549
20452	0	---		35	549
20453	1	---		36	549
20455	1	---		42	549
20456	0	---		43	549
20457	2059	---		64	549
20458	0	---		37	549
20459	0	---		38	549
20460	0	---		39	549
20461	0	---		40	549
20462	0	---		130	549
20463	1	---		44	549
20464	1	---		45	549
20465	0	---		46	549
20466	1	---		47	549
20467	0	---		48	549
20468	0	---		49	549
20469	0	---		50	549
20470	0	---		51	549
20472	0	---		53	549
20473	0	---		54	549
20474	1	---		55	549
20475	0	---		56	549
20476	0	---		57	549
20477	0	---		58	549
20478	0	---		59	549
20479	0	---		60	549
20480	0	---		61	549
20481	0	---		62	549
20482	0	---		63	549
20483	0	---		25	550
20484	0	---		26	550
20485	0	---		27	550
18927	0	---		29	510
20488	0	---		30	550
20490	0	---		34	550
20491	0	---		35	550
20492	1	---		36	550
20493	0	---		41	550
20494	1	---		42	550
20495	0	---		43	550
20496	2059	---		64	550
20497	0	---		37	550
20498	0	---		38	550
20499	0	---		39	550
20500	0	---		40	550
20501	0	---		130	550
20502	1	---		44	550
20503	1	---		45	550
20504	0	---		46	550
20505	1	---		47	550
20507	0	---		49	550
20508	0	---		50	550
20509	0	---		51	550
20510	0	---		52	550
20511	0	---		53	550
20512	0	---		54	550
20513	1	---		55	550
20514	0	---		56	550
20515	0	---		57	550
20516	0	---		58	550
20517	0	---		59	550
20518	0	---		60	550
20519	0	---		61	550
20520	0	---		62	550
20521	0	---		63	550
20522	0	---		25	551
20524	0	---		27	551
20525	0	---		28	551
20526	0	---		29	551
20527	0	---		30	551
20528	0	---		32	551
20529	0	---		34	551
20530	0	---		35	551
20531	1	---		36	551
20532	0	---		41	551
20533	1	---		42	551
20534	0	---		43	551
20535	2059	---		64	551
20536	0	---		37	551
20537	0	---		38	551
20538	0	---		39	551
20539	0	---		40	551
20541	1	---		44	551
20542	1	---		45	551
20543	0	---		46	551
20544	1	---		47	551
20545	0	---		48	551
20546	0	---		49	551
20547	0	---		50	551
20548	0	---		51	551
20549	0	---		52	551
20550	0	---		53	551
20551	0	---		54	551
20552	1	---		55	551
20553	0	---		56	551
20554	0	---		57	551
20555	0	---		58	551
20556	0	---		59	551
20558	0	---		61	551
20559	0	---		62	551
20560	0	---		63	551
20561	0	---		25	552
20562	0	---		26	552
20563	0	---		27	552
20564	0	---		28	552
20565	0	---		29	552
20566	0	---		30	552
20567	0	---		32	552
20568	0	---		34	552
20569	0	---		35	552
20570	1	---		36	552
20571	0	---		41	552
20572	1	---		42	552
20573	0	---		43	552
20575	0	---		37	552
20576	0	---		38	552
20577	0	---		39	552
20578	0	---		40	552
20579	0	---		130	552
20580	1	---		44	552
20581	1	---		45	552
20582	0	---		46	552
20583	1	---		47	552
20584	0	---		48	552
20585	0	---		49	552
20586	0	---		50	552
20587	0	---		51	552
20588	0	---		52	552
20589	0	---		53	552
20590	0	---		54	552
20592	0	---		56	552
20593	0	---		57	552
20594	0	---		58	552
20595	0	---		59	552
20596	0	---		60	552
20597	0	---		61	552
20598	0	---		62	552
20599	0	---		63	552
20600	0	---		25	553
20601	0	---		26	553
20602	0	---		27	553
20603	0	---		28	553
20604	0	---		29	553
20605	0	---		30	553
19031	1	---		55	512
20608	0	---		35	553
20610	0	---		41	553
20611	1	---		42	553
20612	0	---		43	553
20613	2059	---		64	553
20614	0	---		37	553
20615	0	---		38	553
20616	0	---		39	553
20617	0	---		40	553
20618	0	---		130	553
20619	1	---		44	553
20620	1	---		45	553
20621	0	---		46	553
20622	1	---		47	553
20623	0	---		48	553
20624	0	---		49	553
20625	0	---		50	553
20627	0	---		52	553
20628	0	---		53	553
20629	0	---		54	553
20630	1	---		55	553
20631	0	---		56	553
20632	0	---		57	553
20633	0	---		58	553
20634	0	---		59	553
20635	0	---		60	553
20636	0	---		61	553
20637	0	---		62	553
20638	0	---		63	553
20639	0	---		25	554
20640	0	---		26	554
20641	0	---		27	554
20642	0	---		28	554
20644	0	---		30	554
20645	0	---		32	554
20646	0	---		34	554
20647	0	---		35	554
20648	1	---		36	554
20649	0	---		41	554
20650	1	---		42	554
20651	0	---		43	554
20652	2059	---		64	554
20653	0	---		37	554
20654	0	---		38	554
20655	0	---		39	554
20656	0	---		40	554
20657	0	---		130	554
20658	1	---		44	554
20659	1	---		45	554
20661	1	---		47	554
20662	0	---		48	554
20663	0	---		49	554
20664	0	---		50	554
20665	0	---		51	554
20666	0	---		52	554
20667	0	---		53	554
20668	0	---		54	554
20669	1	---		55	554
20670	0	---		56	554
20671	0	---		57	554
20672	0	---		58	554
20673	0	---		59	554
20674	0	---		60	554
20675	0	---		61	554
20676	0	---		62	554
20678	0	---		25	555
20679	0	---		26	555
20680	0	---		27	555
20681	0	---		28	555
20682	0	---		29	555
20683	0	---		30	555
20684	0	---		32	555
20685	0	---		34	555
20686	0	---		35	555
20687	1	---		36	555
20688	0	---		41	555
20689	1	---		42	555
20690	0	---		43	555
20691	2059	---		64	555
20692	0	---		37	555
20693	0	---		38	555
20695	0	---		40	555
20696	0	---		130	555
20697	1	---		44	555
20698	1	---		45	555
20699	0	---		46	555
20700	1	---		47	555
20701	0	---		48	555
20702	0	---		49	555
20703	0	---		50	555
20704	0	---		51	555
20705	0	---		52	555
20706	0	---		53	555
20707	0	---		54	555
20708	1	---		55	555
20709	0	---		56	555
20710	0	---		57	555
20712	0	---		59	555
20713	0	---		60	555
20714	0	---		61	555
20715	0	---		62	555
20716	0	---		63	555
20717	0	---		25	556
20718	0	---		26	556
20719	0	---		27	556
20720	0	---		28	556
20721	0	---		29	556
20722	0	---		30	556
20723	0	---		32	556
20724	0	---		34	556
20725	0	---		35	556
19047	0	---		34	513
20728	1	---		42	556
20730	2059	---		64	556
20731	0	---		37	556
20732	0	---		38	556
20733	0	---		39	556
20734	0	---		40	556
20735	0	---		130	556
20736	1	---		44	556
20737	1	---		45	556
20738	0	---		46	556
20739	1	---		47	556
20740	0	---		48	556
20741	0	---		49	556
20742	0	---		50	556
20743	0	---		51	556
20744	0	---		52	556
20745	0	---		53	556
20747	1	---		55	556
20748	0	---		56	556
20749	0	---		57	556
20750	0	---		58	556
20751	0	---		59	556
20752	0	---		60	556
20753	0	---		61	556
20754	0	---		62	556
20755	0	---		63	556
20756	0	---		25	557
20757	0	---		26	557
20758	0	---		27	557
20759	0	---		28	557
20760	0	---		29	557
20761	0	---		30	557
20762	0	---		32	557
20764	0	---		35	557
20765	1	---		36	557
20766	0	---		41	557
20767	1	---		42	557
20768	0	---		43	557
20769	2059	---		64	557
20770	0	---		37	557
20771	0	---		38	557
20772	0	---		39	557
20773	0	---		40	557
20774	0	---		130	557
20775	1	---		44	557
20776	1	---		45	557
20777	0	---		46	557
20778	1	---		47	557
20779	0	---		48	557
20781	0	---		50	557
20782	0	---		51	557
20783	0	---		52	557
20784	0	---		53	557
20785	0	---		54	557
20786	1	---		55	557
20787	0	---		56	557
20788	0	---		57	557
20789	0	---		58	557
20790	0	---		59	557
20791	0	---		60	557
20792	0	---		61	557
20793	0	---		62	557
20794	0	---		63	557
20795	0	---		25	558
20796	0	---		26	558
20798	0	---		28	558
20799	0	---		29	558
20800	0	---		30	558
20801	0	---		32	558
20802	0	---		34	558
20803	0	---		35	558
20804	1	---		36	558
20805	0	---		41	558
20806	1	---		42	558
20807	0	---		43	558
20808	2059	---		64	558
20809	0	---		37	558
20810	0	---		38	558
20811	0	---		39	558
20812	0	---		40	558
20813	0	---		130	558
20815	1	---		45	558
20816	0	---		46	558
20817	1	---		47	558
20818	0	---		48	558
20819	0	---		49	558
20820	0	---		50	558
20821	0	---		51	558
20822	0	---		52	558
20823	0	---		53	558
20824	0	---		54	558
20825	1	---		55	558
20826	0	---		56	558
20827	0	---		57	558
20828	0	---		58	558
20829	0	---		59	558
20830	0	---		60	558
20832	0	---		62	558
20833	0	---		63	558
20834	0	---		25	559
20835	0	---		26	559
20836	0	---		27	559
20837	0	---		28	559
20838	0	---		29	559
20839	0	---		30	559
20840	0	---		32	559
20841	0	---		34	559
20842	0	---		35	559
20843	1	---		36	559
20844	0	---		41	559
20845	1	---		42	559
19167	0	---		41	516
20848	0	---		37	559
20850	0	---		39	559
20851	0	---		40	559
20852	0	---		130	559
20853	1	---		44	559
20854	1	---		45	559
20855	0	---		46	559
20856	1	---		47	559
20857	0	---		48	559
20858	0	---		49	559
20859	0	---		50	559
20860	0	---		51	559
20861	0	---		52	559
20862	0	---		53	559
20863	0	---		54	559
20864	1	---		55	559
20865	0	---		56	559
20867	0	---		58	559
20868	0	---		59	559
20869	0	---		60	559
20870	0	---		61	559
20871	0	---		62	559
20872	0	---		63	559
20873	0	---		25	560
20874	0	---		26	560
20875	0	---		27	560
20876	0	---		28	560
20877	0	---		29	560
20878	0	---		30	560
20879	0	---		32	560
20880	0	---		34	560
20881	0	---		35	560
20882	1	---		36	560
20884	1	---		42	560
20885	0	---		43	560
20886	2059	---		64	560
20887	0	---		37	560
20888	0	---		38	560
20889	0	---		39	560
20890	0	---		40	560
20891	0	---		130	560
20892	1	---		44	560
20893	1	---		45	560
20894	0	---		46	560
20895	1	---		47	560
20896	0	---		48	560
20897	0	---		49	560
20898	0	---		50	560
20899	0	---		51	560
20901	0	---		53	560
20902	0	---		54	560
20903	1	---		55	560
20904	0	---		56	560
20905	0	---		57	560
20906	0	---		58	560
20907	0	---		59	560
20908	0	---		60	560
20909	0	---		61	560
20910	0	---		62	560
20911	0	---		63	560
20912	0	---		25	561
20913	0	---		26	561
20914	0	---		27	561
20915	0	---		28	561
20916	0	---		29	561
20918	0	---		32	561
20919	0	---		34	561
20920	0	---		35	561
20921	1	---		36	561
20922	0	---		41	561
20923	1	---		42	561
20924	0	---		43	561
20925	2059	---		64	561
20926	0	---		37	561
20927	0	---		38	561
20928	0	---		39	561
20929	0	---		40	561
20930	0	---		130	561
20931	1	---		44	561
20932	1	---		45	561
20933	0	---		46	561
20935	0	---		48	561
20936	0	---		49	561
20937	0	---		50	561
20938	0	---		51	561
20939	0	---		52	561
20940	0	---		53	561
20941	0	---		54	561
20942	1	---		55	561
20943	0	---		56	561
20944	0	---		57	561
20945	0	---		58	561
20946	0	---		59	561
20947	0	---		60	561
20948	0	---		61	561
20949	0	---		62	561
20950	0	---		63	561
20952	0	---		26	562
20953	0	---		27	562
20954	0	---		28	562
20955	0	---		29	562
20956	0	---		30	562
20957	0	---		32	562
20958	0	---		34	562
20959	0	---		35	562
20960	1	---		36	562
20961	0	---		41	562
20962	1	---		42	562
20963	0	---		43	562
20964	2059	---		64	562
20965	0	---		37	562
19286	0	---		43	519
20968	0	---		40	562
20970	1	---		44	562
20971	1	---		45	562
20972	0	---		46	562
20973	1	---		47	562
20974	0	---		48	562
20975	0	---		49	562
20976	0	---		50	562
20977	0	---		51	562
20978	0	---		52	562
20979	0	---		53	562
20980	0	---		54	562
20981	1	---		55	562
20982	0	---		56	562
20983	0	---		57	562
20984	0	---		58	562
20985	0	---		59	562
20987	0	---		61	562
20988	0	---		62	562
20989	0	---		63	562
22028	0	---		49	589
22029	0	---		50	589
22030	0	---		51	589
22031	0	---		52	589
22032	0	---		53	589
22033	0	---		54	589
22034	1	---		55	589
22035	0	---		56	589
22036	0	---		57	589
22037	0	---		58	589
22038	0	---		59	589
22039	0	---		60	589
22040	0	---		61	589
22042	0	---		63	589
22043	0	---		25	590
22044	0	---		26	590
22045	0	---		27	590
22046	0	---		28	590
22047	0	---		29	590
22048	0	---		30	590
22049	0	---		32	590
22050	0	---		34	590
22051	0	---		35	590
22052	1	---		36	590
22053	0	---		41	590
22054	1	---		42	590
22055	0	---		43	590
22056	2059	---		64	590
22057	0	---		37	590
22059	0	---		39	590
22060	0	---		40	590
22061	0	---		130	590
22062	1	---		44	590
22063	1	---		45	590
22064	0	---		46	590
22065	1	---		47	590
22066	0	---		48	590
22067	0	---		49	590
22068	0	---		50	590
22069	0	---		51	590
22070	0	---		52	590
22071	0	---		53	590
22072	0	---		54	590
22073	1	---		55	590
22074	0	---		56	590
22076	0	---		58	590
22077	0	---		59	590
22078	0	---		60	590
22079	0	---		61	590
22080	0	---		62	590
22081	0	---		63	590
22082	0	---		25	591
22083	0	---		26	591
22084	0	---		27	591
22085	0	---		28	591
22086	0	---		29	591
22087	0	---		30	591
22088	0	---		32	591
22089	0	---		34	591
22090	0	---		35	591
22091	1	---		36	591
22093	1	---		42	591
22094	0	---		43	591
22095	2059	---		64	591
22096	0	---		37	591
22097	0	---		38	591
22098	0	---		39	591
22099	0	---		40	591
22100	0	---		130	591
22101	1	---		44	591
22102	1	---		45	591
22103	0	---		46	591
22104	1	---		47	591
22105	0	---		48	591
22106	0	---		49	591
22107	0	---		50	591
22108	0	---		51	591
22110	0	---		53	591
22111	0	---		54	591
22112	1	---		55	591
22113	0	---		56	591
22114	0	---		57	591
22115	0	---		58	591
22116	0	---		59	591
22117	0	---		60	591
22118	0	---		61	591
22119	0	---		62	591
22120	0	---		63	591
22121	0	---		25	592
22122	0	---		26	592
22123	0	---		27	592
19287	2087	---		64	519
22126	0	---		30	592
22128	0	---		34	592
22129	0	---		35	592
22130	1	---		36	592
22131	0	---		41	592
22132	1	---		42	592
22133	0	---		43	592
22134	2059	---		64	592
22135	0	---		37	592
22136	0	---		38	592
22137	0	---		39	592
22138	0	---		40	592
22139	0	---		130	592
22140	1	---		44	592
22141	1	---		45	592
22142	0	---		46	592
22143	1	---		47	592
22145	0	---		49	592
22146	0	---		50	592
22147	0	---		51	592
22148	0	---		52	592
22149	0	---		53	592
22150	0	---		54	592
22151	1	---		55	592
22152	0	---		56	592
22153	0	---		57	592
22154	0	---		58	592
22155	0	---		59	592
22156	0	---		60	592
22157	0	---		61	592
22158	0	---		62	592
22159	0	---		63	592
22160	0	---		25	593
22162	0	---		27	593
22163	0	---		28	593
22164	0	---		29	593
22165	0	---		30	593
22166	0	---		32	593
22167	0	---		34	593
22168	0	---		35	593
22169	1	---		36	593
22170	0	---		41	593
22171	1	---		42	593
22172	0	---		43	593
22173	2059	---		64	593
22174	0	---		37	593
22175	0	---		38	593
22176	0	---		39	593
22177	0	---		40	593
22179	1	---		44	593
22180	1	---		45	593
22181	0	---		46	593
22182	1	---		47	593
22183	0	---		48	593
22184	0	---		49	593
22185	0	---		50	593
22186	0	---		51	593
22187	0	---		52	593
22188	0	---		53	593
22189	0	---		54	593
22190	1	---		55	593
22191	0	---		56	593
22192	0	---		57	593
22193	0	---		58	593
22194	0	---		59	593
22196	0	---		61	593
22197	0	---		62	593
22198	0	---		63	593
22199	0	---		25	594
22200	0	---		26	594
22201	0	---		27	594
22202	0	---		28	594
22203	0	---		29	594
22204	0	---		30	594
22205	0	---		32	594
22206	0	---		34	594
22207	0	---		35	594
22208	1	---		36	594
22209	0	---		41	594
22210	1	---		42	594
22211	0	---		43	594
22213	0	---		37	594
22214	0	---		38	594
22215	0	---		39	594
22216	0	---		40	594
22217	0	---		130	594
22218	1	---		44	594
22219	1	---		45	594
22220	0	---		46	594
22221	1	---		47	594
22222	0	---		48	594
22223	0	---		49	594
22224	0	---		50	594
22225	0	---		51	594
22226	0	---		52	594
22227	0	---		53	594
22228	0	---		54	594
22230	0	---		56	594
22231	0	---		57	594
22232	0	---		58	594
22233	0	---		59	594
22234	0	---		60	594
22235	0	---		61	594
22236	0	---		62	594
22237	0	---		63	594
22238	0	---		25	595
22239	0	---		26	595
22240	0	---		27	595
22241	0	---		28	595
22242	0	---		29	595
22243	0	---		30	595
19407	0	---		39	522
22246	0	---		35	595
22248	0	---		41	595
22249	1	---		42	595
22250	0	---		43	595
22251	2059	---		64	595
22252	0	---		37	595
22253	0	---		38	595
22254	0	---		39	595
22255	0	---		40	595
22256	0	---		130	595
22257	1	---		44	595
22258	1	---		45	595
22259	0	---		46	595
22260	1	---		47	595
22261	0	---		48	595
22262	0	---		49	595
22263	0	---		50	595
22265	0	---		52	595
22266	0	---		53	595
22267	0	---		54	595
22268	1	---		55	595
22269	0	---		56	595
22270	0	---		57	595
22271	0	---		58	595
22272	0	---		59	595
22273	0	---		60	595
22274	0	---		61	595
22275	0	---		62	595
22276	0	---		63	595
22277	0	---		25	596
22278	0	---		26	596
22279	0	---		27	596
22280	0	---		28	596
22282	0	---		30	596
22283	0	---		32	596
22284	0	---		34	596
22285	0	---		35	596
22286	1	---		36	596
22287	0	---		41	596
22288	1	---		42	596
22289	0	---		43	596
22290	2059	---		64	596
22291	0	---		37	596
22292	0	---		38	596
22293	0	---		39	596
22294	0	---		40	596
22295	0	---		130	596
22296	1	---		44	596
22297	1	---		45	596
22299	1	---		47	596
22300	0	---		48	596
22301	0	---		49	596
22302	0	---		50	596
22303	0	---		51	596
22304	0	---		52	596
22305	0	---		53	596
22306	0	---		54	596
22307	1	---		55	596
22308	0	---		56	596
22309	0	---		57	596
22310	0	---		58	596
22311	0	---		59	596
22312	0	---		60	596
22313	0	---		61	596
22314	0	---		62	596
22316	0	---		25	597
22317	0	---		26	597
22318	0	---		27	597
22319	0	---		28	597
22320	0	---		29	597
22321	0	---		30	597
22322	0	---		32	597
22323	0	---		34	597
22324	0	---		35	597
22325	1	---		36	597
22326	0	---		41	597
22327	1	---		42	597
22328	0	---		43	597
22329	2059	---		64	597
22330	0	---		37	597
22331	0	---		38	597
22333	0	---		40	597
22334	0	---		130	597
22335	1	---		44	597
22336	1	---		45	597
22337	0	---		46	597
22338	1	---		47	597
22339	0	---		48	597
22340	0	---		49	597
22341	0	---		50	597
22342	0	---		51	597
22343	0	---		52	597
22344	0	---		53	597
22345	0	---		54	597
22346	1	---		55	597
22347	0	---		56	597
22348	0	---		57	597
22350	0	---		59	597
22351	0	---		60	597
22352	0	---		61	597
22353	0	---		62	597
22354	0	---		63	597
22355	0	---		25	598
22356	0	---		26	598
22357	0	---		27	598
22358	0	---		28	598
22359	0	---		29	598
22360	0	---		30	598
22361	0	---		32	598
22362	0	---		34	598
22363	0	---		35	598
14204	0.5	---		25	389
14334	50	---		64	392
14246	-767	---		28	390
14249	0	---		32	390
14266	0	---		48	390
14283	0	---		26	391
22366	1	---		42	598
22368	2059	---		64	598
22369	0	---		37	598
22370	0	---		38	598
22371	0	---		39	598
22372	0	---		40	598
22373	0	---		130	598
22374	1	---		44	598
22375	1	---		45	598
22376	0	---		46	598
22377	1	---		47	598
22378	0	---		48	598
22379	0	---		49	598
22380	0	---		50	598
22381	0	---		51	598
22382	0	---		52	598
22383	0	---		53	598
22385	1	---		55	598
22386	0	---		56	598
22387	0	---		57	598
22388	0	---		58	598
22389	0	---		59	598
22390	0	---		60	598
22391	0	---		61	598
22392	0	---		62	598
22393	0	---		63	598
22394	0	---		25	599
22395	0	---		26	599
22396	0	---		27	599
22397	0	---		28	599
22398	0	---		29	599
22399	0	---		30	599
22400	0	---		32	599
22402	0	---		35	599
22403	1	---		36	599
22404	0	---		41	599
22405	1	---		42	599
22406	0	---		43	599
22407	2059	---		64	599
22408	0	---		37	599
22409	0	---		38	599
22410	0	---		39	599
22411	0	---		40	599
22412	0	---		130	599
22413	1	---		44	599
22414	1	---		45	599
22415	0	---		46	599
22416	1	---		47	599
22417	0	---		48	599
22419	0	---		50	599
22420	0	---		51	599
22421	0	---		52	599
22422	0	---		53	599
22423	0	---		54	599
22424	1	---		55	599
22425	0	---		56	599
22426	0	---		57	599
22427	0	---		58	599
22428	0	---		59	599
22429	0	---		60	599
22430	0	---		61	599
22431	0	---		62	599
22432	0	---		63	599
22433	0	---		25	600
22434	0	---		26	600
22436	0	---		28	600
22437	0	---		29	600
22438	0	---		30	600
22439	0	---		32	600
22440	0	---		34	600
22441	0	---		35	600
22442	1	---		36	600
22443	0	---		41	600
22444	1	---		42	600
22445	0	---		43	600
22446	2059	---		64	600
22447	0	---		37	600
22448	0	---		38	600
22449	0	---		39	600
22450	0	---		40	600
22451	0	---		130	600
22453	1	---		45	600
22454	0	---		46	600
22455	1	---		47	600
22456	0	---		48	600
22457	0	---		49	600
22458	0	---		50	600
22459	0	---		51	600
22460	0	---		52	600
22461	0	---		53	600
22462	0	---		54	600
22463	1	---		55	600
22464	0	---		56	600
22465	0	---		57	600
22466	0	---		58	600
22467	0	---		59	600
22468	0	---		60	600
22470	0	---		62	600
22471	0	---		63	600
14300	4	---		130	391
14317	0	---		60	391
14351	1	---		55	392
22365	0	---		41	598
14437	1	---		63	394
14386	0	---		51	393
14420	1	---		46	394
14369	93	---		36	393
14454	20	---		39	395
14471	0	---		58	395
14486	100	---		36	396
14489	0	---		43	396
14506	0	---		54	396
14523	0	---		34	397
14540	1	---		49	397
14557	32000	---		27	398
14574	1	---		44	398
14591	1	---		61	398
14606	0	---		43	399
14609	70	---		38	399
14626	0	---		57	399
14643	0	---		41	400
14677	0	---		30	401
14694	0	---		47	401
14711	0.5	---		25	402
14726	11	---		38	402
14729	3	---		130	402
14746	1	---		60	402
14763	6183	---		64	403
15191	0	---		43	414
14797	0	---		35	404
14814	0	---		50	404
14831	-767	---		28	405
14846	4	---		130	405
14849	1	---		46	405
14866	0	---		63	405
14883	138	---		39	406
14900	0	---		58	406
14934	0	---		53	407
14951	0	---		32	408
14966	1	---		46	408
14969	1	---		49	408
14986	32000	---		27	409
15003	1	---		44	409
15020	0	---		61	409
15037	120	---		37	410
15054	1	---		56	410
15071	200	---		36	411
15086	1	---		49	411
15089	0	---		52	411
15106	0	---		30	412
15123	0	---		47	412
15140	0.5	---		25	413
15157	0	---		40	413
15209	1	---		55	414
15226	0	---		35	415
15243	0	---		50	415
15260	-767	---		28	416
15277	1	---		45	416
15294	0	---		62	416
15311	130	---		38	417
15326	1	---		55	417
15329	0	---		58	417
15346	200	---		42	418
15363	0	---		53	418
15380	0	---		32	419
15397	0	---		48	419
15414	0	---		26	420
15446	0	---		58	420
15449	0	---		61	420
15466	75	---		37	421
15483	1	---		56	421
15500	100	---		36	422
15517	0	---		51	422
15534	32767	---		29	423
15551	1	---		46	423
15566	0	---		61	423
15569	0.5	---		25	424
15586	40	---		40	424
15603	0	---		59	424
15620	-18	---		43	425
15637	0	---		54	425
15654	0	---		34	426
15671	1	---		49	426
15689	-767	---		28	427
15706	1	---		45	427
15723	0	---		62	427
15740	55	---		38	428
15757	0	---		57	428
15774	0	---		41	429
15791	0	---		52	429
15806	-767	---		28	430
15809	0	---		32	430
15826	0	---		48	430
15843	0	---		26	431
15860	5	---		130	431
15877	1	---		60	431
15894	6187	---		64	432
15911	1	---		55	432
15926	0	---		32	433
15946	0	---		51	433
15963	32767	---		29	434
15980	0	---		46	434
15997	0	---		63	434
16014	0	---		39	435
16031	0	---		58	435
16046	20	---		36	436
16049	0	---		43	436
16066	0	---		54	436
16083	0	---		34	437
16100	1	---		49	437
16117	0	---		27	438
16134	1	---		44	438
16151	0	---		61	438
15206	0	---		52	414
16169	0	---		38	439
16186	0	---		57	439
16220	0	---		52	440
16237	0	---		30	441
16254	0	---		47	441
16271	0.5	---		25	442
16286	0	---		38	442
16289	0	---		130	442
16306	0	---		60	442
16323	2087	---		64	443
16340	1	---		55	443
16357	0	---		35	444
16374	0	---		50	444
16391	0	---		28	445
16406	0	---		130	445
16409	1	---		46	445
16426	0	---		63	445
16443	0	---		39	446
16477	1	---		42	447
16494	0	---		53	447
16511	0	---		32	448
16526	1	---		46	448
16529	1	---		49	448
16546	0	---		27	449
16563	1	---		44	449
16580	0	---		61	449
16597	0	---		37	450
16614	0	---		56	450
16631	1	---		36	451
16646	1	---		49	451
16649	0	---		52	451
16666	0	---		30	452
16683	0	---		47	452
16700	0.5	---		25	453
16734	0	---		59	453
16751	0	---		43	454
16766	0	---		52	454
16769	1	---		55	454
16786	0	---		35	455
16803	0	---		50	455
16820	0	---		28	456
16837	1	---		45	456
16854	0	---		62	456
16871	0	---		38	457
16886	1	---		55	457
16889	0	---		58	457
16906	1	---		42	458
16923	0	---		53	458
16940	0	---		32	459
16957	0	---		48	459
16991	0	---		130	460
17006	0	---		58	460
17009	0	---		61	460
17026	0	---		37	461
17043	0	---		56	461
17060	1	---		36	462
17077	0	---		51	462
17094	0	---		29	463
17111	1	---		46	463
17126	0	---		61	463
17129	0.5	---		25	464
17146	0	---		40	464
17163	0	---		59	464
17180	0	---		43	465
17197	0	---		54	465
17214	0	---		34	466
17246	0.5	---		25	467
17249	0	---		28	467
17266	1	---		45	467
17283	0	---		62	467
17300	0	---		38	468
17317	0	---		57	468
17334	0	---		41	469
17351	0	---		52	469
17366	0	---		28	470
17369	0	---		32	470
17386	0	---		48	470
17403	0	---		26	471
17420	0	---		130	471
17437	0	---		60	471
17454	2087	---		64	472
17471	1	---		55	472
17489	1	---		36	473
17506	0	---		51	473
17523	0	---		29	474
17540	1	---		46	474
17557	0	---		63	474
17574	0	---		39	475
17591	0	---		58	475
17606	1	---		36	476
17609	0	---		43	476
17626	0	---		54	476
17643	0	---		34	477
17660	1	---		49	477
17677	0	---		27	478
17694	1	---		44	478
17711	0	---		61	478
17726	0	---		43	479
17746	0	---		57	479
17763	0	---		41	480
17780	0	---		52	480
17797	0	---		30	481
17814	0	---		47	481
17831	0.5	---		25	482
17846	0	---		38	482
17849	0	---		130	482
17866	0	---		60	482
17883	2087	---		64	483
17900	1	---		55	483
17917	0	---		35	484
17934	0	---		50	484
17951	0	---		28	485
17969	1	---		46	485
17986	0	---		63	485
18020	0	---		58	486
18037	1	---		42	487
18054	0	---		53	487
18071	0	---		32	488
18086	1	---		46	488
18089	1	---		49	488
18106	0	---		27	489
18123	1	---		44	489
18140	0	---		61	489
18157	0	---		37	490
18174	0	---		56	490
18191	1	---		36	491
18206	1	---		49	491
18209	0	---		52	491
18222	0	---		26	492
18243	0	---		47	492
18277	0	---		40	493
18294	0	---		59	493
18311	0	---		43	494
18326	0	---		52	494
18329	1	---		55	494
18346	0	---		35	495
18363	0	---		50	495
18380	0	---		28	496
18397	1	---		45	496
18414	0	---		62	496
18431	0	---		38	497
18446	1	---		55	497
18449	0	---		58	497
18466	1	---		42	498
18483	0	---		53	498
18500	0	---		32	499
18534	0	---		26	500
18551	0	---		130	500
18566	0	---		58	500
18569	0	---		61	500
18586	0	---		37	501
18603	0	---		56	501
18620	1	---		36	502
18637	0	---		51	502
18654	0	---		29	503
18671	1	---		46	503
18686	0	---		61	503
18689	0.5	---		25	504
18706	0	---		40	504
18723	0	---		59	504
18740	0	---		43	505
18757	0	---		54	505
18791	1	---		49	506
18806	0.5	---		25	507
18809	0	---		28	507
18826	1	---		45	507
18843	0	---		62	507
18860	0	---		38	508
18877	0	---		57	508
18894	0	---		41	509
18911	0	---		52	509
18926	0	---		28	510
18929	0	---		32	510
18946	0	---		48	510
18963	0	---		26	511
18980	0	---		130	511
18997	0	---		60	511
19014	2087	---		64	512
19046	0	---		32	513
19049	1	---		36	513
19066	0	---		51	513
19083	0	---		29	514
19100	1	---		46	514
19117	0	---		63	514
19134	0	---		39	515
19151	0	---		58	515
19166	1	---		36	516
19169	0	---		43	516
19186	0	---		54	516
19203	0	---		34	517
19220	1	---		49	517
19237	0	---		27	518
19254	1	---		44	518
19271	0	---		61	518
19289	0	---		38	519
19306	0	---		57	519
19323	0	---		41	520
19340	0	---		52	520
19357	0	---		30	521
19374	0	---		47	521
19391	0.5	---		25	522
19406	0	---		38	522
19409	0	---		130	522
19426	0	---		60	522
19443	2087	---		64	523
19460	1	---		55	523
19477	0	---		35	524
19494	0	---		50	524
19511	0	---		28	525
19526	0	---		130	525
19546	0	---		63	525
19563	0	---		39	526
19580	0	---		58	526
19597	1	---		42	527
19614	0	---		53	527
19631	0	---		32	528
19646	1	---		46	528
19649	1	---		49	528
19666	0	---		27	529
19683	1	---		44	529
19700	0	---		61	529
19717	0	---		37	530
19734	0	---		56	530
19751	1	---		36	531
19769	0	---		52	531
19786	0	---		30	532
19820	0.5	---		25	533
19837	0	---		40	533
19854	0	---		59	533
19871	0	---		43	534
19886	0	---		52	534
19889	1	---		55	534
19906	0	---		35	535
19923	0	---		50	535
19940	0	---		28	536
19957	1	---		45	536
19974	0	---		62	536
19991	0	---		38	537
20006	1	---		55	537
20009	0	---		58	537
20026	1	---		42	538
20043	0	---		53	538
20077	0	---		48	539
20094	0	---		26	540
20111	0	---		130	540
20126	0	---		58	540
20129	0	---		61	540
20146	0	---		37	541
20163	0	---		56	541
20180	1	---		36	542
20197	0	---		51	542
20214	0	---		29	543
20231	1	---		46	543
20246	0	---		61	543
20249	0.5	---		25	544
20266	0	---		40	544
20283	0	---		59	544
20300	0	---		43	545
20334	0	---		34	546
20351	0	---		49	546
20366	0	---		25	547
20369	0	---		28	547
20386	1	---		45	547
20403	0	---		62	547
20420	0	---		38	548
20437	0	---		57	548
20454	0	---		41	549
20471	0	---		52	549
20486	0	---		28	550
20489	0	---		32	550
20506	0	---		48	550
20523	0	---		26	551
20540	0	---		130	551
20557	0	---		60	551
20591	1	---		55	552
20606	0	---		32	553
20609	1	---		36	553
20626	0	---		51	553
20643	0	---		29	554
20660	0	---		46	554
20677	0	---		63	554
20694	0	---		39	555
20711	0	---		58	555
20726	1	---		36	556
20729	0	---		43	556
20746	0	---		54	556
20763	0	---		34	557
20780	0	---		49	557
20797	0	---		27	558
20814	1	---		44	558
20846	0	---		43	559
20849	0	---		38	559
20866	0	---		57	559
20883	0	---		41	560
20900	0	---		52	560
20917	0	---		30	561
20934	1	---		47	561
20951	0	---		25	562
20966	0	---		38	562
20969	0	---		130	562
20986	0	---		60	562
20990	0	---		25	563
20993	0	---		28	563
21010	1	---		45	563
21027	0	---		62	563
21044	0	---		38	564
21078	0	---		41	565
21095	0	---		52	565
21110	0	---		28	566
21113	0	---		32	566
21130	0	---		48	566
21147	0	---		26	567
21164	0	---		130	567
21181	0	---		60	567
21198	2059	---		64	568
21215	1	---		55	568
21230	0	---		32	569
21233	1	---		36	569
21250	0	---		51	569
21267	0	---		29	570
21284	0	---		46	570
21301	0	---		63	570
21335	0	---		58	571
21350	1	---		36	572
21353	0	---		43	572
21370	0	---		54	572
21387	0	---		34	573
21404	0	---		49	573
21421	0	---		27	574
21438	1	---		44	574
21455	0	---		61	574
21470	0	---		43	575
21473	0	---		38	575
21490	0	---		57	575
21507	0	---		41	576
21524	0	---		52	576
21558	1	---		47	577
21575	0	---		25	578
21593	0	---		130	578
21610	0	---		60	578
21627	2059	---		64	579
21644	1	---		55	579
21661	0	---		35	580
21678	0	---		50	580
21695	0	---		28	581
21710	0	---		130	581
21713	0	---		46	581
21730	0	---		63	581
21747	0	---		39	582
21764	0	---		58	582
21781	1	---		42	583
21798	0	---		53	583
21815	0	---		32	584
21830	0	---		46	584
21850	0	---		27	585
21867	1	---		44	585
21884	0	---		61	585
21901	0	---		37	586
21918	0	---		56	586
21935	1	---		36	587
21962	0	---		61	587
21979	0	---		37	588
21996	0	---		56	588
22013	1	---		36	589
22041	0	---		62	589
22058	0	---		38	590
22075	0	---		57	590
22092	0	---		41	591
22109	0	---		52	591
22124	0	---		28	592
22144	0	---		48	592
22161	0	---		26	593
22178	0	---		130	593
22195	0	---		60	593
22212	2059	---		64	594
22229	1	---		55	594
22244	0	---		32	595
22247	1	---		36	595
22264	0	---		51	595
22281	0	---		29	596
22298	0	---		46	596
22315	0	---		63	596
22332	0	---		39	597
22349	0	---		58	597
22364	1	---		36	598
22367	0	---		43	598
22401	0	---		34	599
22418	0	---		49	599
22435	0	---		27	600
22452	1	---		44	600
22469	0	---		61	600
22472	0.5	---		25	601
22473	0	---		26	601
22474	0	---		27	601
22475	0	---		28	601
22476	0	---		29	601
22477	0	---		30	601
22478	0	---		32	601
22479	0	---		34	601
22480	0	---		35	601
22481	1	---		36	601
22482	0	---		41	601
22484	0	---		43	601
22485	2087	---		64	601
22486	0	---		37	601
22487	0	---		38	601
22488	0	---		39	601
22489	0	---		40	601
22490	0	---		130	601
22491	1	---		44	601
22492	1	---		45	601
22493	1	---		46	601
22494	0	---		47	601
22495	0	---		48	601
22496	1	---		49	601
22497	0	---		50	601
22498	0	---		51	601
22499	0	---		52	601
22501	0	---		54	601
22502	1	---		55	601
22503	0	---		56	601
22504	0	---		57	601
22505	0	---		58	601
22506	0	---		59	601
22507	0	---		60	601
22508	0	---		61	601
22509	0	---		62	601
22510	0	---		63	601
22511	0.5	---		25	602
22512	0	---		26	602
22513	0	---		27	602
22514	0	---		28	602
22515	0	---		29	602
22516	0	---		30	602
22518	1	---		34	602
22519	0	---		35	602
22520	1	---		36	602
22521	1	---		41	602
22522	1	---		42	602
22523	0	---		43	602
22524	2087	---		64	602
22525	0	---		37	602
22526	0	---		38	602
22527	0	---		39	602
22528	0	---		40	602
22529	0	---		130	602
22530	1	---		44	602
22531	1	---		45	602
22533	0	---		47	602
22534	0	---		48	602
22536	0	---		50	602
22537	0	---		51	602
22538	0	---		52	602
22539	0	---		53	602
22540	0	---		54	602
22541	1	---		55	602
22542	0	---		56	602
22543	0	---		57	602
22544	0	---		58	602
22545	0	---		59	602
22546	0	---		60	602
22547	0	---		61	602
22548	0	---		62	602
22549	0	---		63	602
22550	0.5	---		25	603
22551	0	---		26	603
22553	0	---		28	603
22554	0	---		29	603
22555	0	---		30	603
22556	0	---		32	603
22557	0	---		34	603
22558	0	---		35	603
22559	1	---		36	603
22560	0	---		41	603
22561	1	---		42	603
22562	0	---		43	603
22563	2087	---		64	603
22564	0	---		37	603
22565	0	---		38	603
22566	0	---		39	603
22567	0	---		40	603
22568	0	---		130	603
22570	1	---		45	603
22571	1	---		46	603
22572	0	---		47	603
22573	0	---		48	603
22574	1	---		49	603
22575	0	---		50	603
22576	0	---		51	603
22577	0	---		52	603
22578	0	---		53	603
22579	0	---		54	603
22580	1	---		55	603
22581	0	---		56	603
22582	0	---		57	603
22583	0	---		58	603
22584	0	---		59	603
22585	0	---		60	603
22587	0	---		62	603
22588	0	---		63	603
22589	0.5	---		25	604
22590	0	---		26	604
22591	0	---		27	604
22592	0	---		28	604
22593	0	---		29	604
22594	0	---		30	604
22595	0	---		32	604
22596	0	---		34	604
22597	0	---		35	604
22598	1	---		36	604
22599	0	---		41	604
22600	1	---		42	604
22601	0	---		43	604
22602	2087	---		64	604
22604	0	---		38	604
22605	0	---		39	604
22606	0	---		40	604
22607	0	---		130	604
22608	1	---		44	604
22609	1	---		45	604
22610	1	---		46	604
22611	0	---		47	604
22612	0	---		48	604
22613	1	---		49	604
22614	0	---		50	604
22615	0	---		51	604
22616	0	---		52	604
22617	0	---		53	604
22618	0	---		54	604
22619	1	---		55	604
22621	0	---		57	604
22622	0	---		58	604
22623	0	---		59	604
22624	0	---		60	604
22625	0	---		61	604
22626	0	---		62	604
22627	0	---		63	604
22628	0.5	---		25	605
22629	0	---		26	605
22630	0	---		27	605
22631	0	---		28	605
22632	0	---		29	605
22633	0	---		30	605
22634	0	---		32	605
22635	0	---		34	605
22636	0	---		35	605
22638	0	---		41	605
22639	1	---		42	605
22640	0	---		43	605
22641	2087	---		64	605
22642	0	---		37	605
22643	0	---		38	605
22644	0	---		39	605
22645	0	---		40	605
22646	0	---		130	605
22647	1	---		44	605
22648	1	---		45	605
22649	1	---		46	605
22650	0	---		47	605
22651	0	---		48	605
22653	0	---		50	605
22654	0	---		51	605
22656	0	---		53	605
22657	0	---		54	605
22658	1	---		55	605
22659	0	---		56	605
22660	0	---		57	605
22661	0	---		58	605
22662	0	---		59	605
22663	0	---		60	605
22664	0	---		61	605
22665	0	---		62	605
22666	0	---		63	605
22667	0.5	---		25	606
22668	0	---		26	606
22669	0	---		27	606
22670	0	---		28	606
22671	0	---		29	606
22673	0	---		32	606
22674	0	---		34	606
22675	0	---		35	606
22676	1	---		36	606
22677	0	---		41	606
22678	1	---		42	606
22679	0	---		43	606
22680	2087	---		64	606
22681	0	---		37	606
22682	0	---		38	606
22683	0	---		39	606
22684	0	---		40	606
22685	0	---		130	606
22686	1	---		44	606
22687	1	---		45	606
22688	1	---		46	606
22690	0	---		48	606
22691	1	---		49	606
22692	0	---		50	606
22693	0	---		51	606
22694	0	---		52	606
22695	0	---		53	606
22696	0	---		54	606
22697	1	---		55	606
22698	0	---		56	606
22699	0	---		57	606
22700	0	---		58	606
22701	0	---		59	606
22702	0	---		60	606
22703	0	---		61	606
22704	0	---		62	606
22705	0	---		63	606
22707	0	---		26	607
22708	0	---		27	607
22709	0	---		28	607
22710	0	---		29	607
22711	0	---		30	607
22712	0	---		32	607
22713	0	---		34	607
22714	0	---		35	607
22715	1	---		36	607
22716	0	---		41	607
22717	1	---		42	607
22718	0	---		43	607
22719	2087	---		64	607
22720	0	---		37	607
22721	0	---		38	607
22722	0	---		39	607
22724	0	---		130	607
22725	1	---		44	607
22726	1	---		45	607
22727	1	---		46	607
22728	0	---		47	607
22729	0	---		48	607
22730	1	---		49	607
22731	0	---		50	607
22732	0	---		51	607
22733	0	---		52	607
22734	0	---		53	607
22735	0	---		54	607
22736	1	---		55	607
22737	0	---		56	607
22738	0	---		57	607
22739	0	---		58	607
22741	0	---		60	607
22742	0	---		61	607
22743	0	---		62	607
22744	0	---		63	607
22745	0.5	---		25	608
22746	0	---		26	608
22747	0	---		27	608
22748	0	---		28	608
22749	0	---		29	608
22750	0	---		30	608
22751	0	---		32	608
22752	0	---		34	608
22753	0	---		35	608
22754	1	---		36	608
22755	0	---		41	608
22756	1	---		42	608
22758	2087	---		64	608
22759	0	---		37	608
22760	0	---		38	608
22761	0	---		39	608
22762	0	---		40	608
22763	0	---		130	608
22764	1	---		44	608
22765	1	---		45	608
22766	1	---		46	608
22767	0	---		47	608
22768	0	---		48	608
22769	1	---		49	608
22770	0	---		50	608
22771	0	---		51	608
22773	0	---		53	608
22774	0	---		54	608
22776	0	---		56	608
22777	0	---		57	608
22778	0	---		58	608
22779	0	---		59	608
22780	0	---		60	608
22781	0	---		61	608
22782	0	---		62	608
22783	0	---		63	608
22784	0.5	---		25	609
22785	0	---		26	609
22786	0	---		27	609
22787	0	---		28	609
22788	0	---		29	609
22789	0	---		30	609
22790	0	---		32	609
22791	0	---		34	609
22793	1	---		36	609
22794	0	---		41	609
22795	1	---		42	609
22796	0	---		43	609
22797	2087	---		64	609
22798	0	---		37	609
22799	0	---		38	609
22800	0	---		39	609
22801	0	---		40	609
22802	0	---		130	609
22803	1	---		44	609
22804	1	---		45	609
22805	1	---		46	609
22806	0	---		47	609
22807	0	---		48	609
22808	1	---		49	609
22810	0	---		51	609
22811	0	---		52	609
22812	0	---		53	609
22813	0	---		54	609
22814	1	---		55	609
22815	0	---		56	609
22816	0	---		57	609
22817	0	---		58	609
22818	0	---		59	609
22819	0	---		60	609
22820	0	---		61	609
22821	0	---		62	609
22822	0	---		63	609
22823	0.5	---		25	610
22824	0	---		26	610
22825	0	---		27	610
22827	0	---		29	610
22828	0	---		30	610
22829	0	---		32	610
22830	0	---		34	610
22831	0	---		35	610
22832	1	---		36	610
22833	0	---		41	610
22834	1	---		42	610
22835	0	---		43	610
22836	2087	---		64	610
22837	0	---		37	610
22838	0	---		38	610
22839	0	---		39	610
22840	0	---		40	610
22841	0	---		130	610
22842	1	---		44	610
22844	1	---		46	610
22845	0	---		47	610
22846	0	---		48	610
22847	1	---		49	610
22848	0	---		50	610
22849	0	---		51	610
22850	0	---		52	610
22851	0	---		53	610
22852	0	---		54	610
22853	1	---		55	610
22854	0	---		56	610
22855	0	---		57	610
22856	0	---		58	610
22857	0	---		59	610
22858	0	---		60	610
22859	0	---		61	610
22861	0	---		63	610
22862	0.5	---		25	611
22863	0	---		26	611
22864	0	---		27	611
22865	0	---		28	611
22866	0	---		29	611
22867	0	---		30	611
22868	0	---		32	611
22869	0	---		34	611
22870	0	---		35	611
22871	1	---		36	611
22872	0	---		41	611
22873	1	---		42	611
22874	0	---		43	611
22875	2087	---		64	611
22876	0	---		37	611
22878	0	---		39	611
22879	0	---		40	611
22880	0	---		130	611
22881	1	---		44	611
22882	1	---		45	611
22883	1	---		46	611
22884	0	---		47	611
22885	0	---		48	611
22886	1	---		49	611
22887	0	---		50	611
22888	0	---		51	611
22889	0	---		52	611
22890	0	---		53	611
22891	0	---		54	611
22893	0	---		56	611
22894	0	---		57	611
22896	0	---		59	611
22897	0	---		60	611
22898	0	---		61	611
22899	0	---		62	611
22900	0	---		63	611
22901	0.5	---		25	612
22902	0	---		26	612
22903	0	---		27	612
22904	0	---		28	612
22905	0	---		29	612
22906	0	---		30	612
22907	0	---		32	612
22908	0	---		34	612
22909	0	---		35	612
22910	1	---		36	612
22911	0	---		41	612
22913	0	---		43	612
22914	2087	---		64	612
22915	0	---		37	612
22916	0	---		38	612
22917	0	---		39	612
22918	0	---		40	612
22919	0	---		130	612
22920	1	---		44	612
22921	1	---		45	612
22922	1	---		46	612
22923	0	---		47	612
22924	0	---		48	612
22925	1	---		49	612
22926	0	---		50	612
22927	0	---		51	612
22928	0	---		52	612
22930	0	---		54	612
22931	1	---		55	612
22932	0	---		56	612
22933	0	---		57	612
22934	0	---		58	612
22935	0	---		59	612
22936	0	---		60	612
22937	0	---		61	612
22938	0	---		62	612
22939	0	---		63	612
22940	0.5	---		25	613
22941	0	---		26	613
22942	0	---		27	613
22943	0	---		28	613
22944	0	---		29	613
22945	0	---		30	613
22947	0	---		34	613
22948	0	---		35	613
22949	1	---		36	613
22950	0	---		41	613
22951	1	---		42	613
22952	0	---		43	613
22953	2087	---		64	613
22954	0	---		37	613
22955	0	---		38	613
22956	0	---		39	613
22957	0	---		40	613
22958	0	---		130	613
22959	1	---		44	613
22960	1	---		45	613
22961	1	---		46	613
22962	0	---		47	613
22964	1	---		49	613
22965	0	---		50	613
22966	0	---		51	613
22967	0	---		52	613
22968	0	---		53	613
22969	0	---		54	613
22970	1	---		55	613
22971	0	---		56	613
22972	0	---		57	613
22973	0	---		58	613
22974	0	---		59	613
22975	0	---		60	613
22976	0	---		61	613
22977	0	---		62	613
22978	0	---		63	613
22979	0.5	---		25	614
22981	0	---		27	614
22982	0	---		28	614
22983	0	---		29	614
22984	0	---		30	614
22985	0	---		32	614
22986	0	---		34	614
22987	0	---		35	614
22988	1	---		36	614
22989	0	---		41	614
22990	1	---		42	614
22991	0	---		43	614
22992	2087	---		64	614
22993	0	---		37	614
22994	0	---		38	614
22995	0	---		39	614
22996	0	---		40	614
22998	1	---		44	614
22999	1	---		45	614
23000	1	---		46	614
23001	0	---		47	614
23002	0	---		48	614
23003	1	---		49	614
23004	0	---		50	614
23005	0	---		51	614
23006	0	---		52	614
23007	0	---		53	614
23008	0	---		54	614
23009	1	---		55	614
23010	0	---		56	614
23011	0	---		57	614
23013	0	---		59	614
23014	0	---		60	614
23016	0	---		62	614
23017	0	---		63	614
23018	0.5	---		25	615
23019	0	---		26	615
23020	0	---		27	615
23021	0	---		28	615
23022	0	---		29	615
23023	0	---		30	615
23024	0	---		32	615
23025	0	---		34	615
23026	0	---		35	615
23027	1	---		36	615
23028	0	---		41	615
23029	1	---		42	615
23030	0	---		43	615
23031	2087	---		64	615
23033	0	---		38	615
23034	0	---		39	615
23035	0	---		40	615
23036	0	---		130	615
23037	1	---		44	615
23038	1	---		45	615
23039	1	---		46	615
23040	0	---		47	615
23041	0	---		48	615
23042	1	---		49	615
23043	0	---		50	615
23044	0	---		51	615
23045	0	---		52	615
23046	0	---		53	615
23047	0	---		54	615
23048	1	---		55	615
23050	0	---		57	615
23051	0	---		58	615
23052	0	---		59	615
23053	0	---		60	615
23054	0	---		61	615
23055	0	---		62	615
23056	0	---		63	615
23057	0.5	---		25	616
23058	0	---		26	616
23059	0	---		27	616
23060	0	---		28	616
23061	0	---		29	616
23062	0	---		30	616
23063	0	---		32	616
23064	0	---		34	616
23065	0	---		35	616
23067	0	---		41	616
23068	1	---		42	616
23069	0	---		43	616
23070	2087	---		64	616
23071	0	---		37	616
23072	0	---		38	616
23073	0	---		39	616
23074	0	---		40	616
23075	0	---		130	616
23076	1	---		44	616
23077	1	---		45	616
23078	1	---		46	616
23079	0	---		47	616
23080	0	---		48	616
23081	1	---		49	616
23082	0	---		50	616
23084	0	---		52	616
23085	0	---		53	616
23086	0	---		54	616
23087	1	---		55	616
23088	0	---		56	616
23089	0	---		57	616
23090	0	---		58	616
23091	0	---		59	616
23092	0	---		60	616
23093	0	---		61	616
23094	0	---		62	616
23095	0	---		63	616
23096	0.5	---		25	617
23097	0	---		26	617
23098	0	---		27	617
23099	0	---		28	617
23101	0	---		30	617
23102	0	---		32	617
23103	0	---		34	617
23104	0	---		35	617
23105	1	---		36	617
23106	0	---		41	617
23107	1	---		42	617
23108	0	---		43	617
23109	2087	---		64	617
23110	0	---		37	617
23111	0	---		38	617
23112	0	---		39	617
23113	0	---		40	617
23114	0	---		130	617
23115	1	---		44	617
23116	1	---		45	617
23118	0	---		47	617
23119	0	---		48	617
23120	1	---		49	617
23121	0	---		50	617
23122	0	---		51	617
23123	0	---		52	617
23124	0	---		53	617
23125	0	---		54	617
23126	1	---		55	617
23127	0	---		56	617
23128	0	---		57	617
23129	0	---		58	617
23130	0	---		59	617
23131	0	---		60	617
23133	0	---		62	617
23134	0	---		63	617
23136	0	---		26	618
23137	0	---		27	618
23138	0	---		28	618
23139	0	---		29	618
23140	0	---		30	618
23141	0	---		32	618
23142	0	---		34	618
23143	0	---		35	618
23144	1	---		36	618
23145	0	---		41	618
23146	1	---		42	618
23147	0	---		43	618
23148	2059	---		64	618
23149	0	---		37	618
23150	0	---		38	618
23151	0	---		39	618
23153	0	---		130	618
23154	1	---		44	618
23155	1	---		45	618
23156	0	---		46	618
23157	1	---		47	618
23158	0	---		48	618
23159	0	---		49	618
23160	0	---		50	618
23161	0	---		51	618
23162	0	---		52	618
23163	0	---		53	618
23164	0	---		54	618
23165	1	---		55	618
23166	0	---		56	618
23167	0	---		57	618
23168	0	---		58	618
23170	0	---		60	618
23171	0	---		61	618
23172	0	---		62	618
23173	0	---		63	618
23174	0	---		25	619
23175	0	---		26	619
23176	0	---		27	619
23177	0	---		28	619
23178	0	---		29	619
23179	0	---		30	619
23180	0	---		32	619
23181	0	---		34	619
23182	0	---		35	619
23183	1	---		36	619
23184	0	---		41	619
23185	1	---		42	619
23187	2059	---		64	619
23188	0	---		37	619
23189	0	---		38	619
23190	0	---		39	619
23191	0	---		40	619
23192	0	---		130	619
23193	1	---		44	619
23194	1	---		45	619
23195	0	---		46	619
23196	1	---		47	619
23197	0	---		48	619
23198	0	---		49	619
23199	0	---		50	619
23200	0	---		51	619
23201	0	---		52	619
23202	0	---		53	619
23204	1	---		55	619
23205	0	---		56	619
23206	0	---		57	619
23207	0	---		58	619
23208	0	---		59	619
23209	0	---		60	619
23210	0	---		61	619
23211	0	---		62	619
23212	0	---		63	619
23213	0	---		25	620
23214	0	---		26	620
23215	0	---		27	620
23216	0	---		28	620
23217	0	---		29	620
23218	0	---		30	620
23219	0	---		32	620
23221	0	---		35	620
23222	1	---		36	620
23223	0	---		41	620
23224	1	---		42	620
23225	0	---		43	620
23226	2059	---		64	620
23227	0	---		37	620
23228	0	---		38	620
23229	0	---		39	620
23230	0	---		40	620
23231	0	---		130	620
23232	1	---		44	620
23233	1	---		45	620
23234	0	---		46	620
23235	1	---		47	620
23236	0	---		48	620
23238	0	---		50	620
23239	0	---		51	620
23240	0	---		52	620
23241	0	---		53	620
23242	0	---		54	620
23243	1	---		55	620
23244	0	---		56	620
23245	0	---		57	620
23246	0	---		58	620
23247	0	---		59	620
23248	0	---		60	620
23249	0	---		61	620
23250	0	---		62	620
23251	0	---		63	620
23253	0	---		26	621
23254	0	---		27	621
23256	0	---		29	621
23257	0	---		30	621
23258	0	---		32	621
23259	0	---		34	621
23260	0	---		35	621
23261	1	---		36	621
23262	0	---		41	621
23263	1	---		42	621
23264	0	---		43	621
23265	2059	---		64	621
23266	0	---		37	621
23267	0	---		38	621
23268	0	---		39	621
23269	0	---		40	621
23270	0	---		130	621
23271	1	---		44	621
23273	0	---		46	621
23274	1	---		47	621
23275	0	---		48	621
23276	0	---		49	621
23277	0	---		50	621
23278	0	---		51	621
23279	0	---		52	621
23280	0	---		53	621
23281	0	---		54	621
23282	1	---		55	621
23283	0	---		56	621
23284	0	---		57	621
23285	0	---		58	621
23286	0	---		59	621
23287	0	---		60	621
23288	0	---		61	621
23290	0	---		63	621
23291	0	---		25	622
23292	0	---		26	622
23293	0	---		27	622
23294	0	---		28	622
23295	0	---		29	622
23296	0	---		30	622
23297	0	---		32	622
23298	0	---		34	622
23299	0	---		35	622
23300	1	---		36	622
23301	0	---		41	622
23302	1	---		42	622
23303	0	---		43	622
23304	2059	---		64	622
23305	0	---		37	622
23307	0	---		39	622
23308	0	---		40	622
23309	0	---		130	622
23310	1	---		44	622
23311	1	---		45	622
23312	0	---		46	622
23313	1	---		47	622
23314	0	---		48	622
23315	0	---		49	622
23316	0	---		50	622
23317	0	---		51	622
23318	0	---		52	622
23319	0	---		53	622
23320	0	---		54	622
23321	1	---		55	622
23322	0	---		56	622
23324	0	---		58	622
23325	0	---		59	622
23326	0	---		60	622
23327	0	---		61	622
23328	0	---		62	622
23329	0	---		63	622
23330	0	---		25	623
23331	0	---		26	623
23332	0	---		27	623
23333	0	---		28	623
23334	0	---		29	623
23335	0	---		30	623
23336	0	---		32	623
23337	0	---		34	623
23338	0	---		35	623
23339	1	---		36	623
23341	1	---		42	623
23342	0	---		43	623
23343	2059	---		64	623
23344	0	---		37	623
23345	0	---		38	623
23346	0	---		39	623
23347	0	---		40	623
23348	0	---		130	623
23349	1	---		44	623
23350	1	---		45	623
23351	0	---		46	623
23352	1	---		47	623
23353	0	---		48	623
23354	0	---		49	623
23355	0	---		50	623
23356	0	---		51	623
23358	0	---		53	623
23359	0	---		54	623
23360	1	---		55	623
23361	0	---		56	623
23362	0	---		57	623
23363	0	---		58	623
23364	0	---		59	623
23365	0	---		60	623
23366	0	---		61	623
23367	0	---		62	623
23368	0	---		63	623
23369	0	---		25	624
23370	0	---		26	624
23371	0	---		27	624
23373	0	---		29	624
23374	0	---		30	624
23376	0	---		34	624
23377	0	---		35	624
23378	1	---		36	624
23379	0	---		41	624
23380	1	---		42	624
23381	0	---		43	624
23382	2059	---		64	624
23383	0	---		37	624
23384	0	---		38	624
23385	0	---		39	624
23386	0	---		40	624
23387	0	---		130	624
23388	1	---		44	624
23389	1	---		45	624
23390	0	---		46	624
23391	1	---		47	624
23393	0	---		49	624
23394	0	---		50	624
23395	0	---		51	624
23396	0	---		52	624
23397	0	---		53	624
23398	0	---		54	624
23399	1	---		55	624
23400	0	---		56	624
23401	0	---		57	624
23402	0	---		58	624
23403	0	---		59	624
23404	0	---		60	624
23405	0	---		61	624
23406	0	---		62	624
23407	0	---		63	624
23408	0	---		25	625
23410	0	---		27	625
23411	0	---		28	625
23412	0	---		29	625
23413	0	---		30	625
23414	0	---		32	625
23415	0	---		34	625
23416	0	---		35	625
23417	1	---		36	625
23418	0	---		41	625
23419	1	---		42	625
23420	0	---		43	625
23421	2059	---		64	625
23422	0	---		37	625
23423	0	---		38	625
23424	0	---		39	625
23425	0	---		40	625
23427	1	---		44	625
23428	1	---		45	625
23429	0	---		46	625
23430	1	---		47	625
23431	0	---		48	625
23432	0	---		49	625
23433	0	---		50	625
23434	0	---		51	625
23435	0	---		52	625
23436	0	---		53	625
23437	0	---		54	625
23438	1	---		55	625
23439	0	---		56	625
23440	0	---		57	625
23441	0	---		58	625
23442	0	---		59	625
23444	0	---		61	625
23445	0	---		62	625
23446	0	---		63	625
23447	0	---		25	626
23448	0	---		26	626
23449	0	---		27	626
23450	0	---		28	626
23451	0	---		29	626
23452	0	---		30	626
23453	0	---		32	626
23454	0	---		34	626
23455	0	---		35	626
23456	1	---		36	626
23457	0	---		41	626
23458	1	---		42	626
23459	0	---		43	626
23461	0	---		37	626
23462	0	---		38	626
23463	0	---		39	626
23464	0	---		40	626
23465	0	---		130	626
23466	1	---		44	626
23467	1	---		45	626
23468	0	---		46	626
23469	1	---		47	626
23470	0	---		48	626
23471	0	---		49	626
23472	0	---		50	626
23473	0	---		51	626
23474	0	---		52	626
23475	0	---		53	626
23476	0	---		54	626
23478	0	---		56	626
23479	0	---		57	626
23480	0	---		58	626
23481	0	---		59	626
23482	0	---		60	626
23483	0	---		61	626
23484	0	---		62	626
23485	0	---		63	626
23486	0	---		25	627
23487	0	---		26	627
23488	0	---		27	627
23489	0	---		28	627
23490	0	---		29	627
23491	0	---		30	627
23493	0	---		34	627
23494	0	---		35	627
23496	0	---		41	627
23497	1	---		42	627
23498	0	---		43	627
23499	2059	---		64	627
23500	0	---		37	627
23501	0	---		38	627
23502	0	---		39	627
23503	0	---		40	627
23504	0	---		130	627
23505	1	---		44	627
23506	1	---		45	627
23507	0	---		46	627
23508	1	---		47	627
23509	0	---		48	627
23510	0	---		49	627
23511	0	---		50	627
23513	0	---		52	627
23514	0	---		53	627
23515	0	---		54	627
23516	1	---		55	627
23517	0	---		56	627
23518	0	---		57	627
23519	0	---		58	627
23520	0	---		59	627
23521	0	---		60	627
23522	0	---		61	627
23523	0	---		62	627
23524	0	---		63	627
23525	0	---		25	628
23526	0	---		26	628
23527	0	---		27	628
23528	0	---		28	628
23530	0	---		30	628
23531	0	---		32	628
23532	0	---		34	628
23533	0	---		35	628
23534	1	---		36	628
23535	0	---		41	628
23536	1	---		42	628
23537	0	---		43	628
23538	2059	---		64	628
23539	0	---		37	628
23540	0	---		38	628
23541	0	---		39	628
23542	0	---		40	628
23543	0	---		130	628
23544	1	---		44	628
23545	1	---		45	628
23547	1	---		47	628
23548	0	---		48	628
23549	0	---		49	628
23550	0	---		50	628
23551	0	---		51	628
23552	0	---		52	628
23553	0	---		53	628
23554	0	---		54	628
23555	1	---		55	628
23556	0	---		56	628
23557	0	---		57	628
23558	0	---		58	628
23559	0	---		59	628
23560	0	---		60	628
23561	0	---		61	628
23562	0	---		62	628
23564	0	---		25	629
23565	0	---		26	629
23566	0	---		27	629
23567	0	---		28	629
23568	0	---		29	629
23569	0	---		30	629
23570	0	---		32	629
23571	0	---		34	629
23572	0	---		35	629
23573	1	---		36	629
23574	0	---		41	629
23575	1	---		42	629
23576	0	---		43	629
23577	2059	---		64	629
23578	0	---		37	629
23579	0	---		38	629
23581	0	---		40	629
23582	0	---		130	629
23583	1	---		44	629
23584	1	---		45	629
23585	0	---		46	629
23586	1	---		47	629
23587	0	---		48	629
23588	0	---		49	629
23589	0	---		50	629
23590	0	---		51	629
23591	0	---		52	629
23592	0	---		53	629
23593	0	---		54	629
23594	1	---		55	629
23595	0	---		56	629
23596	0	---		57	629
23598	0	---		59	629
23599	0	---		60	629
23600	0	---		61	629
23601	0	---		62	629
23602	0	---		63	629
23603	0	---		25	630
23604	0	---		26	630
23605	0	---		27	630
23606	0	---		28	630
23607	0	---		29	630
23608	0	---		30	630
23609	0	---		32	630
23610	0	---		34	630
23611	0	---		35	630
23613	0	---		41	630
23614	1	---		42	630
23616	2059	---		64	630
23617	0	---		37	630
23618	0	---		38	630
23619	0	---		39	630
23620	0	---		40	630
23621	0	---		130	630
23622	1	---		44	630
23623	1	---		45	630
23624	0	---		46	630
23625	1	---		47	630
23626	0	---		48	630
23627	0	---		49	630
23628	0	---		50	630
23629	0	---		51	630
23630	0	---		52	630
23631	0	---		53	630
23633	1	---		55	630
23634	0	---		56	630
23635	0	---		57	630
23636	0	---		58	630
23637	0	---		59	630
23638	0	---		60	630
23639	0	---		61	630
23640	0	---		62	630
23641	0	---		63	630
23642	0	---		25	631
23643	0	---		26	631
23644	0	---		27	631
23645	0	---		28	631
23646	0	---		29	631
23647	0	---		30	631
23648	0	---		32	631
23650	0	---		35	631
23651	1	---		36	631
23652	0	---		41	631
23653	1	---		42	631
23654	0	---		43	631
23655	2059	---		64	631
23656	0	---		37	631
23657	0	---		38	631
23658	0	---		39	631
23659	0	---		40	631
23660	0	---		130	631
23661	1	---		44	631
23662	1	---		45	631
23663	0	---		46	631
23664	1	---		47	631
23665	0	---		48	631
23667	0	---		50	631
23668	0	---		51	631
23669	0	---		52	631
23670	0	---		53	631
23671	0	---		54	631
23672	1	---		55	631
23673	0	---		56	631
23674	0	---		57	631
23675	0	---		58	631
23676	0	---		59	631
23677	0	---		60	631
23678	0	---		61	631
23679	0	---		62	631
23680	0	---		63	631
23681	0.5	---		25	632
23682	0	---		26	632
23684	-767	---		28	632
23685	32767	---		29	632
23686	0	---		30	632
23687	0	---		32	632
23688	200	---		34	632
23689	0	---		35	632
23690	250	---		36	632
23691	200	---		41	632
23692	250	---		42	632
23693	0	---		43	632
23694	6183	---		64	632
23695	210	---		37	632
23696	0	---		38	632
23697	193	---		39	632
23698	165	---		40	632
23699	13	---		130	632
23701	1	---		45	632
23702	1	---		46	632
23703	0	---		47	632
23704	0	---		48	632
23705	1	---		49	632
23706	0	---		50	632
23707	0	---		51	632
23708	0	---		52	632
23709	0	---		53	632
23710	0	---		54	632
23711	1	---		55	632
23712	1	---		56	632
23713	0	---		57	632
23714	0	---		58	632
23715	0	---		59	632
23716	1	---		60	632
23718	1	---		62	632
23719	1	---		63	632
23720	0.5	---		25	633
23721	0	---		26	633
23722	32000	---		27	633
23723	-767	---		28	633
23724	32767	---		29	633
23725	0	---		30	633
23726	0	---		32	633
23727	200	---		34	633
23728	0	---		35	633
23729	250	---		36	633
23730	200	---		41	633
23731	250	---		42	633
23733	6183	---		64	633
23734	210	---		37	633
23736	124	---		39	633
23737	110	---		40	633
23738	13	---		130	633
23739	1	---		44	633
23740	1	---		45	633
23741	1	---		46	633
23742	0	---		47	633
23743	0	---		48	633
23744	1	---		49	633
23745	0	---		50	633
23746	0	---		51	633
23747	0	---		52	633
23748	0	---		53	633
23749	0	---		54	633
23750	1	---		55	633
23751	1	---		56	633
23753	0	---		58	633
23754	0	---		59	633
23755	1	---		60	633
23756	0	---		61	633
23757	1	---		62	633
23758	1	---		63	633
23759	0.5	---		25	634
23760	0	---		26	634
23761	32000	---		27	634
23762	-767	---		28	634
23763	32767	---		29	634
23764	0	---		30	634
23765	0	---		32	634
23766	0	---		34	634
23767	0	---		35	634
23768	250	---		36	634
23770	250	---		42	634
23771	0	---		43	634
23772	6183	---		64	634
23773	103	---		37	634
23774	0	---		38	634
23775	0	---		39	634
23776	0	---		40	634
23777	1	---		130	634
23778	1	---		44	634
23779	1	---		45	634
23780	1	---		46	634
23781	0	---		47	634
23782	0	---		48	634
23783	1	---		49	634
23784	0	---		50	634
23785	0	---		51	634
23787	0	---		53	634
23788	0	---		54	634
23789	1	---		55	634
23790	1	---		56	634
23791	0	---		57	634
23792	0	---		58	634
23793	0	---		59	634
23794	1	---		60	634
23795	0	---		61	634
23796	0	---		62	634
23797	0	---		63	634
23798	0.5	---		25	635
23799	0	---		26	635
23800	32000	---		27	635
23801	-767	---		28	635
23802	32767	---		29	635
23804	0	---		32	635
23805	0	---		34	635
23806	-40	---		35	635
23807	302	---		36	635
23808	0	---		41	635
23809	302	---		42	635
23810	-40	---		43	635
23811	6183	---		64	635
23812	140	---		37	635
23813	150	---		38	635
23814	0	---		39	635
23815	0	---		40	635
23816	3	---		130	635
23817	1	---		44	635
23818	1	---		45	635
23819	1	---		46	635
23821	0	---		48	635
23822	1	---		49	635
23823	0	---		50	635
23824	0	---		51	635
23825	0	---		52	635
23826	0	---		53	635
23827	0	---		54	635
23828	1	---		55	635
23829	1	---		56	635
23830	0	---		57	635
23831	0	---		58	635
23832	0	---		59	635
23833	1	---		60	635
23834	1	---		61	635
23835	0	---		62	635
23836	0	---		63	635
23838	0	---		26	636
23839	0	---		27	636
23840	0	---		28	636
23841	0	---		29	636
23842	0	---		30	636
23843	0	---		32	636
23844	0	---		34	636
23845	0	---		35	636
23846	900	---		36	636
23847	0	---		41	636
23848	900	---		42	636
23849	0	---		43	636
23850	3	---		64	636
23851	0	---		37	636
23853	0	---		39	636
23854	0	---		40	636
23856	1	---		44	636
23857	1	---		45	636
23858	0	---		46	636
23859	0	---		47	636
23860	0	---		48	636
23861	0	---		49	636
23862	0	---		50	636
23863	0	---		51	636
23864	0	---		52	636
23865	0	---		53	636
23866	0	---		54	636
23867	0	---		55	636
23868	0	---		56	636
23869	0	---		57	636
23870	0	---		58	636
23871	0	---		59	636
23873	0	---		61	636
23874	0	---		62	636
23875	0	---		63	636
23876	0	---		25	637
23877	0	---		26	637
23878	0	---		27	637
23879	0	---		28	637
23880	0	---		29	637
23881	0	---		30	637
23882	0	---		32	637
23883	0	---		34	637
23884	0	---		35	637
23885	100	---		36	637
23886	0	---		41	637
23887	100	---		42	637
23888	0	---		43	637
23890	0	---		37	637
23891	0	---		38	637
23892	0	---		39	637
23893	0	---		40	637
23894	0	---		130	637
23895	1	---		44	637
23896	1	---		45	637
23897	0	---		46	637
23898	0	---		47	637
23899	0	---		48	637
23900	0	---		49	637
23901	0	---		50	637
23902	0	---		51	637
23903	0	---		52	637
23904	0	---		53	637
23905	0	---		54	637
23907	0	---		56	637
23908	0	---		57	637
23909	0	---		58	637
23910	0	---		59	637
23911	0	---		60	637
23912	0	---		61	637
23913	0	---		62	637
23914	0	---		63	637
23915	0	---		25	638
23916	0	---		26	638
23917	0	---		27	638
23918	0	---		28	638
23919	0	---		29	638
23920	0	---		30	638
23921	0	---		32	638
23922	0	---		34	638
23924	100	---		36	638
23925	0	---		41	638
23926	100	---		42	638
23927	0	---		43	638
23928	3	---		64	638
23929	0	---		37	638
23930	0	---		38	638
23931	0	---		39	638
23932	0	---		40	638
23933	0	---		130	638
23934	1	---		44	638
23935	1	---		45	638
23936	0	---		46	638
23937	0	---		47	638
23938	0	---		48	638
23939	0	---		49	638
23941	0	---		51	638
23942	0	---		52	638
23943	0	---		53	638
23944	0	---		54	638
23945	0	---		55	638
23946	0	---		56	638
23947	0	---		57	638
23948	0	---		58	638
23949	0	---		59	638
23950	0	---		60	638
23951	0	---		61	638
23952	0	---		62	638
23953	0	---		63	638
23954	0	---		25	639
23955	0	---		26	639
23956	0	---		27	639
23958	0	---		29	639
23959	0	---		30	639
23960	0	---		32	639
23961	0	---		34	639
23962	0	---		35	639
23963	100	---		36	639
23964	0	---		41	639
23965	100	---		42	639
23966	0	---		43	639
23967	3	---		64	639
23968	0	---		37	639
23969	0	---		38	639
23970	0	---		39	639
23971	0	---		40	639
23973	1	---		44	639
23974	1	---		45	639
23975	0	---		46	639
23976	0	---		47	639
23977	0	---		48	639
23979	0	---		50	639
23980	0	---		51	639
23981	0	---		52	639
23982	0	---		53	639
23983	0	---		54	639
23984	0	---		55	639
23985	0	---		56	639
23986	0	---		57	639
23987	0	---		58	639
23988	0	---		59	639
23989	0	---		60	639
23990	0	---		61	639
23991	0	---		62	639
23992	0	---		63	639
23993	0	---		25	640
23994	0	---		26	640
23996	0	---		28	640
23997	0	---		29	640
23998	0	---		30	640
23999	0	---		32	640
24000	0	---		34	640
24001	0	---		35	640
24002	100	---		36	640
24003	0	---		41	640
24004	100	---		42	640
24005	0	---		43	640
24006	3	---		64	640
24007	0	---		37	640
24008	0	---		38	640
24009	0	---		39	640
24010	0	---		40	640
24011	0	---		130	640
24013	1	---		45	640
24014	0	---		46	640
24015	0	---		47	640
24016	0	---		48	640
24017	0	---		49	640
24018	0	---		50	640
24019	0	---		51	640
24020	0	---		52	640
24021	0	---		53	640
24022	0	---		54	640
24023	0	---		55	640
24024	0	---		56	640
24025	0	---		57	640
24026	0	---		58	640
24027	0	---		59	640
24028	0	---		60	640
24030	0	---		62	640
24031	0	---		63	640
24032	0	---		25	641
24033	0	---		26	641
24034	0	---		27	641
24035	0	---		28	641
24036	0	---		29	641
24037	0	---		30	641
24038	0	---		32	641
24039	0	---		34	641
24040	0	---		35	641
24041	100	---		36	641
24042	0	---		41	641
24043	100	---		42	641
24044	0	---		43	641
24045	3	---		64	641
24047	0	---		38	641
24048	0	---		39	641
24049	0	---		40	641
24050	0	---		130	641
24051	1	---		44	641
24052	1	---		45	641
24053	0	---		46	641
24054	0	---		47	641
24055	0	---		48	641
24056	0	---		49	641
24057	0	---		50	641
24058	0	---		51	641
24059	0	---		52	641
24060	0	---		53	641
24061	0	---		54	641
24062	0	---		55	641
24064	0	---		57	641
24065	0	---		58	641
24066	0	---		59	641
24067	0	---		60	641
24068	0	---		61	641
24069	0	---		62	641
24070	0	---		63	641
24071	1	---		25	642
24072	0	---		26	642
24073	0	---		27	642
24074	0	---		28	642
24075	0	---		29	642
24076	0	---		30	642
24077	0	---		32	642
24078	1	---		34	642
24079	0	---		35	642
24081	1	---		41	642
24082	1	---		42	642
24083	0	---		43	642
24084	33815	---		64	642
24085	0	---		37	642
24086	0	---		38	642
24087	0	---		39	642
24088	0	---		40	642
24090	0	---		130	642
24092	1	---		45	642
24093	1	---		46	642
24094	0	---		47	642
24095	1	---		48	642
24096	0	---		49	642
24098	0	---		51	642
24099	0	---		52	642
24100	0	---		53	642
24101	1	---		54	642
24102	0	---		55	642
24103	0	---		56	642
24104	0	---		57	642
24105	0	---		58	642
24106	1	---		59	642
24107	0	---		60	642
24108	0	---		61	642
24109	0	---		62	642
24110	0	---		63	642
24111	1	---		25	643
24112	0	---		26	643
24113	0	---		27	643
24115	0	---		29	643
24116	0	---		30	643
24117	0	---		32	643
24118	0	---		34	643
24119	0	---		35	643
24120	150	---		36	643
24121	0	---		41	643
24122	150	---		42	643
24123	0	---		43	643
24124	33799	---		64	643
24125	0	---		37	643
24126	0	---		38	643
24127	0	---		39	643
24128	0	---		40	643
24130	0	---		130	643
24131	1	---		44	643
24132	1	---		45	643
24133	1	---		46	643
24134	0	---		47	643
24135	0	---		48	643
24136	0	---		49	643
24137	0	---		50	643
24138	0	---		51	643
24139	0	---		52	643
24140	0	---		53	643
24141	1	---		54	643
24142	0	---		55	643
24143	0	---		56	643
24144	0	---		57	643
24145	0	---		58	643
24146	1	---		59	643
24147	0	---		60	643
24148	0	---		61	643
24149	0	---		62	643
24151	1	---		25	644
24152	0	---		26	644
24153	0	---		27	644
24154	0	---		28	644
24155	0	---		29	644
24156	0	---		30	644
24157	0	---		32	644
24158	0	---		34	644
24159	0	---		35	644
24160	1	---		36	644
24161	0	---		41	644
24162	1	---		42	644
24163	0	---		43	644
24164	33815	---		64	644
24165	0	---		37	644
24166	0	---		38	644
24168	0	---		40	644
24169	0	---	V111~V112=0	129	644
24170	0	---		130	644
24171	1	---		44	644
24172	1	---		45	644
24173	1	---		46	644
24174	0	---		47	644
24175	1	---		48	644
24176	0	---		49	644
24177	0	---		50	644
24178	0	---		51	644
24179	0	---		52	644
24180	0	---		53	644
24181	1	---		54	644
24182	0	---		55	644
24183	0	---		56	644
24185	0	---		58	644
24186	1	---		59	644
24187	0	---		60	644
24188	0	---		61	644
24189	0	---		62	644
24190	0	---		63	644
24191	1	---		25	645
24192	0	---		26	645
24193	0	---		27	645
24194	0	---		28	645
24195	0	---		29	645
24196	0	---		30	645
24197	0	---		32	645
24198	0	---		34	645
24199	-1000	---		35	645
24200	1	---		36	645
24202	1	---		42	645
24203	-1000	---		43	645
24204	33799	---		64	645
24205	0	---		37	645
24206	0	---		38	645
24207	0	---		39	645
24208	0	---		40	645
19527	1	---		44	525
19529	1	---		46	525
19647	0	---		47	528
19766	1	---		49	531
19767	0	---		50	531
19803	0	---		47	532
19887	0	---		53	534
20007	0	---		56	537
20060	0	---		32	539
20127	0	---		59	540
20247	0	---		62	543
20317	0	---		54	545
20367	0	---		26	547
20487	0	---		29	550
20574	2059	---		64	552
20607	0	---		34	553
20727	0	---		41	556
20831	0	---		61	558
24211	1	---		44	645
24212	1	---		45	645
24213	1	---		46	645
24214	0	---		47	645
24215	0	---		48	645
24216	0	---		49	645
24217	0	---		50	645
24218	0	---		51	645
24219	0	---		52	645
24220	0	---		53	645
24221	1	---		54	645
24223	0	---		56	645
24224	0	---		57	645
24225	0	---		58	645
24226	1	---		59	645
24227	0	---		60	645
24228	0	---		61	645
24229	0	---		62	645
24230	0	---		63	645
24231	1	---		25	646
24232	0	---		26	646
24233	0	---		27	646
24234	0	---		28	646
24235	0	---		29	646
24236	0	---		30	646
24237	0	---		32	646
24238	0	---		34	646
24240	1	---		36	646
24241	0	---		41	646
24242	1	---		42	646
24243	-1	---		43	646
24244	33799	---		64	646
24245	0.9	---		37	646
24246	0	---		38	646
24247	-0.9	---		39	646
24248	0	---		40	646
24249	0	---	h10*E26-L10-E46	129	646
24250	5	---		130	646
24251	1	---		44	646
24252	1	---		45	646
24253	1	---		46	646
24254	0	---		47	646
24255	0	---		48	646
24257	0	---		50	646
24258	0	---		51	646
24259	0	---		52	646
24260	0	---		53	646
24261	1	---		54	646
24262	0	---		55	646
24263	0	---		56	646
24264	0	---		57	646
24265	0	---		58	646
24266	1	---		59	646
24267	1	---		60	646
24268	0	---		61	646
24269	1	---		62	646
24270	0	---		63	646
24271	1	---		25	647
24272	0	---		26	647
24274	0	---		28	647
24275	0	---		29	647
24276	0	---		30	647
24277	0	---		32	647
24278	0	---		34	647
24279	0	---		35	647
24280	1	---		36	647
24281	0	---		41	647
24282	1	---		42	647
24283	0	---		43	647
24284	33799	---		64	647
24285	0	---		37	647
24286	0	---		38	647
24287	0	---		39	647
24288	0	---		40	647
24290	0	---		130	647
24291	1	---		44	647
24292	1	---		45	647
24293	1	---		46	647
24294	0	---		47	647
24295	0	---		48	647
24296	0	---		49	647
24297	0	---		50	647
24298	0	---		51	647
24299	0	---		52	647
24300	0	---		53	647
24301	1	---		54	647
24302	0	---		55	647
24303	0	---		56	647
24304	0	---		57	647
24305	0	---		58	647
24306	1	---		59	647
24307	0	---		60	647
24308	0	---		61	647
24309	0	---		62	647
24310	0	---		63	647
20847	2059	---		64	559
20967	0	---		39	562
20991	0	---		26	563
21061	0	---		57	564
21111	0	---		29	566
21231	0	---		34	569
21318	0	---		39	571
21351	0	---		41	572
21471	2059	---		64	575
21541	0	---		30	577
21590	0	---		38	578
21591	0	---		39	578
21711	1	---		44	581
21831	1	---		47	584
21833	0	---		49	584
22125	0	---		29	592
22127	0	---		32	592
22245	0	---		34	595
22384	0	---		54	598
22483	1	---		42	601
22500	0	---		53	601
22517	0	---		32	602
22532	1	---		46	602
22535	1	---		49	602
22552	0	---		27	603
22569	1	---		44	603
22586	0	---		61	603
22603	0	---		37	604
22620	0	---		56	604
22637	1	---		36	605
22652	1	---		49	605
22655	0	---		52	605
22672	0	---		30	606
22689	0	---		47	606
22706	0.5	---		25	607
22723	0	---		40	607
22740	0	---		59	607
22757	0	---		43	608
22772	0	---		52	608
22775	1	---		55	608
22792	0	---		35	609
22809	0	---		50	609
22826	0	---		28	610
22843	1	---		45	610
22860	0	---		62	610
22877	0	---		38	611
22892	1	---		55	611
22895	0	---		58	611
22912	1	---		42	612
22929	0	---		53	612
22946	0	---		32	613
22963	0	---		48	613
22980	0	---		26	614
22997	0	---		130	614
23012	0	---		58	614
23015	0	---		61	614
23032	0	---		37	615
23049	0	---		56	615
23066	1	---		36	616
23083	0	---		51	616
23100	0	---		29	617
23117	1	---		46	617
23132	0	---		61	617
23135	0	---		25	618
23152	0	---		40	618
23169	0	---		59	618
23186	0	---		43	619
23203	0	---		54	619
23220	0	---		34	620
23237	0	---		49	620
23252	0	---		25	621
23255	0	---		28	621
23272	1	---		45	621
23289	0	---		62	621
23306	0	---		38	622
23323	0	---		57	622
23340	0	---		41	623
23357	0	---		52	623
23372	0	---		28	624
23375	0	---		32	624
23392	0	---		48	624
23409	0	---		26	625
23426	0	---		130	625
23443	0	---		60	625
23460	2059	---		64	626
23477	1	---		55	626
23492	0	---		32	627
23495	1	---		36	627
23512	0	---		51	627
23529	0	---		29	628
23546	0	---		46	628
23563	0	---		63	628
23580	0	---		39	629
23597	0	---		58	629
23612	1	---		36	630
23615	0	---		43	630
23632	0	---		54	630
23649	0	---		34	631
23666	0	---		49	631
23683	32000	---		27	632
23700	1	---		44	632
23717	0	---		61	632
23732	0	---		43	633
23735	0	---		38	633
23752	0	---		57	633
23769	0	---		41	634
23786	0	---		52	634
23803	0	---		30	635
23820	0	---		47	635
23837	0	---		25	636
23852	0	---		38	636
23855	0	---		130	636
23872	0	---		60	636
23889	3	---		64	637
23906	0	---		55	637
23923	0	---		35	638
23940	0	---		50	638
23957	0	---		28	639
23972	0	---		130	639
23978	0	---		49	639
23995	0	---		27	640
24012	1	---		44	640
24029	0	---		61	640
24046	0	---		37	641
24063	0	---		56	641
24080	1	---		36	642
24089	0	---	V51&V57&V66&V100&V102&V110&V136&V143&V146&V154&V106&V156	129	642
24091	1	---		44	642
24097	0	---		50	642
24114	0	---		28	643
24129	0	---	V17-V36	129	643
24150	0	---		63	643
24167	0	---		39	644
24184	0	---		57	644
24201	0	---		41	645
24209	0	---	H12|H13|H14|H15&(E17<1)&E26?V257+1:-60	129	645
24210	0	---		130	645
24222	0	---		55	645
24239	-1	---		35	646
24256	0	---		49	646
24273	0	---		27	647
24289	0	---	V135|V142|V145	129	647
24331	1	---		25	649
24332	0	---		26	649
24333	0	---		27	649
24334	0	---		28	649
24335	0	---		29	649
24336	0	---		30	649
24337	0	---		32	649
24338	0	---		34	649
24339	0	---		35	649
24340	1	---		36	649
24341	0	---		41	649
24342	1	---		42	649
24343	0	---		43	649
24344	3	---		64	649
24345	0	---		37	649
24346	0	---		38	649
24347	0	---		39	649
24348	0	---		40	649
24349	0	---		130	649
24350	1	---		44	649
24351	1	---		45	649
24352	0	---		46	649
24353	0	---		47	649
24354	0	---		48	649
24355	0	---		49	649
24356	0	---		50	649
24357	0	---		51	649
24358	0	---		52	649
24359	0	---		53	649
24360	0	---		54	649
24361	0	---		55	649
24362	0	---		56	649
24363	0	---		57	649
24364	0	---		58	649
24365	0	---		59	649
24366	0	---		60	649
24367	0	---		61	649
24368	0	---		62	649
24369	0	---		63	649
24370	1	---		25	650
24371	0	---		26	650
24372	0	---		27	650
24373	0	---		28	650
24374	0	---		29	650
24375	0	---		30	650
24376	0	---		32	650
24377	0	---		34	650
24378	0	---		35	650
24379	1	---		36	650
24380	0	---		41	650
24381	1	---		42	650
24382	0	---		43	650
24383	3	---		64	650
24384	0	---		37	650
24385	0	---		38	650
24386	0	---		39	650
24387	0	---		40	650
24388	0	---		130	650
24389	1	---		44	650
24390	1	---		45	650
24391	0	---		46	650
24392	0	---		47	650
24393	0	---		48	650
24394	0	---		49	650
24395	0	---		50	650
24396	0	---		51	650
24397	0	---		52	650
24398	0	---		53	650
24399	0	---		54	650
24400	0	---		55	650
24401	0	---		56	650
24402	0	---		57	650
24403	0	---		58	650
24404	0	---		59	650
24405	0	---		60	650
24311	1	---		25	648
24312	0	---		26	648
24406	0	---		61	650
24407	0	---		62	650
24408	0	---		63	650
24409	0	---		25	651
24410	0	---		26	651
24411	0	---		27	651
24412	0	---		28	651
24413	0	---		29	651
24414	0	---		30	651
24415	0	---		32	651
24416	0	---		34	651
24417	6	---		35	651
24418	20	---		36	651
24419	0	---		41	651
24420	20	---		42	651
24421	6	---		43	651
24422	131	---		64	651
24423	0	---		37	651
24424	0	---		38	651
24425	0	---		39	651
24426	0	---		40	651
24427	0	---		130	651
24428	1	---		44	651
24429	1	---		45	651
24430	0	---		46	651
24431	0	---		47	651
24432	0	---		48	651
24433	0	---		49	651
24434	0	---		50	651
24435	1	---		51	651
24436	0	---		52	651
24437	0	---		53	651
24438	0	---		54	651
24439	0	---		55	651
24440	0	---		56	651
24441	0	---		57	651
24442	0	---		58	651
24443	0	---		59	651
24444	0	---		60	651
24445	0	---		61	651
24446	0	---		62	651
24447	0	---		63	651
24448	0	---		25	652
24449	0	---		26	652
24450	0	---		27	652
24451	0	---		28	652
24452	0	---		29	652
24453	0	---		30	652
24454	0	---		32	652
24455	0	---		34	652
24456	6	---		35	652
24457	20	---		36	652
24458	0	---		41	652
24459	20	---		42	652
24460	6	---		43	652
24461	131	---		64	652
24462	0	---		37	652
24463	0	---		38	652
24464	0	---		39	652
24465	0	---		40	652
24466	0	---		130	652
24467	1	---		44	652
24468	1	---		45	652
24469	0	---		46	652
24470	0	---		47	652
24471	0	---		48	652
24472	0	---		49	652
24473	0	---		50	652
24474	1	---		51	652
24475	0	---		52	652
24476	0	---		53	652
24477	0	---		54	652
24478	0	---		55	652
24479	0	---		56	652
24480	0	---		57	652
24481	0	---		58	652
24482	0	---		59	652
24483	0	---		60	652
24484	0	---		61	652
24485	0	---		62	652
24486	0	---		63	652
24487	0	---		25	653
24488	0	---		26	653
24489	0	---		27	653
24490	0	---		28	653
24491	0	---		29	653
24492	0	---		30	653
24493	0	---		32	653
24494	0	---		34	653
24495	0	---		35	653
24496	20	---		36	653
24497	0	---		41	653
24498	20	---		42	653
24499	0	---		43	653
24500	131	---		64	653
24501	0	---		37	653
24502	0	---		38	653
24503	0	---		39	653
24504	0	---		40	653
24505	0	---		130	653
24506	1	---		44	653
24507	1	---		45	653
24508	0	---		46	653
24509	0	---		47	653
24510	0	---		48	653
24511	0	---		49	653
24512	0	---		50	653
24513	1	---		51	653
24514	0	---		52	653
24515	0	---		53	653
24516	0	---		54	653
24517	0	---		55	653
24518	0	---		56	653
24519	0	---		57	653
24520	0	---		58	653
24521	0	---		59	653
24522	0	---		60	653
24523	0	---		61	653
24524	0	---		62	653
24525	0	---		63	653
24526	0	---		25	654
24527	0	---		26	654
24528	0	---		27	654
24529	0	---		28	654
24530	0	---		29	654
24531	0	---		30	654
24532	0	---		32	654
24533	0	---		34	654
24534	0	---		35	654
24535	20	---		36	654
24536	0	---		41	654
24537	20	---		42	654
24538	0	---		43	654
24539	131	---		64	654
24540	0	---		37	654
24541	0	---		38	654
24542	0	---		39	654
24543	0	---		40	654
24544	0	---		130	654
24545	1	---		44	654
24546	1	---		45	654
24547	0	---		46	654
24548	0	---		47	654
24549	0	---		48	654
24550	0	---		49	654
24551	0	---		50	654
24552	1	---		51	654
24553	0	---		52	654
24554	0	---		53	654
24555	0	---		54	654
24556	0	---		55	654
24557	0	---		56	654
24558	0	---		57	654
24559	0	---		58	654
24560	0	---		59	654
24561	0	---		60	654
24562	0	---		61	654
24563	0	---		62	654
24564	0	---		63	654
24565	0	---		25	655
24566	0	---		26	655
24567	0	---		27	655
24568	0	---		28	655
24569	0	---		29	655
24570	0	---		30	655
24571	0	---		32	655
24572	0	---		34	655
24573	0	---		35	655
24574	1	---		36	655
24575	0	---		41	655
24576	1	---		42	655
24577	0	---		43	655
24578	3	---		64	655
24579	0	---		37	655
24580	0	---		38	655
24581	0	---		39	655
24582	0	---		40	655
24583	0	---		130	655
24584	1	---		44	655
24585	1	---		45	655
24586	0	---		46	655
24587	0	---		47	655
24588	0	---		48	655
24589	0	---		49	655
24590	0	---		50	655
24591	0	---		51	655
24592	0	---		52	655
24593	0	---		53	655
24594	0	---		54	655
24595	0	---		55	655
24596	0	---		56	655
24597	0	---		57	655
24598	0	---		58	655
24599	0	---		59	655
24600	0	---		60	655
24601	0	---		61	655
24602	0	---		62	655
24603	0	---		63	655
24604	0	---		25	656
24605	0	---		26	656
24606	0	---		27	656
24607	0	---		28	656
24608	0	---		29	656
24609	0	---		30	656
24610	0	---		32	656
24611	0	---		34	656
24612	0	---		35	656
24613	1	---		36	656
24614	0	---		41	656
24615	1	---		42	656
24616	0	---		43	656
24617	3	---		64	656
24618	0	---		37	656
24619	0	---		38	656
24620	0	---		39	656
24621	0	---		40	656
24622	0	---		130	656
24623	1	---		44	656
24624	1	---		45	656
24625	0	---		46	656
24626	0	---		47	656
24627	0	---		48	656
24628	0	---		49	656
24629	0	---		50	656
24630	0	---		51	656
24631	0	---		52	656
24632	0	---		53	656
24633	0	---		54	656
24634	0	---		55	656
24635	0	---		56	656
24636	0	---		57	656
24637	0	---		58	656
24638	0	---		59	656
24639	0	---		60	656
24640	0	---		61	656
24641	0	---		62	656
24642	0	---		63	656
24643	0	---		25	657
24644	0	---		26	657
24645	0	---		27	657
24646	0	---		28	657
24647	0	---		29	657
24648	0	---		30	657
24649	0	---		32	657
24650	0	---		34	657
24651	0	---		35	657
24652	5	---		36	657
24653	0	---		41	657
24654	5	---		42	657
24655	0	---		43	657
24656	131	---		64	657
24657	0	---		37	657
24658	0	---		38	657
24659	0	---		39	657
24660	0	---		40	657
24661	0	---		130	657
24662	1	---		44	657
24663	1	---		45	657
24664	0	---		46	657
24665	0	---		47	657
24666	0	---		48	657
24667	0	---		49	657
24668	0	---		50	657
24669	1	---		51	657
24670	0	---		52	657
24671	0	---		53	657
24672	0	---		54	657
24673	0	---		55	657
24674	0	---		56	657
24675	0	---		57	657
24676	0	---		58	657
24677	0	---		59	657
24678	0	---		60	657
24679	0	---		61	657
24680	0	---		62	657
24681	0	---		63	657
24682	0	---		25	658
24683	0	---		26	658
24684	0	---		27	658
24685	0	---		28	658
24686	0	---		29	658
24687	0	---		30	658
24688	0	---		32	658
24689	0	---		34	658
24690	0	---		35	658
24691	5	---		36	658
24692	0	---		41	658
24693	5	---		42	658
24694	0	---		43	658
24695	131	---		64	658
24696	0	---		37	658
24697	0	---		38	658
24698	0	---		39	658
24699	0	---		40	658
24700	0	---		130	658
24701	1	---		44	658
24702	1	---		45	658
24703	0	---		46	658
24704	0	---		47	658
24705	0	---		48	658
24706	0	---		49	658
24707	0	---		50	658
24708	1	---		51	658
24709	0	---		52	658
24710	0	---		53	658
24711	0	---		54	658
24712	0	---		55	658
24713	0	---		56	658
24714	0	---		57	658
24715	0	---		58	658
24716	0	---		59	658
24717	0	---		60	658
24718	0	---		61	658
24719	0	---		62	658
24720	0	---		63	658
24721	0.5	---		25	659
24722	0	---		26	659
24723	0	---		27	659
24724	0	---		28	659
24725	0	---		29	659
24726	0	---		30	659
24727	0	---		32	659
24728	0	---		34	659
24729	0	---		35	659
24730	3	---		36	659
24731	0	---		41	659
24732	3	---		42	659
24733	0	---		43	659
24734	33799	---		64	659
24735	0	---		37	659
24736	0	---		38	659
24737	0	---		39	659
24738	0	---		40	659
24739	0	---	V79?V269@265*0+V76*2+V77:V76*2+V77=V271?V271:E40+E41?V265+0.045*(E40-E41)@265*0+V76*2+V77:V76*2+V77	129	659
24740	0	---		130	659
24741	1	---		44	659
24742	1	---		45	659
24743	1	---		46	659
24744	0	---		47	659
24745	0	---		48	659
24746	0	---		49	659
24747	0	---		50	659
24748	0	---		51	659
24749	0	---		52	659
24750	0	---		53	659
24751	1	---		54	659
24752	0	---		55	659
24753	0	---		56	659
24754	0	---		57	659
24755	0	---		58	659
24756	1	---		59	659
24757	0	---		60	659
24758	0	---		61	659
24759	0	---		62	659
24760	0	---		63	659
24761	0.5	---		25	660
24762	0	---		26	660
24763	0	---		27	660
24764	0	---		28	660
24765	0	---		29	660
24766	0	---		30	660
24767	0	---		32	660
24768	0	---		34	660
24769	0	---		35	660
24770	3	---		36	660
24771	0	---		41	660
24772	3	---		42	660
24773	0	---		43	660
24774	33799	---		64	660
24775	0	---		37	660
24776	0	---		38	660
24777	0	---		39	660
24778	0	---		40	660
24779	0	---	V277?V270Q266*0+V116*2+V117:V116*2+V117=V272?V272:V231+V232?V266+0.0575*(V231-V232)@266*0+V116*2+V117:V116*2+V117	129	660
24780	0	---		130	660
24781	1	---		44	660
24782	1	---		45	660
24783	1	---		46	660
24784	0	---		47	660
24785	0	---		48	660
24786	0	---		49	660
24787	0	---		50	660
24788	0	---		51	660
24789	0	---		52	660
24790	0	---		53	660
24791	1	---		54	660
24792	0	---		55	660
24793	0	---		56	660
24794	0	---		57	660
24795	0	---		58	660
24796	1	---		59	660
24797	0	---		60	660
24798	0	---		61	660
24799	0	---		62	660
24800	0	---		63	660
24801	0.5	---		25	661
24802	0	---		26	661
24803	0	---		27	661
24804	0	---		28	661
24805	0	---		29	661
24806	0	---		30	661
24807	0	---		32	661
24808	0	---		34	661
24809	-20	---		35	661
24810	20	---		36	661
24811	0	---		41	661
24812	20	---		42	661
24813	-20	---		43	661
24814	33799	---		64	661
24815	0.05	---		37	661
24816	0.18	---		38	661
24817	-0.05	---		39	661
24818	-0.18	---		40	661
24819	0	---	V263-V265	129	661
24820	15	---		130	661
24821	1	---		44	661
24822	1	---		45	661
24823	1	---		46	661
24824	0	---		47	661
24825	0	---		48	661
24826	0	---		49	661
24827	0	---		50	661
24828	0	---		51	661
24829	0	---		52	661
24830	0	---		53	661
24831	1	---		54	661
24832	0	---		55	661
24833	0	---		56	661
24834	0	---		57	661
24835	0	---		58	661
24836	1	---		59	661
24837	1	---		60	661
24838	1	---		61	661
24839	1	---		62	661
24840	1	---		63	661
24841	0.5	---		25	662
24842	0	---		26	662
24843	0	---		27	662
24844	0	---		28	662
24845	0	---		29	662
24846	0	---		30	662
24847	0	---		32	662
24848	0	---		34	662
24849	-20	---		35	662
24850	20	---		36	662
24851	0	---		41	662
24852	20	---		42	662
24853	-20	---		43	662
24854	33799	---		64	662
24855	0.06	---		37	662
24856	0.23	---		38	662
24857	-0.06	---		39	662
24858	-0.23	---		40	662
24859	0	---	V264-V266	129	662
24860	15	---		130	662
24861	1	---		44	662
24862	1	---		45	662
24863	1	---		46	662
24864	0	---		47	662
24865	0	---		48	662
24866	0	---		49	662
24867	0	---		50	662
24868	0	---		51	662
24869	0	---		52	662
24870	0	---		53	662
24871	1	---		54	662
24872	0	---		55	662
24873	0	---		56	662
24874	0	---		57	662
24875	0	---		58	662
24876	1	---		59	662
24877	1	---		60	662
24878	1	---		61	662
24879	1	---		62	662
24880	1	---		63	662
24881	1	---		25	663
24882	0	---		26	663
24883	0	---		27	663
24884	0	---		28	663
24885	0	---		29	663
24886	0	---		30	663
24887	0	---		32	663
24888	0	---		34	663
24889	0	---		35	663
24890	1	---		36	663
24891	0	---		41	663
24892	1	---		42	663
24893	0	---		43	663
24894	33799	---		64	663
24895	0	---		37	663
24896	0	---		38	663
24897	0	---		39	663
24898	0	---		40	663
24899	0	---	V215|V216&V221	129	663
24900	0	---		130	663
24901	1	---		44	663
24902	1	---		45	663
24903	1	---		46	663
24904	0	---		47	663
24905	0	---		48	663
24906	0	---		49	663
24907	0	---		50	663
24908	0	---		51	663
24909	0	---		52	663
24910	0	---		53	663
24911	1	---		54	663
24912	0	---		55	663
24913	0	---		56	663
24914	0	---		57	663
24915	0	---		58	663
24916	1	---		59	663
24917	0	---		60	663
24918	0	---		61	663
24919	0	---		62	663
24920	0	---		63	663
24921	1	---		25	664
24922	0	---		26	664
24923	0	---		27	664
24924	0	---		28	664
24925	0	---		29	664
24926	0	---		30	664
24927	0	---		32	664
24928	0	---		34	664
24929	-1000	---		35	664
24930	250	---		36	664
24931	0	---		41	664
24932	250	---		42	664
24933	-1000	---		43	664
24934	33799	---		64	664
24935	0	---		37	664
24936	0	---		38	664
24937	0	---		39	664
24938	0	---		40	664
24939	0	---	V232=0?-1000:V276<0?V276+1:V276=0?V246+14:V276	129	664
24940	0	---		130	664
24941	1	---		44	664
24942	1	---		45	664
24943	1	---		46	664
24944	0	---		47	664
24945	0	---		48	664
24946	0	---		49	664
24947	0	---		50	664
24948	0	---		51	664
24949	0	---		52	664
24950	0	---		53	664
24951	1	---		54	664
24952	0	---		55	664
24953	0	---		56	664
24954	0	---		57	664
24955	0	---		58	664
24956	1	---		59	664
24957	0	---		60	664
24958	0	---		61	664
24959	0	---		62	664
24960	0	---		63	664
24961	1	---		25	665
24962	0	---		26	665
24963	0	---		27	665
24964	0	---		28	665
24965	0	---		29	665
24966	0	---		30	665
24967	0	---		32	665
24968	0	---		34	665
24969	0	---		35	665
24970	1	---		36	665
24971	0	---		41	665
24972	1	---		42	665
24973	0	---		43	665
24974	33799	---		64	665
24975	0	---		37	665
24976	0	---		38	665
24977	0	---		39	665
24978	0	---		40	665
24979	0	---	(V276>0)&(V246>V276)|h246&V232|H246	129	665
24980	0	---		130	665
24981	1	---		44	665
24982	1	---		45	665
24983	1	---		46	665
24984	0	---		47	665
24985	0	---		48	665
24986	0	---		49	665
24987	0	---		50	665
24988	0	---		51	665
24989	0	---		52	665
24990	0	---		53	665
24991	1	---		54	665
24992	0	---		55	665
24993	0	---		56	665
24994	0	---		57	665
24995	0	---		58	665
24996	1	---		59	665
24997	0	---		60	665
24998	0	---		61	665
24999	0	---		62	665
25000	0	---		63	665
25001	1	---		25	666
25002	0	---		26	666
25003	0	---		27	666
25004	0	---		28	666
25005	0	---		29	666
25006	0	---		30	666
25007	0	---		32	666
25008	0	---		34	666
25009	0	---		35	666
25010	1	---		36	666
25011	0	---		41	666
25012	1	---		42	666
25013	0	---		43	666
25014	33799	---		64	666
25015	0	---		37	666
25016	0	---		38	666
25017	0	---		39	666
25018	0	---		40	666
25019	0	---	V222@239	129	666
25020	0	---		130	666
25021	1	---		44	666
25022	1	---		45	666
25023	1	---		46	666
25024	0	---		47	666
25025	0	---		48	666
25026	0	---		49	666
25027	0	---		50	666
25028	0	---		51	666
25029	0	---		52	666
25030	0	---		53	666
25031	1	---		54	666
25032	0	---		55	666
25033	0	---		56	666
25034	0	---		57	666
25035	0	---		58	666
25036	1	---		59	666
25037	0	---		60	666
25038	0	---		61	666
25039	0	---		62	666
25040	0	---		63	666
25041	1	---		25	667
25042	0	---		26	667
25043	0	---		27	667
25044	0	---		28	667
25045	0	---		29	667
25046	0	---		30	667
25047	0	---		32	667
25048	0	---		34	667
25049	0	---		35	667
25050	1	---		36	667
25051	0	---		41	667
25052	1	---		42	667
25053	0	---		43	667
25054	33799	---		64	667
25055	0	---		37	667
25056	0	---		38	667
25057	0	---		39	667
25058	0	---		40	667
25059	0	---	V223@240	129	667
25060	0	---		130	667
25061	1	---		44	667
25062	1	---		45	667
25063	1	---		46	667
25064	0	---		47	667
25065	0	---		48	667
25066	0	---		49	667
25067	0	---		50	667
25068	0	---		51	667
25069	0	---		52	667
25070	0	---		53	667
25071	1	---		54	667
25072	0	---		55	667
25073	0	---		56	667
25074	0	---		57	667
25075	0	---		58	667
25076	1	---		59	667
25077	0	---		60	667
25078	0	---		61	667
25079	0	---		62	667
25080	0	---		63	667
25081	1	---		25	668
25121	1	---		25	669
25122	0	---		26	669
25123	0	---		27	669
25124	0	---		28	669
25125	0	---		29	669
25126	0	---		30	669
25127	0	---		32	669
25128	0	---		34	669
25129	0	---		35	669
25130	1	---		36	669
25131	0	---		41	669
25132	1	---		42	669
25133	0	---		43	669
25134	33799	---		64	669
25135	0	---		37	669
25136	0	---		38	669
25137	0	---		39	669
25138	0	---		40	669
25139	0	---	Q245<192|L245&V255@242	129	669
25140	0	---		130	669
25141	1	---		44	669
25142	1	---		45	669
25143	1	---		46	669
25144	0	---		47	669
25145	0	---		48	669
25146	0	---		49	669
25147	0	---		50	669
25148	0	---		51	669
25149	0	---		52	669
25150	0	---		53	669
25151	1	---		54	669
25152	0	---		55	669
25153	0	---		56	669
25154	0	---		57	669
25155	0	---		58	669
25156	1	---		59	669
25157	0	---		60	669
25158	0	---		61	669
25159	0	---		62	669
25160	0	---		63	669
25161	1	---		25	670
25162	0	---		26	670
25163	0	---		27	670
25164	0	---		28	670
25165	0	---		29	670
25166	0	---		30	670
25167	0	---		32	670
25168	0	---		34	670
25169	0	---		35	670
25170	1	---		36	670
25171	0	---		41	670
25172	1	---		42	670
25173	0	---		43	670
25174	33799	---		64	670
25175	0	---		37	670
25176	0	---		38	670
25177	0	---		39	670
25178	0	---		40	670
25179	0	---	Q247<192|H247@243	129	670
25180	0	---		130	670
25181	1	---		44	670
25182	1	---		45	670
25183	1	---		46	670
25184	0	---		47	670
25185	0	---		48	670
25186	0	---		49	670
25187	0	---		50	670
25188	0	---		51	670
25189	0	---		52	670
25190	0	---		53	670
25191	1	---		54	670
25192	0	---		55	670
25193	0	---		56	670
25194	0	---		57	670
25195	0	---		58	670
25196	1	---		59	670
25197	0	---		60	670
25198	0	---		61	670
25199	0	---		62	670
25200	0	---		63	670
25201	0	---		25	671
25202	0	---		26	671
25203	0	---		27	671
25204	0	---		28	671
25205	0	---		29	671
25206	0	---		30	671
25207	0	---		32	671
25208	0	---		34	671
25209	0	---		35	671
25210	1	---		36	671
25211	0	---		41	671
25212	1	---		42	671
25213	0	---		43	671
25214	3	---		64	671
25215	0	---		37	671
25216	0	---		38	671
25217	0	---		39	671
25218	0	---		40	671
25219	0	---		130	671
25220	1	---		44	671
25221	1	---		45	671
25222	0	---		46	671
25223	0	---		47	671
25224	0	---		48	671
25225	0	---		49	671
25226	0	---		50	671
25227	0	---		51	671
25228	0	---		52	671
25229	0	---		53	671
25230	0	---		54	671
25231	0	---		55	671
25232	0	---		56	671
25233	0	---		57	671
25234	0	---		58	671
25235	0	---		59	671
25236	0	---		60	671
25237	0	---		61	671
25238	0	---		62	671
25239	0	---		63	671
25240	0	---		25	672
25241	0	---		26	672
25242	0	---		27	672
25243	0	---		28	672
25244	0	---		29	672
25245	0	---		30	672
25246	0	---		32	672
25247	1	---		34	672
25248	0	---		35	672
25249	1	---		36	672
25250	1	---		41	672
25251	1	---		42	672
25252	0	---		43	672
25253	3	---		64	672
25254	0	---		37	672
25255	0	---		38	672
25256	0	---		39	672
25257	0	---		40	672
25258	0	---		130	672
25259	1	---		44	672
25260	1	---		45	672
25261	0	---		46	672
25262	0	---		47	672
25263	0	---		48	672
25264	0	---		49	672
25265	0	---		50	672
25266	0	---		51	672
25267	0	---		52	672
25268	0	---		53	672
25269	0	---		54	672
25270	0	---		55	672
25271	0	---		56	672
25272	0	---		57	672
25273	0	---		58	672
25274	0	---		59	672
25275	0	---		60	672
25276	0	---		61	672
25277	0	---		62	672
25278	0	---		63	672
25299	1	---		44	673
25301	1	---		46	673
25302	0	---		47	673
25306	0	---		51	673
25310	0	---		55	673
25311	0	---		56	673
25314	1	---		59	673
25297	0	---	E28+E29+E30+E31=0&l244&(E20|E21)	129	673
25279	1	---		25	673
25280	0	---		26	673
25281	0	---		27	673
25282	0	---		28	673
25283	0	---		29	673
25284	0	---		30	673
14206	32000	---		27	389
25285	0	---		32	673
25286	0	---		34	673
25287	0	---		35	673
25288	1	---		36	673
25289	0	---		41	673
25290	1	---		42	673
25291	0	---		43	673
25292	2	---		64	673
25293	0	---		37	673
25294	0	---		38	673
25295	0	---		39	673
25296	0	---		40	673
25298	0	---		130	673
25300	1	---		45	673
25303	0	---		48	673
25304	0	---		49	673
25305	0	---		50	673
25307	0	---		52	673
25308	0	---		53	673
25309	0	---		54	673
25312	0	---		57	673
14267	1	---		49	390
14268	0	---		50	390
14270	1	---		52	390
14271	0	---		53	390
14272	0	---		54	390
14275	0	---		57	390
14276	0	---		58	390
14278	1	---		60	390
14279	1	---		61	390
14280	1	---		62	390
14281	1	---		63	390
14223	1	---		44	389
14225	1	---		46	389
14262	1	---		44	390
14264	1	---		46	390
14269	0	---		51	390
14207	-767	---		28	389
14208	32767	---		29	389
14209	0	---		30	389
14273	1	---		55	390
14274	1	---		56	390
14210	0	---		32	389
14211	0	---		34	389
14277	0	---		59	390
14212	0	---		35	389
14213	250	---		36	389
14214	0	---		41	389
14215	250	---		42	389
14216	0	---		43	389
14217	34	---		64	389
14218	0	---		37	389
14219	0	---		38	389
14248	0	---		30	390
14250	0	---		34	390
14251	0	---		35	390
14252	100	---		36	390
14253	0	---		41	390
14254	100	---		42	390
14255	0	---		43	390
14256	290	---		64	390
14257	90	---		37	390
14258	95	---		38	390
14259	25.01	---		39	390
14260	5	---		40	390
14261	15	---		130	390
14263	1	---		45	390
14265	0	---		47	390
14751	0	---		26	403
14752	32000	---		27	403
14753	-767	---		28	403
14754	32767	---		29	403
14755	0	---		30	403
14756	0	---		32	403
14757	0	---		34	403
14758	0	---		35	403
14759	200	---		36	403
14760	0	---		41	403
14761	200	---		42	403
14762	0	---		43	403
14764	65	---		37	403
14765	70	---		38	403
14766	0	---		39	403
14767	0	---		40	403
14768	3	---		130	403
14769	1	---		44	403
14770	1	---		45	403
14771	1	---		46	403
14772	0	---		47	403
14773	0	---		48	403
14774	1	---		49	403
14775	0	---		50	403
14776	0	---		51	403
14777	0	---		52	403
14778	0	---		53	403
14779	0	---		54	403
14780	1	---		55	403
14781	1	---		56	403
14782	0	---		57	403
14783	0	---		58	403
14784	0	---		59	403
14785	1	---		60	403
14786	1	---		61	403
14787	0	---		62	403
14788	0	---		63	403
14316	0	---		59	391
14319	1	---		62	391
14320	0	---		63	391
14226	0	---		47	389
14230	0	---		51	389
14234	1	---		55	389
14235	1	---		56	389
14227	0	---		48	389
14238	0	---		59	389
14228	1	---		49	389
14229	0	---		50	389
14231	0	---		52	389
14232	0	---		53	389
14233	0	---		54	389
14236	0	---		57	389
14237	0	---		58	389
14239	0	---		60	389
14240	0	---		61	389
14241	1	---		62	389
14242	0	---		63	389
25099	0	---	Q244<192|L244&V255@241	129	668
25082	0	---		26	668
25083	0	---		27	668
25084	0	---		28	668
25085	0	---		29	668
25086	0	---		30	668
25087	0	---		32	668
25088	0	---		34	668
25089	0	---		35	668
25090	1	---		36	668
25091	0	---		41	668
25092	1	---		42	668
25093	0	---		43	668
25094	33799	---		64	668
25095	0	---		37	668
25096	0	---		38	668
25097	0	---		39	668
14368	-18	---		35	393
14370	0	---		41	393
14371	93	---		42	393
14372	-18	---		43	393
25098	0	---		40	668
25100	0	---		130	668
25101	1	---		44	668
25102	1	---		45	668
25103	1	---		46	668
25104	0	---		47	668
25105	0	---		48	668
25106	0	---		49	668
25107	0	---		50	668
25108	0	---		51	668
25109	0	---		52	668
25110	0	---		53	668
25111	1	---		54	668
25112	0	---		55	668
25113	0	---		56	668
25114	0	---		57	668
25115	0	---		58	668
25116	1	---		59	668
25117	0	---		60	668
25118	0	---		61	668
25119	0	---		62	668
25120	0	---		63	668
14428	0	---		54	394
14431	0	---		57	394
14432	0	---		58	394
14434	1	---		60	394
14435	1	---		61	394
14436	1	---		62	394
25313	0	---		58	673
25315	0	---		60	673
25316	0	---		61	673
25317	0	---		62	673
25318	0	---		63	673
14373	34	---		64	393
14374	0	---		37	393
14375	0	---		38	393
14376	0	---		39	393
14377	0	---		40	393
14378	0	---		130	393
14380	1	---		45	393
14383	0	---		48	393
14384	1	---		49	393
14385	0	---		50	393
14387	0	---		52	393
14388	0	---		53	393
14389	0	---		54	393
14392	0	---		57	393
14393	0	---		58	393
14395	0	---		60	393
14396	0	---		61	393
14397	0	---		62	393
14398	0	---		63	393
14220	160	---		39	389
14221	0	---		40	389
14222	4	---		130	389
15180	0	---		26	414
14224	1	---		45	389
15181	32000	---		27	414
15182	-767	---		28	414
15183	32767	---		29	414
15184	0	---		30	414
15185	0	---		32	414
15186	0	---		34	414
15187	0	---		35	414
15188	100	---		36	414
15189	0	---		41	414
15190	100	---		42	414
15192	34	---		64	414
15193	53.2	---		37	414
15194	79.8	---		38	414
15195	15.2	---		39	414
15196	7.6	---		40	414
15197	15	---		130	414
15199	1	---		45	414
15202	0	---		48	414
15203	1	---		49	414
15204	0	---		50	414
15208	0	---		54	414
15211	0	---		57	414
15212	0	---		58	414
15214	1	---		60	414
15215	1	---		61	414
15216	1	---		62	414
15217	1	---		63	414
24329	0	---	(l10*E45*2+l10*E4-h10*3+h10*E1)*E6*(E49<0.4)*(E47<0.4)	129	648
24313	0	---		27	648
24314	0	---		28	648
24315	0	---		29	648
24316	0	---		30	648
24317	0	---		32	648
24318	0	---		34	648
24319	-3	---		35	648
24320	3	---		36	648
24321	0	---		41	648
24322	3	---		42	648
24323	-3	---		43	648
24324	0	---		64	648
24325	1.9	---		37	648
24326	2.9	---		38	648
24327	-1.9	---		39	648
24328	-2.9	---		40	648
24330	15	---		130	648
25319	0	---	\N	45	648
25320	0	---	\N	48	648
25321	0	---	\N	49	648
25322	0	---	\N	50	648
25323	0	---	\N	52	648
25324	0	---	\N	53	648
25325	0	---	\N	54	648
25326	1	---	\N	61	648
25327	0	---	\N	57	648
25328	0	---	\N	58	648
25329	1	---	\N	60	648
25330	1	---	\N	62	648
25331	1	---	\N	63	648
\.


--
-- TOC entry 3822 (class 0 OID 0)
-- Dependencies: 220
-- Name: auth_group_id_seq; Type: SEQUENCE SET; Schema: public; Owner: postgres
--

SELECT pg_catalog.setval('public.auth_group_id_seq', 1, false);


--
-- TOC entry 3823 (class 0 OID 0)
-- Dependencies: 222
-- Name: auth_group_permissions_id_seq; Type: SEQUENCE SET; Schema: public; Owner: postgres
--

SELECT pg_catalog.setval('public.auth_group_permissions_id_seq', 1, false);


--
-- TOC entry 3824 (class 0 OID 0)
-- Dependencies: 218
-- Name: auth_permission_id_seq; Type: SEQUENCE SET; Schema: public; Owner: postgres
--

SELECT pg_catalog.setval('public.auth_permission_id_seq', 148, true);


--
-- TOC entry 3825 (class 0 OID 0)
-- Dependencies: 226
-- Name: auth_user_groups_id_seq; Type: SEQUENCE SET; Schema: public; Owner: postgres
--

SELECT pg_catalog.setval('public.auth_user_groups_id_seq', 1, false);


--
-- TOC entry 3826 (class 0 OID 0)
-- Dependencies: 224
-- Name: auth_user_id_seq; Type: SEQUENCE SET; Schema: public; Owner: postgres
--

SELECT pg_catalog.setval('public.auth_user_id_seq', 1, true);


--
-- TOC entry 3827 (class 0 OID 0)
-- Dependencies: 228
-- Name: auth_user_user_permissions_id_seq; Type: SEQUENCE SET; Schema: public; Owner: postgres
--

SELECT pg_catalog.setval('public.auth_user_user_permissions_id_seq', 1, false);


--
-- TOC entry 3828 (class 0 OID 0)
-- Dependencies: 230
-- Name: django_admin_log_id_seq; Type: SEQUENCE SET; Schema: public; Owner: postgres
--

SELECT pg_catalog.setval('public.django_admin_log_id_seq', 38, true);


--
-- TOC entry 3829 (class 0 OID 0)
-- Dependencies: 216
-- Name: django_content_type_id_seq; Type: SEQUENCE SET; Schema: public; Owner: postgres
--

SELECT pg_catalog.setval('public.django_content_type_id_seq', 37, true);


--
-- TOC entry 3830 (class 0 OID 0)
-- Dependencies: 214
-- Name: django_migrations_id_seq; Type: SEQUENCE SET; Schema: public; Owner: postgres
--

SELECT pg_catalog.setval('public.django_migrations_id_seq', 106, true);


--
-- TOC entry 3831 (class 0 OID 0)
-- Dependencies: 253
-- Name: equipments_cnfequipment_id_seq; Type: SEQUENCE SET; Schema: public; Owner: postgres
--

SELECT pg_catalog.setval('public.equipments_cnfequipment_id_seq', 92, true);


--
-- TOC entry 3832 (class 0 OID 0)
-- Dependencies: 265
-- Name: equipments_cnfequipmentlinkedequipment_id_seq; Type: SEQUENCE SET; Schema: public; Owner: postgres
--

SELECT pg_catalog.setval('public.equipments_cnfequipmentlinkedequipment_id_seq', 248, true);


--
-- TOC entry 3833 (class 0 OID 0)
-- Dependencies: 271
-- Name: equipments_cnfequipmentlinkedpidvariable_id_seq; Type: SEQUENCE SET; Schema: public; Owner: postgres
--

SELECT pg_catalog.setval('public.equipments_cnfequipmentlinkedpidvariable_id_seq', 39, true);


--
-- TOC entry 3834 (class 0 OID 0)
-- Dependencies: 263
-- Name: equipments_cnfequipmentlinkedvariable_id_seq; Type: SEQUENCE SET; Schema: public; Owner: postgres
--

SELECT pg_catalog.setval('public.equipments_cnfequipmentlinkedvariable_id_seq', 456, true);


--
-- TOC entry 3835 (class 0 OID 0)
-- Dependencies: 267
-- Name: equipments_cnfequipmentlinkedword_id_seq; Type: SEQUENCE SET; Schema: public; Owner: postgres
--

SELECT pg_catalog.setval('public.equipments_cnfequipmentlinkedword_id_seq', 20, true);


--
-- TOC entry 3836 (class 0 OID 0)
-- Dependencies: 269
-- Name: equipments_cnfequipmentpidvariablerole_id_seq; Type: SEQUENCE SET; Schema: public; Owner: postgres
--

SELECT pg_catalog.setval('public.equipments_cnfequipmentpidvariablerole_id_seq', 1, true);


--
-- TOC entry 3837 (class 0 OID 0)
-- Dependencies: 259
-- Name: equipments_cnfequipmentrole_id_seq; Type: SEQUENCE SET; Schema: public; Owner: postgres
--

SELECT pg_catalog.setval('public.equipments_cnfequipmentrole_id_seq', 1, true);


--
-- TOC entry 3838 (class 0 OID 0)
-- Dependencies: 255
-- Name: equipments_cnfequipmenttype_id_seq; Type: SEQUENCE SET; Schema: public; Owner: postgres
--

SELECT pg_catalog.setval('public.equipments_cnfequipmenttype_id_seq', 9, true);


--
-- TOC entry 3839 (class 0 OID 0)
-- Dependencies: 257
-- Name: equipments_cnfequipmentvalue_id_seq; Type: SEQUENCE SET; Schema: public; Owner: postgres
--

SELECT pg_catalog.setval('public.equipments_cnfequipmentvalue_id_seq', 1407, true);


--
-- TOC entry 3840 (class 0 OID 0)
-- Dependencies: 261
-- Name: equipments_cnfequipmentvariablerole_id_seq; Type: SEQUENCE SET; Schema: public; Owner: postgres
--

SELECT pg_catalog.setval('public.equipments_cnfequipmentvariablerole_id_seq', 1, true);


--
-- TOC entry 3841 (class 0 OID 0)
-- Dependencies: 277
-- Name: equipments_cnfsequencelinkedequipment_id_seq; Type: SEQUENCE SET; Schema: public; Owner: postgres
--

SELECT pg_catalog.setval('public.equipments_cnfsequencelinkedequipment_id_seq', 172, true);


--
-- TOC entry 3842 (class 0 OID 0)
-- Dependencies: 275
-- Name: equipments_cnfsequencelinkedvariable_id_seq; Type: SEQUENCE SET; Schema: public; Owner: postgres
--

SELECT pg_catalog.setval('public.equipments_cnfsequencelinkedvariable_id_seq', 52, true);


--
-- TOC entry 3843 (class 0 OID 0)
-- Dependencies: 273
-- Name: equipments_cnfsequencerole_id_seq; Type: SEQUENCE SET; Schema: public; Owner: postgres
--

SELECT pg_catalog.setval('public.equipments_cnfsequencerole_id_seq', 1, false);


--
-- TOC entry 3844 (class 0 OID 0)
-- Dependencies: 243
-- Name: general_cnfattribute_id_seq; Type: SEQUENCE SET; Schema: public; Owner: postgres
--

SELECT pg_catalog.setval('public.general_cnfattribute_id_seq', 4, true);


--
-- TOC entry 3845 (class 0 OID 0)
-- Dependencies: 281
-- Name: general_cnfcommands_id_seq; Type: SEQUENCE SET; Schema: public; Owner: postgres
--

SELECT pg_catalog.setval('public.general_cnfcommands_id_seq', 1, false);


--
-- TOC entry 3846 (class 0 OID 0)
-- Dependencies: 233
-- Name: general_cnfcontroller_id_seq; Type: SEQUENCE SET; Schema: public; Owner: postgres
--

SELECT pg_catalog.setval('public.general_cnfcontroller_id_seq', 1, false);


--
-- TOC entry 3847 (class 0 OID 0)
-- Dependencies: 285
-- Name: general_cnfjournalmessages_id_seq; Type: SEQUENCE SET; Schema: public; Owner: postgres
--

SELECT pg_catalog.setval('public.general_cnfjournalmessages_id_seq', 1, false);


--
-- TOC entry 3848 (class 0 OID 0)
-- Dependencies: 283
-- Name: general_cnfvariablequalitycodes_id_seq; Type: SEQUENCE SET; Schema: public; Owner: postgres
--

SELECT pg_catalog.setval('public.general_cnfvariablequalitycodes_id_seq', 1, false);


--
-- TOC entry 3849 (class 0 OID 0)
-- Dependencies: 235
-- Name: modules_cnfmodule_id_seq; Type: SEQUENCE SET; Schema: public; Owner: postgres
--

SELECT pg_catalog.setval('public.modules_cnfmodule_id_seq', 30, true);


--
-- TOC entry 3850 (class 0 OID 0)
-- Dependencies: 237
-- Name: modules_cnfmoduledatatype_id_seq; Type: SEQUENCE SET; Schema: public; Owner: postgres
--

SELECT pg_catalog.setval('public.modules_cnfmoduledatatype_id_seq', 1, false);


--
-- TOC entry 3851 (class 0 OID 0)
-- Dependencies: 239
-- Name: modules_cnfmoduletype_id_seq; Type: SEQUENCE SET; Schema: public; Owner: postgres
--

SELECT pg_catalog.setval('public.modules_cnfmoduletype_id_seq', 1, false);


--
-- TOC entry 3852 (class 0 OID 0)
-- Dependencies: 241
-- Name: modules_cnfmodulevalue_id_seq; Type: SEQUENCE SET; Schema: public; Owner: postgres
--

SELECT pg_catalog.setval('public.modules_cnfmodulevalue_id_seq', 552, true);


--
-- TOC entry 3853 (class 0 OID 0)
-- Dependencies: 279
-- Name: variables_cnfformulasymbol_id_seq; Type: SEQUENCE SET; Schema: public; Owner: postgres
--

SELECT pg_catalog.setval('public.variables_cnfformulasymbol_id_seq', 1, false);


--
-- TOC entry 3854 (class 0 OID 0)
-- Dependencies: 245
-- Name: variables_cnfvariable_id_seq; Type: SEQUENCE SET; Schema: public; Owner: postgres
--

SELECT pg_catalog.setval('public.variables_cnfvariable_id_seq', 673, true);


--
-- TOC entry 3855 (class 0 OID 0)
-- Dependencies: 247
-- Name: variables_cnfvariabledatatype_id_seq; Type: SEQUENCE SET; Schema: public; Owner: postgres
--

SELECT pg_catalog.setval('public.variables_cnfvariabledatatype_id_seq', 1, false);


--
-- TOC entry 3856 (class 0 OID 0)
-- Dependencies: 249
-- Name: variables_cnfvariabletype_id_seq; Type: SEQUENCE SET; Schema: public; Owner: postgres
--

SELECT pg_catalog.setval('public.variables_cnfvariabletype_id_seq', 1, false);


--
-- TOC entry 3857 (class 0 OID 0)
-- Dependencies: 251
-- Name: variables_cnfvariablevalue_id_seq; Type: SEQUENCE SET; Schema: public; Owner: postgres
--

SELECT pg_catalog.setval('public.variables_cnfvariablevalue_id_seq', 25331, true);


--
-- TOC entry 3418 (class 2606 OID 17369)
-- Name: auth_group auth_group_name_key; Type: CONSTRAINT; Schema: public; Owner: postgres
--

ALTER TABLE ONLY public.auth_group
    ADD CONSTRAINT auth_group_name_key UNIQUE (name);


--
-- TOC entry 3423 (class 2606 OID 17300)
-- Name: auth_group_permissions auth_group_permissions_group_id_permission_id_0cd325b0_uniq; Type: CONSTRAINT; Schema: public; Owner: postgres
--

ALTER TABLE ONLY public.auth_group_permissions
    ADD CONSTRAINT auth_group_permissions_group_id_permission_id_0cd325b0_uniq UNIQUE (group_id, permission_id);


--
-- TOC entry 3426 (class 2606 OID 17269)
-- Name: auth_group_permissions auth_group_permissions_pkey; Type: CONSTRAINT; Schema: public; Owner: postgres
--

ALTER TABLE ONLY public.auth_group_permissions
    ADD CONSTRAINT auth_group_permissions_pkey PRIMARY KEY (id);


--
-- TOC entry 3420 (class 2606 OID 17261)
-- Name: auth_group auth_group_pkey; Type: CONSTRAINT; Schema: public; Owner: postgres
--

ALTER TABLE ONLY public.auth_group
    ADD CONSTRAINT auth_group_pkey PRIMARY KEY (id);


--
-- TOC entry 3413 (class 2606 OID 17291)
-- Name: auth_permission auth_permission_content_type_id_codename_01ab375a_uniq; Type: CONSTRAINT; Schema: public; Owner: postgres
--

ALTER TABLE ONLY public.auth_permission
    ADD CONSTRAINT auth_permission_content_type_id_codename_01ab375a_uniq UNIQUE (content_type_id, codename);


--
-- TOC entry 3415 (class 2606 OID 17255)
-- Name: auth_permission auth_permission_pkey; Type: CONSTRAINT; Schema: public; Owner: postgres
--

ALTER TABLE ONLY public.auth_permission
    ADD CONSTRAINT auth_permission_pkey PRIMARY KEY (id);


--
-- TOC entry 3434 (class 2606 OID 17283)
-- Name: auth_user_groups auth_user_groups_pkey; Type: CONSTRAINT; Schema: public; Owner: postgres
--

ALTER TABLE ONLY public.auth_user_groups
    ADD CONSTRAINT auth_user_groups_pkey PRIMARY KEY (id);


--
-- TOC entry 3437 (class 2606 OID 17315)
-- Name: auth_user_groups auth_user_groups_user_id_group_id_94350c0c_uniq; Type: CONSTRAINT; Schema: public; Owner: postgres
--

ALTER TABLE ONLY public.auth_user_groups
    ADD CONSTRAINT auth_user_groups_user_id_group_id_94350c0c_uniq UNIQUE (user_id, group_id);


--
-- TOC entry 3428 (class 2606 OID 17275)
-- Name: auth_user auth_user_pkey; Type: CONSTRAINT; Schema: public; Owner: postgres
--

ALTER TABLE ONLY public.auth_user
    ADD CONSTRAINT auth_user_pkey PRIMARY KEY (id);


--
-- TOC entry 3440 (class 2606 OID 17289)
-- Name: auth_user_user_permissions auth_user_user_permissions_pkey; Type: CONSTRAINT; Schema: public; Owner: postgres
--

ALTER TABLE ONLY public.auth_user_user_permissions
    ADD CONSTRAINT auth_user_user_permissions_pkey PRIMARY KEY (id);


--
-- TOC entry 3443 (class 2606 OID 17329)
-- Name: auth_user_user_permissions auth_user_user_permissions_user_id_permission_id_14a6b632_uniq; Type: CONSTRAINT; Schema: public; Owner: postgres
--

ALTER TABLE ONLY public.auth_user_user_permissions
    ADD CONSTRAINT auth_user_user_permissions_user_id_permission_id_14a6b632_uniq UNIQUE (user_id, permission_id);


--
-- TOC entry 3431 (class 2606 OID 17364)
-- Name: auth_user auth_user_username_key; Type: CONSTRAINT; Schema: public; Owner: postgres
--

ALTER TABLE ONLY public.auth_user
    ADD CONSTRAINT auth_user_username_key UNIQUE (username);


--
-- TOC entry 3446 (class 2606 OID 17350)
-- Name: django_admin_log django_admin_log_pkey; Type: CONSTRAINT; Schema: public; Owner: postgres
--

ALTER TABLE ONLY public.django_admin_log
    ADD CONSTRAINT django_admin_log_pkey PRIMARY KEY (id);


--
-- TOC entry 3408 (class 2606 OID 17249)
-- Name: django_content_type django_content_type_app_label_model_76bd3d3b_uniq; Type: CONSTRAINT; Schema: public; Owner: postgres
--

ALTER TABLE ONLY public.django_content_type
    ADD CONSTRAINT django_content_type_app_label_model_76bd3d3b_uniq UNIQUE (app_label, model);


--
-- TOC entry 3410 (class 2606 OID 17247)
-- Name: django_content_type django_content_type_pkey; Type: CONSTRAINT; Schema: public; Owner: postgres
--

ALTER TABLE ONLY public.django_content_type
    ADD CONSTRAINT django_content_type_pkey PRIMARY KEY (id);


--
-- TOC entry 3406 (class 2606 OID 17241)
-- Name: django_migrations django_migrations_pkey; Type: CONSTRAINT; Schema: public; Owner: postgres
--

ALTER TABLE ONLY public.django_migrations
    ADD CONSTRAINT django_migrations_pkey PRIMARY KEY (id);


--
-- TOC entry 3450 (class 2606 OID 17401)
-- Name: django_session django_session_pkey; Type: CONSTRAINT; Schema: public; Owner: postgres
--

ALTER TABLE ONLY public.django_session
    ADD CONSTRAINT django_session_pkey PRIMARY KEY (session_key);


--
-- TOC entry 3495 (class 2606 OID 18099)
-- Name: equipments_cnfequipment equipments_cnfequipment_pkey; Type: CONSTRAINT; Schema: public; Owner: postgres
--

ALTER TABLE ONLY public.equipments_cnfequipment
    ADD CONSTRAINT equipments_cnfequipment_pkey PRIMARY KEY (id);


--
-- TOC entry 3521 (class 2606 OID 18190)
-- Name: equipments_cnfequipmentlinkedequipment equipments_cnfequipmentlinkedequipment_pkey; Type: CONSTRAINT; Schema: public; Owner: postgres
--

ALTER TABLE ONLY public.equipments_cnfequipmentlinkedequipment
    ADD CONSTRAINT equipments_cnfequipmentlinkedequipment_pkey PRIMARY KEY (id);


--
-- TOC entry 3535 (class 2606 OID 26199)
-- Name: equipments_cnfequipmentlinkedpidvariable equipments_cnfequipmentlinkedpidvariable_pkey; Type: CONSTRAINT; Schema: public; Owner: postgres
--

ALTER TABLE ONLY public.equipments_cnfequipmentlinkedpidvariable
    ADD CONSTRAINT equipments_cnfequipmentlinkedpidvariable_pkey PRIMARY KEY (id);


--
-- TOC entry 3516 (class 2606 OID 18166)
-- Name: equipments_cnfequipmentlinkedvariable equipments_cnfequipmentlinkedvariable_pkey; Type: CONSTRAINT; Schema: public; Owner: postgres
--

ALTER TABLE ONLY public.equipments_cnfequipmentlinkedvariable
    ADD CONSTRAINT equipments_cnfequipmentlinkedvariable_pkey PRIMARY KEY (id);


--
-- TOC entry 3526 (class 2606 OID 18231)
-- Name: equipments_cnfequipmentlinkedword equipments_cnfequipmentlinkedword_pkey; Type: CONSTRAINT; Schema: public; Owner: postgres
--

ALTER TABLE ONLY public.equipments_cnfequipmentlinkedword
    ADD CONSTRAINT equipments_cnfequipmentlinkedword_pkey PRIMARY KEY (id);


--
-- TOC entry 3528 (class 2606 OID 26193)
-- Name: equipments_cnfequipmentpidvariablerole equipments_cnfequipmentpidvariablerole_n_role_index_key; Type: CONSTRAINT; Schema: public; Owner: postgres
--

ALTER TABLE ONLY public.equipments_cnfequipmentpidvariablerole
    ADD CONSTRAINT equipments_cnfequipmentpidvariablerole_n_role_index_key UNIQUE (n_role_index);


--
-- TOC entry 3530 (class 2606 OID 26191)
-- Name: equipments_cnfequipmentpidvariablerole equipments_cnfequipmentpidvariablerole_pkey; Type: CONSTRAINT; Schema: public; Owner: postgres
--

ALTER TABLE ONLY public.equipments_cnfequipmentpidvariablerole
    ADD CONSTRAINT equipments_cnfequipmentpidvariablerole_pkey PRIMARY KEY (id);


--
-- TOC entry 3505 (class 2606 OID 18152)
-- Name: equipments_cnfequipmentrole equipments_cnfequipmentrole_n_role_index_key; Type: CONSTRAINT; Schema: public; Owner: postgres
--

ALTER TABLE ONLY public.equipments_cnfequipmentrole
    ADD CONSTRAINT equipments_cnfequipmentrole_n_role_index_key UNIQUE (n_role_index);


--
-- TOC entry 3507 (class 2606 OID 18150)
-- Name: equipments_cnfequipmentrole equipments_cnfequipmentrole_pkey; Type: CONSTRAINT; Schema: public; Owner: postgres
--

ALTER TABLE ONLY public.equipments_cnfequipmentrole
    ADD CONSTRAINT equipments_cnfequipmentrole_pkey PRIMARY KEY (id);


--
-- TOC entry 3497 (class 2606 OID 18108)
-- Name: equipments_cnfequipmenttype equipments_cnfequipmenttype_n_type_value_key; Type: CONSTRAINT; Schema: public; Owner: postgres
--

ALTER TABLE ONLY public.equipments_cnfequipmenttype
    ADD CONSTRAINT equipments_cnfequipmenttype_n_type_value_key UNIQUE (n_type_value);


--
-- TOC entry 3499 (class 2606 OID 18106)
-- Name: equipments_cnfequipmenttype equipments_cnfequipmenttype_pkey; Type: CONSTRAINT; Schema: public; Owner: postgres
--

ALTER TABLE ONLY public.equipments_cnfequipmenttype
    ADD CONSTRAINT equipments_cnfequipmenttype_pkey PRIMARY KEY (id);


--
-- TOC entry 3503 (class 2606 OID 18114)
-- Name: equipments_cnfequipmentvalue equipments_cnfequipmentvalue_pkey; Type: CONSTRAINT; Schema: public; Owner: postgres
--

ALTER TABLE ONLY public.equipments_cnfequipmentvalue
    ADD CONSTRAINT equipments_cnfequipmentvalue_pkey PRIMARY KEY (id);


--
-- TOC entry 3509 (class 2606 OID 18160)
-- Name: equipments_cnfequipmentvariablerole equipments_cnfequipmentvariablerole_n_role_index_key; Type: CONSTRAINT; Schema: public; Owner: postgres
--

ALTER TABLE ONLY public.equipments_cnfequipmentvariablerole
    ADD CONSTRAINT equipments_cnfequipmentvariablerole_n_role_index_key UNIQUE (n_role_index);


--
-- TOC entry 3511 (class 2606 OID 18158)
-- Name: equipments_cnfequipmentvariablerole equipments_cnfequipmentvariablerole_pkey; Type: CONSTRAINT; Schema: public; Owner: postgres
--

ALTER TABLE ONLY public.equipments_cnfequipmentvariablerole
    ADD CONSTRAINT equipments_cnfequipmentvariablerole_pkey PRIMARY KEY (id);


--
-- TOC entry 3549 (class 2606 OID 34397)
-- Name: equipments_cnfsequencelinkedequipment equipments_cnfsequencelinkedequipment_pkey; Type: CONSTRAINT; Schema: public; Owner: postgres
--

ALTER TABLE ONLY public.equipments_cnfsequencelinkedequipment
    ADD CONSTRAINT equipments_cnfsequencelinkedequipment_pkey PRIMARY KEY (id);


--
-- TOC entry 3544 (class 2606 OID 34391)
-- Name: equipments_cnfsequencelinkedvariable equipments_cnfsequencelinkedvariable_pkey; Type: CONSTRAINT; Schema: public; Owner: postgres
--

ALTER TABLE ONLY public.equipments_cnfsequencelinkedvariable
    ADD CONSTRAINT equipments_cnfsequencelinkedvariable_pkey PRIMARY KEY (id);


--
-- TOC entry 3537 (class 2606 OID 34385)
-- Name: equipments_cnfsequencerole equipments_cnfsequencerole_n_role_index_key; Type: CONSTRAINT; Schema: public; Owner: postgres
--

ALTER TABLE ONLY public.equipments_cnfsequencerole
    ADD CONSTRAINT equipments_cnfsequencerole_n_role_index_key UNIQUE (n_role_index);


--
-- TOC entry 3539 (class 2606 OID 34383)
-- Name: equipments_cnfsequencerole equipments_cnfsequencerole_pkey; Type: CONSTRAINT; Schema: public; Owner: postgres
--

ALTER TABLE ONLY public.equipments_cnfsequencerole
    ADD CONSTRAINT equipments_cnfsequencerole_pkey PRIMARY KEY (id);


--
-- TOC entry 3471 (class 2606 OID 17910)
-- Name: general_cnfattribute general_cnfattribute_pkey; Type: CONSTRAINT; Schema: public; Owner: postgres
--

ALTER TABLE ONLY public.general_cnfattribute
    ADD CONSTRAINT general_cnfattribute_pkey PRIMARY KEY (id);


--
-- TOC entry 3553 (class 2606 OID 58971)
-- Name: general_cnfcommands general_cnfcommands_pkey; Type: CONSTRAINT; Schema: public; Owner: postgres
--

ALTER TABLE ONLY public.general_cnfcommands
    ADD CONSTRAINT general_cnfcommands_pkey PRIMARY KEY (id);


--
-- TOC entry 3453 (class 2606 OID 17839)
-- Name: general_cnfcontroller general_cnfcontroller_pkey; Type: CONSTRAINT; Schema: public; Owner: postgres
--

ALTER TABLE ONLY public.general_cnfcontroller
    ADD CONSTRAINT general_cnfcontroller_pkey PRIMARY KEY (id);


--
-- TOC entry 3557 (class 2606 OID 83804)
-- Name: general_cnfjournalmessages general_cnfjournalmessages_pkey; Type: CONSTRAINT; Schema: public; Owner: postgres
--

ALTER TABLE ONLY public.general_cnfjournalmessages
    ADD CONSTRAINT general_cnfjournalmessages_pkey PRIMARY KEY (id);


--
-- TOC entry 3555 (class 2606 OID 83794)
-- Name: general_cnfvariablequalitycodes general_cnfvariablequalitycodes_pkey; Type: CONSTRAINT; Schema: public; Owner: postgres
--

ALTER TABLE ONLY public.general_cnfvariablequalitycodes
    ADD CONSTRAINT general_cnfvariablequalitycodes_pkey PRIMARY KEY (id);


--
-- TOC entry 3457 (class 2606 OID 17851)
-- Name: modules_cnfmodule modules_cnfmodule_pkey; Type: CONSTRAINT; Schema: public; Owner: postgres
--

ALTER TABLE ONLY public.modules_cnfmodule
    ADD CONSTRAINT modules_cnfmodule_pkey PRIMARY KEY (id);


--
-- TOC entry 3459 (class 2606 OID 17859)
-- Name: modules_cnfmoduledatatype modules_cnfmoduledatatype_n_type_value_key; Type: CONSTRAINT; Schema: public; Owner: postgres
--

ALTER TABLE ONLY public.modules_cnfmoduledatatype
    ADD CONSTRAINT modules_cnfmoduledatatype_n_type_value_key UNIQUE (n_type_value);


--
-- TOC entry 3461 (class 2606 OID 17857)
-- Name: modules_cnfmoduledatatype modules_cnfmoduledatatype_pkey; Type: CONSTRAINT; Schema: public; Owner: postgres
--

ALTER TABLE ONLY public.modules_cnfmoduledatatype
    ADD CONSTRAINT modules_cnfmoduledatatype_pkey PRIMARY KEY (id);


--
-- TOC entry 3463 (class 2606 OID 17867)
-- Name: modules_cnfmoduletype modules_cnfmoduletype_n_type_value_key; Type: CONSTRAINT; Schema: public; Owner: postgres
--

ALTER TABLE ONLY public.modules_cnfmoduletype
    ADD CONSTRAINT modules_cnfmoduletype_n_type_value_key UNIQUE (n_type_value);


--
-- TOC entry 3465 (class 2606 OID 17865)
-- Name: modules_cnfmoduletype modules_cnfmoduletype_pkey; Type: CONSTRAINT; Schema: public; Owner: postgres
--

ALTER TABLE ONLY public.modules_cnfmoduletype
    ADD CONSTRAINT modules_cnfmoduletype_pkey PRIMARY KEY (id);


--
-- TOC entry 3469 (class 2606 OID 17873)
-- Name: modules_cnfmodulevalue modules_cnfmodulevalue_pkey; Type: CONSTRAINT; Schema: public; Owner: postgres
--

ALTER TABLE ONLY public.modules_cnfmodulevalue
    ADD CONSTRAINT modules_cnfmodulevalue_pkey PRIMARY KEY (id);


--
-- TOC entry 3551 (class 2606 OID 58957)
-- Name: variables_cnfformulasymbol variables_cnfformulasymbol_pkey; Type: CONSTRAINT; Schema: public; Owner: postgres
--

ALTER TABLE ONLY public.variables_cnfformulasymbol
    ADD CONSTRAINT variables_cnfformulasymbol_pkey PRIMARY KEY (id);


--
-- TOC entry 3478 (class 2606 OID 17924)
-- Name: variables_cnfvariable variables_cnfvariable_pkey; Type: CONSTRAINT; Schema: public; Owner: postgres
--

ALTER TABLE ONLY public.variables_cnfvariable
    ADD CONSTRAINT variables_cnfvariable_pkey PRIMARY KEY (id);


--
-- TOC entry 3480 (class 2606 OID 17932)
-- Name: variables_cnfvariabledatatype variables_cnfvariabledatatype_n_type_value_key; Type: CONSTRAINT; Schema: public; Owner: postgres
--

ALTER TABLE ONLY public.variables_cnfvariabledatatype
    ADD CONSTRAINT variables_cnfvariabledatatype_n_type_value_key UNIQUE (n_type_value);


--
-- TOC entry 3482 (class 2606 OID 17930)
-- Name: variables_cnfvariabledatatype variables_cnfvariabledatatype_pkey; Type: CONSTRAINT; Schema: public; Owner: postgres
--

ALTER TABLE ONLY public.variables_cnfvariabledatatype
    ADD CONSTRAINT variables_cnfvariabledatatype_pkey PRIMARY KEY (id);


--
-- TOC entry 3484 (class 2606 OID 17940)
-- Name: variables_cnfvariabletype variables_cnfvariabletype_n_type_value_key; Type: CONSTRAINT; Schema: public; Owner: postgres
--

ALTER TABLE ONLY public.variables_cnfvariabletype
    ADD CONSTRAINT variables_cnfvariabletype_n_type_value_key UNIQUE (n_type_value);


--
-- TOC entry 3486 (class 2606 OID 17938)
-- Name: variables_cnfvariabletype variables_cnfvariabletype_pkey; Type: CONSTRAINT; Schema: public; Owner: postgres
--

ALTER TABLE ONLY public.variables_cnfvariabletype
    ADD CONSTRAINT variables_cnfvariabletype_pkey PRIMARY KEY (id);


--
-- TOC entry 3490 (class 2606 OID 17948)
-- Name: variables_cnfvariablevalue variables_cnfvariablevalue_pkey; Type: CONSTRAINT; Schema: public; Owner: postgres
--

ALTER TABLE ONLY public.variables_cnfvariablevalue
    ADD CONSTRAINT variables_cnfvariablevalue_pkey PRIMARY KEY (id);


--
-- TOC entry 3416 (class 1259 OID 17370)
-- Name: auth_group_name_a6ea08ec_like; Type: INDEX; Schema: public; Owner: postgres
--

CREATE INDEX auth_group_name_a6ea08ec_like ON public.auth_group USING btree (name varchar_pattern_ops);


--
-- TOC entry 3421 (class 1259 OID 17311)
-- Name: auth_group_permissions_group_id_b120cbf9; Type: INDEX; Schema: public; Owner: postgres
--

CREATE INDEX auth_group_permissions_group_id_b120cbf9 ON public.auth_group_permissions USING btree (group_id);


--
-- TOC entry 3424 (class 1259 OID 17312)
-- Name: auth_group_permissions_permission_id_84c5c92e; Type: INDEX; Schema: public; Owner: postgres
--

CREATE INDEX auth_group_permissions_permission_id_84c5c92e ON public.auth_group_permissions USING btree (permission_id);


--
-- TOC entry 3411 (class 1259 OID 17297)
-- Name: auth_permission_content_type_id_2f476e4b; Type: INDEX; Schema: public; Owner: postgres
--

CREATE INDEX auth_permission_content_type_id_2f476e4b ON public.auth_permission USING btree (content_type_id);


--
-- TOC entry 3432 (class 1259 OID 17327)
-- Name: auth_user_groups_group_id_97559544; Type: INDEX; Schema: public; Owner: postgres
--

CREATE INDEX auth_user_groups_group_id_97559544 ON public.auth_user_groups USING btree (group_id);


--
-- TOC entry 3435 (class 1259 OID 17326)
-- Name: auth_user_groups_user_id_6a12ed8b; Type: INDEX; Schema: public; Owner: postgres
--

CREATE INDEX auth_user_groups_user_id_6a12ed8b ON public.auth_user_groups USING btree (user_id);


--
-- TOC entry 3438 (class 1259 OID 17341)
-- Name: auth_user_user_permissions_permission_id_1fbb5f2c; Type: INDEX; Schema: public; Owner: postgres
--

CREATE INDEX auth_user_user_permissions_permission_id_1fbb5f2c ON public.auth_user_user_permissions USING btree (permission_id);


--
-- TOC entry 3441 (class 1259 OID 17340)
-- Name: auth_user_user_permissions_user_id_a95ead1b; Type: INDEX; Schema: public; Owner: postgres
--

CREATE INDEX auth_user_user_permissions_user_id_a95ead1b ON public.auth_user_user_permissions USING btree (user_id);


--
-- TOC entry 3429 (class 1259 OID 17365)
-- Name: auth_user_username_6821ab7c_like; Type: INDEX; Schema: public; Owner: postgres
--

CREATE INDEX auth_user_username_6821ab7c_like ON public.auth_user USING btree (username varchar_pattern_ops);


--
-- TOC entry 3444 (class 1259 OID 17361)
-- Name: django_admin_log_content_type_id_c4bce8eb; Type: INDEX; Schema: public; Owner: postgres
--

CREATE INDEX django_admin_log_content_type_id_c4bce8eb ON public.django_admin_log USING btree (content_type_id);


--
-- TOC entry 3447 (class 1259 OID 17362)
-- Name: django_admin_log_user_id_c564eba6; Type: INDEX; Schema: public; Owner: postgres
--

CREATE INDEX django_admin_log_user_id_c564eba6 ON public.django_admin_log USING btree (user_id);


--
-- TOC entry 3448 (class 1259 OID 17403)
-- Name: django_session_expire_date_a5c62663; Type: INDEX; Schema: public; Owner: postgres
--

CREATE INDEX django_session_expire_date_a5c62663 ON public.django_session USING btree (expire_date);


--
-- TOC entry 3451 (class 1259 OID 17402)
-- Name: django_session_session_key_c0390e0f_like; Type: INDEX; Schema: public; Owner: postgres
--

CREATE INDEX django_session_session_key_c0390e0f_like ON public.django_session USING btree (session_key varchar_pattern_ops);


--
-- TOC entry 3491 (class 1259 OID 18130)
-- Name: equipments_cnfequipment_c_user_edit_id_94cc5b56; Type: INDEX; Schema: public; Owner: postgres
--

CREATE INDEX equipments_cnfequipment_c_user_edit_id_94cc5b56 ON public.equipments_cnfequipment USING btree (c_user_edit_id);


--
-- TOC entry 3492 (class 1259 OID 18131)
-- Name: equipments_cnfequipment_n_controller_id_ff67b7b3; Type: INDEX; Schema: public; Owner: postgres
--

CREATE INDEX equipments_cnfequipment_n_controller_id_ff67b7b3 ON public.equipments_cnfequipment USING btree (n_controller_id);


--
-- TOC entry 3493 (class 1259 OID 18144)
-- Name: equipments_cnfequipment_n_type_id_id_9c437b5e; Type: INDEX; Schema: public; Owner: postgres
--

CREATE INDEX equipments_cnfequipment_n_type_id_id_9c437b5e ON public.equipments_cnfequipment USING btree (n_type_id_id);


--
-- TOC entry 3531 (class 1259 OID 26215)
-- Name: equipments_cnfequipmentlin_n_equipment_id_f8d8452e; Type: INDEX; Schema: public; Owner: postgres
--

CREATE INDEX equipments_cnfequipmentlin_n_equipment_id_f8d8452e ON public.equipments_cnfequipmentlinkedpidvariable USING btree (n_equipment_id);


--
-- TOC entry 3517 (class 1259 OID 18225)
-- Name: equipments_cnfequipmentlin_n_equipment_link_id_40a813ac; Type: INDEX; Schema: public; Owner: postgres
--

CREATE INDEX equipments_cnfequipmentlin_n_equipment_link_id_40a813ac ON public.equipments_cnfequipmentlinkedequipment USING btree (n_equipment_link_id);


--
-- TOC entry 3532 (class 1259 OID 26217)
-- Name: equipments_cnfequipmentlin_n_variable_link_id_3d2e5dec; Type: INDEX; Schema: public; Owner: postgres
--

CREATE INDEX equipments_cnfequipmentlin_n_variable_link_id_3d2e5dec ON public.equipments_cnfequipmentlinkedpidvariable USING btree (n_variable_link_id);


--
-- TOC entry 3518 (class 1259 OID 18201)
-- Name: equipments_cnfequipmentlinkedequipment_n_equipment_id_4d736799; Type: INDEX; Schema: public; Owner: postgres
--

CREATE INDEX equipments_cnfequipmentlinkedequipment_n_equipment_id_4d736799 ON public.equipments_cnfequipmentlinkedequipment USING btree (n_equipment_id);


--
-- TOC entry 3519 (class 1259 OID 18202)
-- Name: equipments_cnfequipmentlinkedequipment_n_role_id_50be44e1; Type: INDEX; Schema: public; Owner: postgres
--

CREATE INDEX equipments_cnfequipmentlinkedequipment_n_role_id_50be44e1 ON public.equipments_cnfequipmentlinkedequipment USING btree (n_role_id);


--
-- TOC entry 3533 (class 1259 OID 26216)
-- Name: equipments_cnfequipmentlinkedpidvariable_n_role_id_2018d43c; Type: INDEX; Schema: public; Owner: postgres
--

CREATE INDEX equipments_cnfequipmentlinkedpidvariable_n_role_id_2018d43c ON public.equipments_cnfequipmentlinkedpidvariable USING btree (n_role_id);


--
-- TOC entry 3512 (class 1259 OID 18182)
-- Name: equipments_cnfequipmentlinkedvariable_n_equipment_id_3cf68812; Type: INDEX; Schema: public; Owner: postgres
--

CREATE INDEX equipments_cnfequipmentlinkedvariable_n_equipment_id_3cf68812 ON public.equipments_cnfequipmentlinkedvariable USING btree (n_equipment_id);


--
-- TOC entry 3513 (class 1259 OID 18183)
-- Name: equipments_cnfequipmentlinkedvariable_n_role_id_cfed317e; Type: INDEX; Schema: public; Owner: postgres
--

CREATE INDEX equipments_cnfequipmentlinkedvariable_n_role_id_cfed317e ON public.equipments_cnfequipmentlinkedvariable USING btree (n_role_id);


--
-- TOC entry 3514 (class 1259 OID 18184)
-- Name: equipments_cnfequipmentlinkedvariable_n_variable_id_fcc03c3b; Type: INDEX; Schema: public; Owner: postgres
--

CREATE INDEX equipments_cnfequipmentlinkedvariable_n_variable_id_fcc03c3b ON public.equipments_cnfequipmentlinkedvariable USING btree (n_variable_id);


--
-- TOC entry 3522 (class 1259 OID 18247)
-- Name: equipments_cnfequipmentlinkedword_n_equipment_id_efe46ca0; Type: INDEX; Schema: public; Owner: postgres
--

CREATE INDEX equipments_cnfequipmentlinkedword_n_equipment_id_efe46ca0 ON public.equipments_cnfequipmentlinkedword USING btree (n_equipment_id);


--
-- TOC entry 3523 (class 1259 OID 18248)
-- Name: equipments_cnfequipmentlinkedword_n_role_id_dab262f2; Type: INDEX; Schema: public; Owner: postgres
--

CREATE INDEX equipments_cnfequipmentlinkedword_n_role_id_dab262f2 ON public.equipments_cnfequipmentlinkedword USING btree (n_role_id);


--
-- TOC entry 3524 (class 1259 OID 18249)
-- Name: equipments_cnfequipmentlinkedword_n_variable_id_219a7389; Type: INDEX; Schema: public; Owner: postgres
--

CREATE INDEX equipments_cnfequipmentlinkedword_n_variable_id_219a7389 ON public.equipments_cnfequipmentlinkedword USING btree (n_variable_id);


--
-- TOC entry 3500 (class 1259 OID 18142)
-- Name: equipments_cnfequipmentvalue_n_attribute_id_2c8bc4f2; Type: INDEX; Schema: public; Owner: postgres
--

CREATE INDEX equipments_cnfequipmentvalue_n_attribute_id_2c8bc4f2 ON public.equipments_cnfequipmentvalue USING btree (n_attribute_id);


--
-- TOC entry 3501 (class 1259 OID 18143)
-- Name: equipments_cnfequipmentvalue_n_equipment_id_046c91b9; Type: INDEX; Schema: public; Owner: postgres
--

CREATE INDEX equipments_cnfequipmentvalue_n_equipment_id_046c91b9 ON public.equipments_cnfequipmentvalue USING btree (n_equipment_id);


--
-- TOC entry 3545 (class 1259 OID 34432)
-- Name: equipments_cnfsequencelink_n_equipment_link_id_6e526f67; Type: INDEX; Schema: public; Owner: postgres
--

CREATE INDEX equipments_cnfsequencelink_n_equipment_link_id_6e526f67 ON public.equipments_cnfsequencelinkedequipment USING btree (n_equipment_link_id);


--
-- TOC entry 3540 (class 1259 OID 34415)
-- Name: equipments_cnfsequencelink_n_variable_link_id_59a596da; Type: INDEX; Schema: public; Owner: postgres
--

CREATE INDEX equipments_cnfsequencelink_n_variable_link_id_59a596da ON public.equipments_cnfsequencelinkedvariable USING btree (n_variable_link_id);


--
-- TOC entry 3546 (class 1259 OID 34431)
-- Name: equipments_cnfsequencelinkedequipment_n_equipment_id_69c5fd89; Type: INDEX; Schema: public; Owner: postgres
--

CREATE INDEX equipments_cnfsequencelinkedequipment_n_equipment_id_69c5fd89 ON public.equipments_cnfsequencelinkedequipment USING btree (n_equipment_id);


--
-- TOC entry 3547 (class 1259 OID 34433)
-- Name: equipments_cnfsequencelinkedequipment_n_role_id_0a08cd5e; Type: INDEX; Schema: public; Owner: postgres
--

CREATE INDEX equipments_cnfsequencelinkedequipment_n_role_id_0a08cd5e ON public.equipments_cnfsequencelinkedequipment USING btree (n_role_id);


--
-- TOC entry 3541 (class 1259 OID 34413)
-- Name: equipments_cnfsequencelinkedvariable_n_equipment_id_ea318856; Type: INDEX; Schema: public; Owner: postgres
--

CREATE INDEX equipments_cnfsequencelinkedvariable_n_equipment_id_ea318856 ON public.equipments_cnfsequencelinkedvariable USING btree (n_equipment_id);


--
-- TOC entry 3542 (class 1259 OID 34414)
-- Name: equipments_cnfsequencelinkedvariable_n_role_id_2f60d30d; Type: INDEX; Schema: public; Owner: postgres
--

CREATE INDEX equipments_cnfsequencelinkedvariable_n_role_id_2f60d30d ON public.equipments_cnfsequencelinkedvariable USING btree (n_role_id);


--
-- TOC entry 3454 (class 1259 OID 17884)
-- Name: modules_cnfmodule_c_user_edit_id_5640326a; Type: INDEX; Schema: public; Owner: postgres
--

CREATE INDEX modules_cnfmodule_c_user_edit_id_5640326a ON public.modules_cnfmodule USING btree (c_user_edit_id);


--
-- TOC entry 3455 (class 1259 OID 17885)
-- Name: modules_cnfmodule_n_controller_id_8ae6204b; Type: INDEX; Schema: public; Owner: postgres
--

CREATE INDEX modules_cnfmodule_n_controller_id_8ae6204b ON public.modules_cnfmodule USING btree (n_controller_id);


--
-- TOC entry 3466 (class 1259 OID 17916)
-- Name: modules_cnfmodulevalue_n_attribute_id_c2f2bd71; Type: INDEX; Schema: public; Owner: postgres
--

CREATE INDEX modules_cnfmodulevalue_n_attribute_id_c2f2bd71 ON public.modules_cnfmodulevalue USING btree (n_attribute_id);


--
-- TOC entry 3467 (class 1259 OID 17897)
-- Name: modules_cnfmodulevalue_n_module_id_008132f8; Type: INDEX; Schema: public; Owner: postgres
--

CREATE INDEX modules_cnfmodulevalue_n_module_id_008132f8 ON public.modules_cnfmodulevalue USING btree (n_module_id);


--
-- TOC entry 3472 (class 1259 OID 17969)
-- Name: variables_cnfvariable_c_user_edit_id_db8ae3de; Type: INDEX; Schema: public; Owner: postgres
--

CREATE INDEX variables_cnfvariable_c_user_edit_id_db8ae3de ON public.variables_cnfvariable USING btree (c_user_edit_id);


--
-- TOC entry 3473 (class 1259 OID 17970)
-- Name: variables_cnfvariable_n_controller_id_50964e64; Type: INDEX; Schema: public; Owner: postgres
--

CREATE INDEX variables_cnfvariable_n_controller_id_50964e64 ON public.variables_cnfvariable USING btree (n_controller_id);


--
-- TOC entry 3474 (class 1259 OID 17991)
-- Name: variables_cnfvariable_n_module_id_id_41b64551; Type: INDEX; Schema: public; Owner: postgres
--

CREATE INDEX variables_cnfvariable_n_module_id_id_41b64551 ON public.variables_cnfvariable USING btree (n_module_id_id);


--
-- TOC entry 3475 (class 1259 OID 17983)
-- Name: variables_cnfvariable_n_variable_data_type_id_8dc4e985; Type: INDEX; Schema: public; Owner: postgres
--

CREATE INDEX variables_cnfvariable_n_variable_data_type_id_8dc4e985 ON public.variables_cnfvariable USING btree (n_variable_data_type_id);


--
-- TOC entry 3476 (class 1259 OID 17984)
-- Name: variables_cnfvariable_n_variable_type_id_9afc130d; Type: INDEX; Schema: public; Owner: postgres
--

CREATE INDEX variables_cnfvariable_n_variable_type_id_9afc130d ON public.variables_cnfvariable USING btree (n_variable_type_id);


--
-- TOC entry 3487 (class 1259 OID 17981)
-- Name: variables_cnfvariablevalue_n_attribute_id_cbc98400; Type: INDEX; Schema: public; Owner: postgres
--

CREATE INDEX variables_cnfvariablevalue_n_attribute_id_cbc98400 ON public.variables_cnfvariablevalue USING btree (n_attribute_id);


--
-- TOC entry 3488 (class 1259 OID 17982)
-- Name: variables_cnfvariablevalue_n_variable_id_cd3f17ff; Type: INDEX; Schema: public; Owner: postgres
--

CREATE INDEX variables_cnfvariablevalue_n_variable_id_cd3f17ff ON public.variables_cnfvariablevalue USING btree (n_variable_id);


--
-- TOC entry 3559 (class 2606 OID 17306)
-- Name: auth_group_permissions auth_group_permissio_permission_id_84c5c92e_fk_auth_perm; Type: FK CONSTRAINT; Schema: public; Owner: postgres
--

ALTER TABLE ONLY public.auth_group_permissions
    ADD CONSTRAINT auth_group_permissio_permission_id_84c5c92e_fk_auth_perm FOREIGN KEY (permission_id) REFERENCES public.auth_permission(id) DEFERRABLE INITIALLY DEFERRED;


--
-- TOC entry 3560 (class 2606 OID 17301)
-- Name: auth_group_permissions auth_group_permissions_group_id_b120cbf9_fk_auth_group_id; Type: FK CONSTRAINT; Schema: public; Owner: postgres
--

ALTER TABLE ONLY public.auth_group_permissions
    ADD CONSTRAINT auth_group_permissions_group_id_b120cbf9_fk_auth_group_id FOREIGN KEY (group_id) REFERENCES public.auth_group(id) DEFERRABLE INITIALLY DEFERRED;


--
-- TOC entry 3558 (class 2606 OID 17292)
-- Name: auth_permission auth_permission_content_type_id_2f476e4b_fk_django_co; Type: FK CONSTRAINT; Schema: public; Owner: postgres
--

ALTER TABLE ONLY public.auth_permission
    ADD CONSTRAINT auth_permission_content_type_id_2f476e4b_fk_django_co FOREIGN KEY (content_type_id) REFERENCES public.django_content_type(id) DEFERRABLE INITIALLY DEFERRED;


--
-- TOC entry 3561 (class 2606 OID 17321)
-- Name: auth_user_groups auth_user_groups_group_id_97559544_fk_auth_group_id; Type: FK CONSTRAINT; Schema: public; Owner: postgres
--

ALTER TABLE ONLY public.auth_user_groups
    ADD CONSTRAINT auth_user_groups_group_id_97559544_fk_auth_group_id FOREIGN KEY (group_id) REFERENCES public.auth_group(id) DEFERRABLE INITIALLY DEFERRED;


--
-- TOC entry 3562 (class 2606 OID 17316)
-- Name: auth_user_groups auth_user_groups_user_id_6a12ed8b_fk_auth_user_id; Type: FK CONSTRAINT; Schema: public; Owner: postgres
--

ALTER TABLE ONLY public.auth_user_groups
    ADD CONSTRAINT auth_user_groups_user_id_6a12ed8b_fk_auth_user_id FOREIGN KEY (user_id) REFERENCES public.auth_user(id) DEFERRABLE INITIALLY DEFERRED;


--
-- TOC entry 3563 (class 2606 OID 17335)
-- Name: auth_user_user_permissions auth_user_user_permi_permission_id_1fbb5f2c_fk_auth_perm; Type: FK CONSTRAINT; Schema: public; Owner: postgres
--

ALTER TABLE ONLY public.auth_user_user_permissions
    ADD CONSTRAINT auth_user_user_permi_permission_id_1fbb5f2c_fk_auth_perm FOREIGN KEY (permission_id) REFERENCES public.auth_permission(id) DEFERRABLE INITIALLY DEFERRED;


--
-- TOC entry 3564 (class 2606 OID 17330)
-- Name: auth_user_user_permissions auth_user_user_permissions_user_id_a95ead1b_fk_auth_user_id; Type: FK CONSTRAINT; Schema: public; Owner: postgres
--

ALTER TABLE ONLY public.auth_user_user_permissions
    ADD CONSTRAINT auth_user_user_permissions_user_id_a95ead1b_fk_auth_user_id FOREIGN KEY (user_id) REFERENCES public.auth_user(id) DEFERRABLE INITIALLY DEFERRED;


--
-- TOC entry 3565 (class 2606 OID 17351)
-- Name: django_admin_log django_admin_log_content_type_id_c4bce8eb_fk_django_co; Type: FK CONSTRAINT; Schema: public; Owner: postgres
--

ALTER TABLE ONLY public.django_admin_log
    ADD CONSTRAINT django_admin_log_content_type_id_c4bce8eb_fk_django_co FOREIGN KEY (content_type_id) REFERENCES public.django_content_type(id) DEFERRABLE INITIALLY DEFERRED;


--
-- TOC entry 3566 (class 2606 OID 17356)
-- Name: django_admin_log django_admin_log_user_id_c564eba6_fk_auth_user_id; Type: FK CONSTRAINT; Schema: public; Owner: postgres
--

ALTER TABLE ONLY public.django_admin_log
    ADD CONSTRAINT django_admin_log_user_id_c564eba6_fk_auth_user_id FOREIGN KEY (user_id) REFERENCES public.auth_user(id) DEFERRABLE INITIALLY DEFERRED;


--
-- TOC entry 3581 (class 2606 OID 18132)
-- Name: equipments_cnfequipmentvalue equipments_cnfequipm_n_attribute_id_2c8bc4f2_fk_general_c; Type: FK CONSTRAINT; Schema: public; Owner: postgres
--

ALTER TABLE ONLY public.equipments_cnfequipmentvalue
    ADD CONSTRAINT equipments_cnfequipm_n_attribute_id_2c8bc4f2_fk_general_c FOREIGN KEY (n_attribute_id) REFERENCES public.general_cnfattribute(id) DEFERRABLE INITIALLY DEFERRED;


--
-- TOC entry 3578 (class 2606 OID 18125)
-- Name: equipments_cnfequipment equipments_cnfequipm_n_controller_id_ff67b7b3_fk_general_c; Type: FK CONSTRAINT; Schema: public; Owner: postgres
--

ALTER TABLE ONLY public.equipments_cnfequipment
    ADD CONSTRAINT equipments_cnfequipm_n_controller_id_ff67b7b3_fk_general_c FOREIGN KEY (n_controller_id) REFERENCES public.general_cnfcontroller(id) DEFERRABLE INITIALLY DEFERRED;


--
-- TOC entry 3582 (class 2606 OID 18137)
-- Name: equipments_cnfequipmentvalue equipments_cnfequipm_n_equipment_id_046c91b9_fk_equipment; Type: FK CONSTRAINT; Schema: public; Owner: postgres
--

ALTER TABLE ONLY public.equipments_cnfequipmentvalue
    ADD CONSTRAINT equipments_cnfequipm_n_equipment_id_046c91b9_fk_equipment FOREIGN KEY (n_equipment_id) REFERENCES public.equipments_cnfequipment(id) DEFERRABLE INITIALLY DEFERRED;


--
-- TOC entry 3583 (class 2606 OID 18167)
-- Name: equipments_cnfequipmentlinkedvariable equipments_cnfequipm_n_equipment_id_3cf68812_fk_equipment; Type: FK CONSTRAINT; Schema: public; Owner: postgres
--

ALTER TABLE ONLY public.equipments_cnfequipmentlinkedvariable
    ADD CONSTRAINT equipments_cnfequipm_n_equipment_id_3cf68812_fk_equipment FOREIGN KEY (n_equipment_id) REFERENCES public.equipments_cnfequipment(id) DEFERRABLE INITIALLY DEFERRED;


--
-- TOC entry 3586 (class 2606 OID 18220)
-- Name: equipments_cnfequipmentlinkedequipment equipments_cnfequipm_n_equipment_id_4d736799_fk_equipment; Type: FK CONSTRAINT; Schema: public; Owner: postgres
--

ALTER TABLE ONLY public.equipments_cnfequipmentlinkedequipment
    ADD CONSTRAINT equipments_cnfequipm_n_equipment_id_4d736799_fk_equipment FOREIGN KEY (n_equipment_id) REFERENCES public.equipments_cnfequipment(id) DEFERRABLE INITIALLY DEFERRED;


--
-- TOC entry 3589 (class 2606 OID 18232)
-- Name: equipments_cnfequipmentlinkedword equipments_cnfequipm_n_equipment_id_efe46ca0_fk_equipment; Type: FK CONSTRAINT; Schema: public; Owner: postgres
--

ALTER TABLE ONLY public.equipments_cnfequipmentlinkedword
    ADD CONSTRAINT equipments_cnfequipm_n_equipment_id_efe46ca0_fk_equipment FOREIGN KEY (n_equipment_id) REFERENCES public.equipments_cnfequipment(id) DEFERRABLE INITIALLY DEFERRED;


--
-- TOC entry 3592 (class 2606 OID 26200)
-- Name: equipments_cnfequipmentlinkedpidvariable equipments_cnfequipm_n_equipment_id_f8d8452e_fk_equipment; Type: FK CONSTRAINT; Schema: public; Owner: postgres
--

ALTER TABLE ONLY public.equipments_cnfequipmentlinkedpidvariable
    ADD CONSTRAINT equipments_cnfequipm_n_equipment_id_f8d8452e_fk_equipment FOREIGN KEY (n_equipment_id) REFERENCES public.equipments_cnfequipment(id) DEFERRABLE INITIALLY DEFERRED;


--
-- TOC entry 3587 (class 2606 OID 18215)
-- Name: equipments_cnfequipmentlinkedequipment equipments_cnfequipm_n_equipment_link_id_40a813ac_fk_equipment; Type: FK CONSTRAINT; Schema: public; Owner: postgres
--

ALTER TABLE ONLY public.equipments_cnfequipmentlinkedequipment
    ADD CONSTRAINT equipments_cnfequipm_n_equipment_link_id_40a813ac_fk_equipment FOREIGN KEY (n_equipment_link_id) REFERENCES public.equipments_cnfequipment(id) DEFERRABLE INITIALLY DEFERRED;


--
-- TOC entry 3593 (class 2606 OID 26205)
-- Name: equipments_cnfequipmentlinkedpidvariable equipments_cnfequipm_n_role_id_2018d43c_fk_equipment; Type: FK CONSTRAINT; Schema: public; Owner: postgres
--

ALTER TABLE ONLY public.equipments_cnfequipmentlinkedpidvariable
    ADD CONSTRAINT equipments_cnfequipm_n_role_id_2018d43c_fk_equipment FOREIGN KEY (n_role_id) REFERENCES public.equipments_cnfequipmentpidvariablerole(id) DEFERRABLE INITIALLY DEFERRED;


--
-- TOC entry 3588 (class 2606 OID 18196)
-- Name: equipments_cnfequipmentlinkedequipment equipments_cnfequipm_n_role_id_50be44e1_fk_equipment; Type: FK CONSTRAINT; Schema: public; Owner: postgres
--

ALTER TABLE ONLY public.equipments_cnfequipmentlinkedequipment
    ADD CONSTRAINT equipments_cnfequipm_n_role_id_50be44e1_fk_equipment FOREIGN KEY (n_role_id) REFERENCES public.equipments_cnfequipmentrole(id) DEFERRABLE INITIALLY DEFERRED;


--
-- TOC entry 3584 (class 2606 OID 18172)
-- Name: equipments_cnfequipmentlinkedvariable equipments_cnfequipm_n_role_id_cfed317e_fk_equipment; Type: FK CONSTRAINT; Schema: public; Owner: postgres
--

ALTER TABLE ONLY public.equipments_cnfequipmentlinkedvariable
    ADD CONSTRAINT equipments_cnfequipm_n_role_id_cfed317e_fk_equipment FOREIGN KEY (n_role_id) REFERENCES public.equipments_cnfequipmentvariablerole(id) DEFERRABLE INITIALLY DEFERRED;


--
-- TOC entry 3590 (class 2606 OID 18237)
-- Name: equipments_cnfequipmentlinkedword equipments_cnfequipm_n_role_id_dab262f2_fk_equipment; Type: FK CONSTRAINT; Schema: public; Owner: postgres
--

ALTER TABLE ONLY public.equipments_cnfequipmentlinkedword
    ADD CONSTRAINT equipments_cnfequipm_n_role_id_dab262f2_fk_equipment FOREIGN KEY (n_role_id) REFERENCES public.equipments_cnfequipmentvariablerole(id) DEFERRABLE INITIALLY DEFERRED;


--
-- TOC entry 3579 (class 2606 OID 18115)
-- Name: equipments_cnfequipment equipments_cnfequipm_n_type_id_id_9c437b5e_fk_equipment; Type: FK CONSTRAINT; Schema: public; Owner: postgres
--

ALTER TABLE ONLY public.equipments_cnfequipment
    ADD CONSTRAINT equipments_cnfequipm_n_type_id_id_9c437b5e_fk_equipment FOREIGN KEY (n_type_id_id) REFERENCES public.equipments_cnfequipmenttype(id) DEFERRABLE INITIALLY DEFERRED;


--
-- TOC entry 3591 (class 2606 OID 18242)
-- Name: equipments_cnfequipmentlinkedword equipments_cnfequipm_n_variable_id_219a7389_fk_variables; Type: FK CONSTRAINT; Schema: public; Owner: postgres
--

ALTER TABLE ONLY public.equipments_cnfequipmentlinkedword
    ADD CONSTRAINT equipments_cnfequipm_n_variable_id_219a7389_fk_variables FOREIGN KEY (n_variable_id) REFERENCES public.variables_cnfvariable(id) DEFERRABLE INITIALLY DEFERRED;


--
-- TOC entry 3585 (class 2606 OID 18177)
-- Name: equipments_cnfequipmentlinkedvariable equipments_cnfequipm_n_variable_id_fcc03c3b_fk_variables; Type: FK CONSTRAINT; Schema: public; Owner: postgres
--

ALTER TABLE ONLY public.equipments_cnfequipmentlinkedvariable
    ADD CONSTRAINT equipments_cnfequipm_n_variable_id_fcc03c3b_fk_variables FOREIGN KEY (n_variable_id) REFERENCES public.variables_cnfvariable(id) DEFERRABLE INITIALLY DEFERRED;


--
-- TOC entry 3594 (class 2606 OID 26210)
-- Name: equipments_cnfequipmentlinkedpidvariable equipments_cnfequipm_n_variable_link_id_3d2e5dec_fk_variables; Type: FK CONSTRAINT; Schema: public; Owner: postgres
--

ALTER TABLE ONLY public.equipments_cnfequipmentlinkedpidvariable
    ADD CONSTRAINT equipments_cnfequipm_n_variable_link_id_3d2e5dec_fk_variables FOREIGN KEY (n_variable_link_id) REFERENCES public.variables_cnfvariable(id) DEFERRABLE INITIALLY DEFERRED;


--
-- TOC entry 3580 (class 2606 OID 18120)
-- Name: equipments_cnfequipment equipments_cnfequipment_c_user_edit_id_94cc5b56_fk_auth_user_id; Type: FK CONSTRAINT; Schema: public; Owner: postgres
--

ALTER TABLE ONLY public.equipments_cnfequipment
    ADD CONSTRAINT equipments_cnfequipment_c_user_edit_id_94cc5b56_fk_auth_user_id FOREIGN KEY (c_user_edit_id) REFERENCES public.auth_user(id) DEFERRABLE INITIALLY DEFERRED;


--
-- TOC entry 3598 (class 2606 OID 34416)
-- Name: equipments_cnfsequencelinkedequipment equipments_cnfsequen_n_equipment_id_69c5fd89_fk_equipment; Type: FK CONSTRAINT; Schema: public; Owner: postgres
--

ALTER TABLE ONLY public.equipments_cnfsequencelinkedequipment
    ADD CONSTRAINT equipments_cnfsequen_n_equipment_id_69c5fd89_fk_equipment FOREIGN KEY (n_equipment_id) REFERENCES public.equipments_cnfequipment(id) DEFERRABLE INITIALLY DEFERRED;


--
-- TOC entry 3595 (class 2606 OID 34398)
-- Name: equipments_cnfsequencelinkedvariable equipments_cnfsequen_n_equipment_id_ea318856_fk_equipment; Type: FK CONSTRAINT; Schema: public; Owner: postgres
--

ALTER TABLE ONLY public.equipments_cnfsequencelinkedvariable
    ADD CONSTRAINT equipments_cnfsequen_n_equipment_id_ea318856_fk_equipment FOREIGN KEY (n_equipment_id) REFERENCES public.equipments_cnfequipment(id) DEFERRABLE INITIALLY DEFERRED;


--
-- TOC entry 3599 (class 2606 OID 34421)
-- Name: equipments_cnfsequencelinkedequipment equipments_cnfsequen_n_equipment_link_id_6e526f67_fk_equipment; Type: FK CONSTRAINT; Schema: public; Owner: postgres
--

ALTER TABLE ONLY public.equipments_cnfsequencelinkedequipment
    ADD CONSTRAINT equipments_cnfsequen_n_equipment_link_id_6e526f67_fk_equipment FOREIGN KEY (n_equipment_link_id) REFERENCES public.equipments_cnfequipment(id) DEFERRABLE INITIALLY DEFERRED;


--
-- TOC entry 3600 (class 2606 OID 34426)
-- Name: equipments_cnfsequencelinkedequipment equipments_cnfsequen_n_role_id_0a08cd5e_fk_equipment; Type: FK CONSTRAINT; Schema: public; Owner: postgres
--

ALTER TABLE ONLY public.equipments_cnfsequencelinkedequipment
    ADD CONSTRAINT equipments_cnfsequen_n_role_id_0a08cd5e_fk_equipment FOREIGN KEY (n_role_id) REFERENCES public.equipments_cnfsequencerole(id) DEFERRABLE INITIALLY DEFERRED;


--
-- TOC entry 3596 (class 2606 OID 34403)
-- Name: equipments_cnfsequencelinkedvariable equipments_cnfsequen_n_role_id_2f60d30d_fk_equipment; Type: FK CONSTRAINT; Schema: public; Owner: postgres
--

ALTER TABLE ONLY public.equipments_cnfsequencelinkedvariable
    ADD CONSTRAINT equipments_cnfsequen_n_role_id_2f60d30d_fk_equipment FOREIGN KEY (n_role_id) REFERENCES public.equipments_cnfsequencerole(id) DEFERRABLE INITIALLY DEFERRED;


--
-- TOC entry 3597 (class 2606 OID 42569)
-- Name: equipments_cnfsequencelinkedvariable equipments_cnfsequen_n_variable_link_id_59a596da_fk_variables; Type: FK CONSTRAINT; Schema: public; Owner: postgres
--

ALTER TABLE ONLY public.equipments_cnfsequencelinkedvariable
    ADD CONSTRAINT equipments_cnfsequen_n_variable_link_id_59a596da_fk_variables FOREIGN KEY (n_variable_link_id) REFERENCES public.variables_cnfvariable(id) DEFERRABLE INITIALLY DEFERRED;


--
-- TOC entry 3567 (class 2606 OID 17874)
-- Name: modules_cnfmodule modules_cnfmodule_c_user_edit_id_5640326a_fk_auth_user_id; Type: FK CONSTRAINT; Schema: public; Owner: postgres
--

ALTER TABLE ONLY public.modules_cnfmodule
    ADD CONSTRAINT modules_cnfmodule_c_user_edit_id_5640326a_fk_auth_user_id FOREIGN KEY (c_user_edit_id) REFERENCES public.auth_user(id) DEFERRABLE INITIALLY DEFERRED;


--
-- TOC entry 3568 (class 2606 OID 17879)
-- Name: modules_cnfmodule modules_cnfmodule_n_controller_id_8ae6204b_fk_general_c; Type: FK CONSTRAINT; Schema: public; Owner: postgres
--

ALTER TABLE ONLY public.modules_cnfmodule
    ADD CONSTRAINT modules_cnfmodule_n_controller_id_8ae6204b_fk_general_c FOREIGN KEY (n_controller_id) REFERENCES public.general_cnfcontroller(id) DEFERRABLE INITIALLY DEFERRED;


--
-- TOC entry 3569 (class 2606 OID 17911)
-- Name: modules_cnfmodulevalue modules_cnfmoduleval_n_attribute_id_c2f2bd71_fk_general_c; Type: FK CONSTRAINT; Schema: public; Owner: postgres
--

ALTER TABLE ONLY public.modules_cnfmodulevalue
    ADD CONSTRAINT modules_cnfmoduleval_n_attribute_id_c2f2bd71_fk_general_c FOREIGN KEY (n_attribute_id) REFERENCES public.general_cnfattribute(id) DEFERRABLE INITIALLY DEFERRED;


--
-- TOC entry 3570 (class 2606 OID 17891)
-- Name: modules_cnfmodulevalue modules_cnfmoduleval_n_module_id_008132f8_fk_modules_c; Type: FK CONSTRAINT; Schema: public; Owner: postgres
--

ALTER TABLE ONLY public.modules_cnfmodulevalue
    ADD CONSTRAINT modules_cnfmoduleval_n_module_id_008132f8_fk_modules_c FOREIGN KEY (n_module_id) REFERENCES public.modules_cnfmodule(id) DEFERRABLE INITIALLY DEFERRED;


--
-- TOC entry 3576 (class 2606 OID 17971)
-- Name: variables_cnfvariablevalue variables_cnfvariabl_n_attribute_id_cbc98400_fk_general_c; Type: FK CONSTRAINT; Schema: public; Owner: postgres
--

ALTER TABLE ONLY public.variables_cnfvariablevalue
    ADD CONSTRAINT variables_cnfvariabl_n_attribute_id_cbc98400_fk_general_c FOREIGN KEY (n_attribute_id) REFERENCES public.general_cnfattribute(id) DEFERRABLE INITIALLY DEFERRED;


--
-- TOC entry 3571 (class 2606 OID 17964)
-- Name: variables_cnfvariable variables_cnfvariabl_n_controller_id_50964e64_fk_general_c; Type: FK CONSTRAINT; Schema: public; Owner: postgres
--

ALTER TABLE ONLY public.variables_cnfvariable
    ADD CONSTRAINT variables_cnfvariabl_n_controller_id_50964e64_fk_general_c FOREIGN KEY (n_controller_id) REFERENCES public.general_cnfcontroller(id) DEFERRABLE INITIALLY DEFERRED;


--
-- TOC entry 3572 (class 2606 OID 17986)
-- Name: variables_cnfvariable variables_cnfvariabl_n_module_id_id_41b64551_fk_modules_c; Type: FK CONSTRAINT; Schema: public; Owner: postgres
--

ALTER TABLE ONLY public.variables_cnfvariable
    ADD CONSTRAINT variables_cnfvariabl_n_module_id_id_41b64551_fk_modules_c FOREIGN KEY (n_module_id_id) REFERENCES public.modules_cnfmodule(id) DEFERRABLE INITIALLY DEFERRED;


--
-- TOC entry 3573 (class 2606 OID 17949)
-- Name: variables_cnfvariable variables_cnfvariabl_n_variable_data_type_8dc4e985_fk_variables; Type: FK CONSTRAINT; Schema: public; Owner: postgres
--

ALTER TABLE ONLY public.variables_cnfvariable
    ADD CONSTRAINT variables_cnfvariabl_n_variable_data_type_8dc4e985_fk_variables FOREIGN KEY (n_variable_data_type_id) REFERENCES public.variables_cnfvariabledatatype(id) DEFERRABLE INITIALLY DEFERRED;


--
-- TOC entry 3577 (class 2606 OID 17976)
-- Name: variables_cnfvariablevalue variables_cnfvariabl_n_variable_id_cd3f17ff_fk_variables; Type: FK CONSTRAINT; Schema: public; Owner: postgres
--

ALTER TABLE ONLY public.variables_cnfvariablevalue
    ADD CONSTRAINT variables_cnfvariabl_n_variable_id_cd3f17ff_fk_variables FOREIGN KEY (n_variable_id) REFERENCES public.variables_cnfvariable(id) DEFERRABLE INITIALLY DEFERRED;


--
-- TOC entry 3574 (class 2606 OID 17954)
-- Name: variables_cnfvariable variables_cnfvariabl_n_variable_type_id_9afc130d_fk_variables; Type: FK CONSTRAINT; Schema: public; Owner: postgres
--

ALTER TABLE ONLY public.variables_cnfvariable
    ADD CONSTRAINT variables_cnfvariabl_n_variable_type_id_9afc130d_fk_variables FOREIGN KEY (n_variable_type_id) REFERENCES public.variables_cnfvariabletype(id) DEFERRABLE INITIALLY DEFERRED;


--
-- TOC entry 3575 (class 2606 OID 17959)
-- Name: variables_cnfvariable variables_cnfvariable_c_user_edit_id_db8ae3de_fk_auth_user_id; Type: FK CONSTRAINT; Schema: public; Owner: postgres
--

ALTER TABLE ONLY public.variables_cnfvariable
    ADD CONSTRAINT variables_cnfvariable_c_user_edit_id_db8ae3de_fk_auth_user_id FOREIGN KEY (c_user_edit_id) REFERENCES public.auth_user(id) DEFERRABLE INITIALLY DEFERRED;


-- Completed on 2024-11-20 10:51:42

--
-- PostgreSQL database dump complete
--

